CustomerID,Recency,Frequency,Monetary,TotalQuantity,Country,AvgOrderValue,Cluster,DBSCAN,Agglomerative,Segment_Name,Business_Recommendation,PC1,PC2
12346.0,326,1,77183.6,74215,35,77183.6,1,-1,3,High Value Loyal,"Offer VIP rewards, exclusive products, and premium membership.",25.66747744942356,27.886558575931268
12347.0,2,7,4310.0,2458,16,615.7142857142857,2,0,0,Occasional Customer,Send personalized emails and re-engagement campaigns.,0.7857814528261302,-0.027557234101580577
12348.0,75,4,1797.24,2341,12,449.31,0,0,0,At Risk,Provide special discounts and win-back offers.,0.32650956508381757,0.6837220132218349
12349.0,19,1,1757.55,631,18,1757.55,0,0,0,At Risk,Provide special discounts and win-back offers.,0.2096765875604624,0.6353826687225929
12350.0,310,1,334.4,197,24,334.4,0,0,2,At Risk,Provide special discounts and win-back offers.,-0.6996211469591558,1.8918740997137744
12352.0,36,8,2506.04,536,24,313.255,2,0,0,Occasional Customer,Send personalized emails and re-engagement campaigns.,0.32406794148966644,-0.2901431653786863
12353.0,204,1,89.0,20,2,89.0,0,0,2,At Risk,Provide special discounts and win-back offers.,-0.40607111699867815,1.8885744767180643
12354.0,232,1,1079.4,530,30,1079.4,0,0,2,At Risk,Provide special discounts and win-back offers.,-0.4148429063735778,1.4050177504577073
12355.0,214,1,459.4,240,2,459.4,0,0,2,At Risk,Provide special discounts and win-back offers.,-0.3105440209009983,2.0793320571172105
12356.0,23,3,2811.43,1591,26,937.1433333333332,2,0,0,Occasional Customer,Send personalized emails and re-engagement campaigns.,0.2878651870185253,0.03989907109725716
12357.0,33,1,6207.67,2708,32,6207.67,0,0,0,At Risk,Provide special discounts and win-back offers.,1.3376942266730558,1.708667952508268
12358.0,2,2,1168.06,248,1,584.03,0,0,0,At Risk,Provide special discounts and win-back offers.,0.16852006930973948,0.6943425939177327
12359.0,58,4,6372.58,1622,7,1593.145,0,0,0,At Risk,Provide special discounts and win-back offers.,0.8050358882971929,1.1409003786128373
12360.0,52,3,2662.06,1165,1,887.3533333333334,0,0,0,At Risk,Provide special discounts and win-back offers.,0.3990522406676067,1.1014080469935832
12361.0,287,1,189.9,91,3,189.9,0,0,2,At Risk,Provide special discounts and win-back offers.,-0.5183782424945257,2.440167846974661
12362.0,3,10,5226.23,2229,3,522.6229999999999,2,0,0,Occasional Customer,Send personalized emails and re-engagement campaigns.,1.0908080824875006,0.2577753177448466
12363.0,110,2,552.0,408,36,276.0,2,0,0,Occasional Customer,Send personalized emails and re-engagement campaigns.,-0.3965911435811906,0.06375542410356731
12364.0,8,4,1313.1,1506,3,328.275,2,0,0,Occasional Customer,Send personalized emails and re-engagement campaigns.,0.36800032240991987,0.5000436971352501
12365.0,291,2,641.38,174,7,320.69,0,0,2,At Risk,Provide special discounts and win-back offers.,-0.4428144552547394,2.3171840232102903
12367.0,4,1,168.9,173,9,168.9,2,0,0,Occasional Customer,Send personalized emails and re-engagement campaigns.,-0.10762554803842603,0.3339057975926196
12370.0,51,4,3545.69,2353,7,886.4225,0,0,0,At Risk,Provide special discounts and win-back offers.,0.5991007864380926,0.8575409919916006
12371.0,45,2,1887.96,591,32,943.98,2,0,0,Occasional Customer,Send personalized emails and re-engagement campaigns.,-0.034538078850541255,-5.693935312404071e-05
12372.0,72,3,1298.04,794,9,432.68,0,0,0,At Risk,Provide special discounts and win-back offers.,0.08616148683847186,0.7853667047616923
12373.0,311,1,364.6,197,1,364.6,0,0,2,At Risk,Provide special discounts and win-back offers.,-0.4863546029797113,2.7302013520055572
12374.0,25,1,742.9300000000001,342,1,742.9300000000001,0,0,0,At Risk,Provide special discounts and win-back offers.,0.08378123238184006,0.948846565199222
12375.0,11,2,457.5,178,12,228.75,2,0,0,Occasional Customer,Send personalized emails and re-engagement campaigns.,-0.059458869183329946,0.2412755292308264
12377.0,315,2,1628.12,944,32,814.06,0,0,2,At Risk,Provide special discounts and win-back offers.,-0.47137976175790286,1.763138530249472
12378.0,130,1,4008.62,2529,32,4008.62,0,0,2,At Risk,Provide special discounts and win-back offers.,0.647215732498652,1.6398183049167445
12379.0,82,2,852.24,407,3,426.12,0,0,2,At Risk,Provide special discounts and win-back offers.,-0.008222891621342482,1.1064406896010732
12380.0,22,4,2724.81,1127,3,681.2025,0,0,0,At Risk,Provide special discounts and win-back offers.,0.4521335618937297,0.7113128919064234
12381.0,5,5,1845.31,808,24,369.062,2,0,0,Occasional Customer,Send personalized emails and re-engagement campaigns.,0.20067446929238855,-0.3192064884435459
12383.0,185,5,1850.56,1532,3,370.112,0,0,2,At Risk,Provide special discounts and win-back offers.,0.18234475746840895,1.6451934243918542
12384.0,29,2,585.27,126,32,292.635,2,0,0,Occasional Customer,Send personalized emails and re-engagement campaigns.,-0.256510544959399,-0.33304854293710995
12386.0,338,2,401.9,354,0,200.95,0,0,2,At Risk,Provide special discounts and win-back offers.,-0.4707343269523869,2.844040652834768
12388.0,16,6,2780.66,1462,0,463.4433333333333,2,0,0,Occasional Customer,Send personalized emails and re-engagement campaigns.,0.6096115207269829,0.6092997087337616
12390.0,80,1,549.84,353,3,549.84,0,0,2,At Risk,Provide special discounts and win-back offers.,-0.06742652465414593,1.1817116908554568
12391.0,22,1,460.89,300,7,460.89,0,0,0,At Risk,Provide special discounts and win-back offers.,-0.03609868166162711,0.6223185789229286
12393.0,72,4,1582.6,816,0,395.65,0,0,0,At Risk,Provide special discounts and win-back offers.,0.23962292000617874,1.0447728279114172
12394.0,64,2,1272.48,819,3,636.24,0,0,0,At Risk,Provide special discounts and win-back offers.,0.1315130588895263,1.0643944103240996
12395.0,19,12,3018.63,2118,3,251.5525,2,0,0,Occasional Customer,Send personalized emails and re-engagement campaigns.,0.9775053270741147,0.14702417874000545
12397.0,36,2,2409.9,1263,3,1204.95,0,0,0,At Risk,Provide special discounts and win-back offers.,0.3980102114190821,1.0760646666314413
12398.0,46,1,1635.66,1394,32,1635.66,2,0,0,Occasional Customer,Send personalized emails and re-engagement campaigns.,0.09954938551144629,0.2900086225914845
12399.0,119,4,1108.65,1178,3,277.1625,0,0,2,At Risk,Provide special discounts and win-back offers.,0.12745588005984096,1.215722555507989
12401.0,303,1,84.3,11,3,84.3,0,0,2,At Risk,Provide special discounts and win-back offers.,-0.5782846445746036,2.5111266856573806
12402.0,323,1,225.6,94,3,225.6,0,0,2,At Risk,Provide special discounts and win-back offers.,-0.5682778402464163,2.6917770836875543
12403.0,50,1,427.7,96,9,427.7,0,0,0,At Risk,Provide special discounts and win-back offers.,-0.13115786743503363,0.722918560355288
12405.0,149,1,1710.39,857,12,1710.39,0,0,2,At Risk,Provide special discounts and win-back offers.,0.06773289244806614,1.7054111779677348
12406.0,22,2,3415.3,1818,9,1707.65,0,0,0,At Risk,Provide special discounts and win-back offers.,0.580756527204592,0.946704253552483
12407.0,50,5,1708.12,1416,3,341.624,0,0,0,At Risk,Provide special discounts and win-back offers.,0.37441853582671675,0.7326507533794145
12408.0,33,5,2888.55,1409,3,577.71,0,0,0,At Risk,Provide special discounts and win-back offers.,0.5175829693013863,0.7052673877969465
12409.0,79,3,11072.67,5551,32,3690.89,0,0,0,At Risk,Provide special discounts and win-back offers.,1.6017805881678657,1.2213341949802614
12410.0,309,2,693.3299999999999,211,32,346.665,0,0,2,At Risk,Provide special discounts and win-back offers.,-0.6859967762732059,1.5532045377510806
12412.0,75,3,1226.88,829,9,408.96,0,0,0,At Risk,Provide special discounts and win-back offers.,0.07674552029484766,0.7978607797164987
12413.0,67,3,758.1,286,13,252.7,0,0,0,At Risk,Provide special discounts and win-back offers.,-0.06619292067877998,0.537572681388193
12414.0,217,3,562.41,300,1,187.47,0,0,2,At Risk,Provide special discounts and win-back offers.,-0.22377104495987993,1.9441570595707502
12415.0,24,21,124914.53,77374,0,5948.310952380953,3,-1,1,Frequent Buyer,Recommend complementary products and loyalty rewards.,19.13725195095068,4.249951572243221
12417.0,3,9,3649.1,1552,3,405.4555555555555,2,0,0,Occasional Customer,Send personalized emails and re-engagement campaigns.,0.8326748944749149,0.2460931159431849
12418.0,113,1,668.58,407,32,668.58,0,0,0,At Risk,Provide special discounts and win-back offers.,-0.34927672020807365,0.4048888082051291
12420.0,64,1,600.39,345,7,600.39,0,0,0,At Risk,Provide special discounts and win-back offers.,-0.06671369000211197,0.9483316751513163
12421.0,16,4,807.04,484,30,201.76,2,0,0,Occasional Customer,Send personalized emails and re-engagement campaigns.,-0.061937667584412534,-0.47554036411917744
12422.0,96,3,803.5600000000001,370,0,267.8533333333333,0,0,2,At Risk,Provide special discounts and win-back offers.,0.01938389438917424,1.2022400907643074
12423.0,1,8,1859.31,1339,3,232.41375,2,0,0,Occasional Customer,Send personalized emails and re-engagement campaigns.,0.6085345530807005,0.21013039086487845
12424.0,163,2,1760.96,740,0,880.48,0,0,2,At Risk,Provide special discounts and win-back offers.,0.06113295222973939,1.9116674510607685
12425.0,78,1,777.2,496,26,777.2,0,0,0,At Risk,Provide special discounts and win-back offers.,-0.20249011470287587,0.4228189140071712
12426.0,195,1,582.73,258,14,582.73,0,0,2,At Risk,Provide special discounts and win-back offers.,-0.357287834197463,1.564139454052342
12427.0,22,3,825.8,533,14,275.26666666666665,2,0,0,Occasional Customer,Send personalized emails and re-engagement campaigns.,0.034864754086397116,0.2142715550126798
12428.0,26,9,7956.46,3536,12,884.0511111111111,2,0,0,Occasional Customer,Send personalized emails and re-engagement campaigns.,1.3047687827012862,0.309217689043364
12429.0,9,4,3750.4,1557,9,937.6,2,0,0,Occasional Customer,Send personalized emails and re-engagement campaigns.,0.5787082445846841,0.5092192115142878
12430.0,43,1,256.4,117,24,256.4,2,0,0,Occasional Customer,Send personalized emails and re-engagement campaigns.,-0.29276826546824974,0.0851675091717283
12431.0,36,15,6487.45,2906,0,432.4966666666666,2,0,0,Occasional Customer,Send personalized emails and re-engagement campaigns.,1.4962112125913702,0.3128136503914359
12432.0,43,5,5059.32,1801,24,1011.864,2,0,0,Occasional Customer,Send personalized emails and re-engagement campaigns.,0.5710127711693199,0.18720074229893677
12433.0,1,7,13375.87,11071,24,1910.838571428572,2,-1,0,Occasional Customer,Send personalized emails and re-engagement campaigns.,2.52274695880146,0.3408343577774333
12434.0,85,2,806.14,394,0,403.07,0,0,2,At Risk,Provide special discounts and win-back offers.,0.005635263991285757,1.2256976378467317
12435.0,80,2,7829.89,2055,9,3914.945,0,0,0,At Risk,Provide special discounts and win-back offers.,1.1712146988567123,2.0751152591284825
12436.0,100,1,509.01,211,24,509.01,0,0,2,At Risk,Provide special discounts and win-back offers.,-0.315757470681474,0.5487292346994463
12437.0,2,18,4951.41,2922,13,275.0783333333333,2,0,0,Occasional Customer,Send personalized emails and re-engagement campaigns.,1.4815134104588545,-0.6048173551717335
12438.0,14,2,2906.85,1180,24,1453.425,2,0,0,Occasional Customer,Send personalized emails and re-engagement campaigns.,0.3083468750138655,0.26042233349837807
12441.0,367,1,173.55,121,13,173.55,0,0,2,At Risk,Provide special discounts and win-back offers.,-0.7392022561821561,2.6114143496978346
12442.0,3,1,172.06,182,30,172.06,2,0,0,Occasional Customer,Send personalized emails and re-engagement campaigns.,-0.29400541765700566,-0.42198090983440384
12444.0,21,5,5005.46,1153,24,1001.092,2,0,0,Occasional Customer,Send personalized emails and re-engagement campaigns.,0.5261679848331097,0.02439948215221197
12445.0,22,1,133.4,62,30,133.4,2,0,0,Occasional Customer,Send personalized emails and re-engagement campaigns.,-0.3478591327117904,-0.310099306066371
12446.0,58,1,1002.31,351,27,1002.31,0,0,0,At Risk,Provide special discounts and win-back offers.,-0.1434493004356141,0.3239211407928249
12447.0,243,1,476.49,190,3,476.49,0,0,2,At Risk,Provide special discounts and win-back offers.,-0.3685874396499508,2.24151691491841
12448.0,44,1,449.45,243,30,449.45,2,0,0,Occasional Customer,Send personalized emails and re-engagement campaigns.,-0.28903630012278636,-0.057679629894466906
12449.0,22,4,4067.29,1553,3,1016.8225,0,0,0,At Risk,Provide special discounts and win-back offers.,0.6452088685187856,0.8382887001692964
12450.0,156,2,197.88,128,30,98.94,0,0,2,At Risk,Provide special discounts and win-back offers.,-0.5024597244401839,0.5203963403413752
12451.0,11,5,9035.52,6575,32,1807.104,2,0,0,Occasional Customer,Send personalized emails and re-engagement campaigns.,1.497524234036794,0.06792049385369164
12452.0,17,2,430.57,185,32,215.285,2,0,0,Occasional Customer,Send personalized emails and re-engagement campaigns.,-0.25316502471424607,-0.4377707609842869
12453.0,134,1,707.09,473,1,707.09,0,0,2,At Risk,Provide special discounts and win-back offers.,-0.08663622848179135,1.6663514489112943
12454.0,56,1,3528.34,1006,30,3528.34,0,0,0,At Risk,Provide special discounts and win-back offers.,0.49683062906935316,1.033737824027582
12455.0,73,6,2466.86,2089,30,411.1433333333334,2,0,0,Occasional Customer,Send personalized emails and re-engagement campaigns.,0.28948143963470563,-0.09051760580138664
12456.0,44,3,3181.04,1633,32,1060.3466666666666,2,0,0,Occasional Customer,Send personalized emails and re-engagement campaigns.,0.24905507654309705,0.008690917693573512
12457.0,66,7,2363.23,843,32,337.6042857142857,2,0,0,Occasional Customer,Send personalized emails and re-engagement campaigns.,0.17617214785627608,-0.31015406960883124
12458.0,71,2,947.4,506,32,473.7,2,0,0,Occasional Customer,Send personalized emails and re-engagement campaigns.,-0.2267432330768032,0.014583568053979168
12461.0,94,2,826.88,287,32,413.44,2,0,0,Occasional Customer,Send personalized emails and re-engagement campaigns.,-0.30755521113856266,0.14365620998433506
12462.0,19,2,1189.59,536,30,594.795,2,0,0,Occasional Customer,Send personalized emails and re-engagement campaigns.,-0.08453876751818265,-0.21958942484576416
12463.0,53,4,1344.78,776,3,336.195,0,0,0,At Risk,Provide special discounts and win-back offers.,0.21333544153077738,0.7890831851378066
12464.0,10,8,1212.05,112,3,151.50625,2,0,0,Occasional Customer,Send personalized emails and re-engagement campaigns.,0.39563072012897765,0.21503129338639665
12465.0,17,2,742.1899999999999,479,3,371.095,0,0,0,At Risk,Provide special discounts and win-back offers.,0.08949240312081815,0.6560991234686833
12468.0,188,2,729.5400000000001,366,14,364.77,0,0,2,At Risk,Provide special discounts and win-back offers.,-0.30309156815514066,1.3987449167514932
12471.0,2,30,19824.05,8212,14,660.8016666666666,2,-1,0,Occasional Customer,Send personalized emails and re-engagement campaigns.,3.806071681652947,-0.9150868428722381
12472.0,32,7,6572.11,4148,14,938.8728571428572,2,0,0,Occasional Customer,Send personalized emails and re-engagement campaigns.,1.152732232781102,0.40016646488092106
12473.0,29,5,3938.55,2439,14,787.7099999999999,2,0,0,Occasional Customer,Send personalized emails and re-engagement campaigns.,0.6478750439939617,0.38150610162140364
12474.0,17,18,7375.79,4847,14,409.7661111111111,2,0,0,Occasional Customer,Send personalized emails and re-engagement campaigns.,1.8519889381038568,-0.4373209463172334
12475.0,54,1,723.38,535,14,723.38,0,0,0,At Risk,Provide special discounts and win-back offers.,-0.06299548219692001,0.674938214425992
12476.0,16,11,6816.42,2408,14,619.6745454545454,2,0,0,Occasional Customer,Send personalized emails and re-engagement campaigns.,1.1679687215785541,-0.05251343957898045
12477.0,23,6,13219.74,3653,14,2203.29,2,0,0,Occasional Customer,Send personalized emails and re-engagement campaigns.,1.696712743211912,0.8490714798322531
12478.0,4,1,680.99,236,15,680.99,2,0,0,Occasional Customer,Send personalized emails and re-engagement campaigns.,-0.035324710691932985,0.286520068793345
12479.0,11,1,527.2,385,14,527.2,2,0,0,Occasional Customer,Send personalized emails and re-engagement campaigns.,-0.05615277018497183,0.32192512156798236
12480.0,28,4,3281.63,1707,14,820.4075,2,0,0,Occasional Customer,Send personalized emails and re-engagement campaigns.,0.46992286093325225,0.41850430875820027
12481.0,23,10,5596.32,3304,14,559.632,2,0,0,Occasional Customer,Send personalized emails and re-engagement campaigns.,1.1140804318788617,0.03366959633225843
12483.0,17,8,2484.98,1110,31,310.6225,2,0,0,Occasional Customer,Send personalized emails and re-engagement campaigns.,0.3566219214856391,-0.6571661948224323
12484.0,33,6,4541.72,2191,30,756.9533333333334,2,0,0,Occasional Customer,Send personalized emails and re-engagement campaigns.,0.5592651757396329,-0.2256441070042728
12488.0,10,3,1298.66,529,13,432.8866666666667,2,0,0,Occasional Customer,Send personalized emails and re-engagement campaigns.,0.12013367443068423,0.2241884678939005
12489.0,336,1,334.93,105,13,334.93,0,0,2,At Risk,Provide special discounts and win-back offers.,-0.6530711136770722,2.4567129988831122
12490.0,5,10,5417.93,3064,13,541.793,2,0,0,Occasional Customer,Send personalized emails and re-engagement campaigns.,1.109913605338133,-0.06252875068248946
12491.0,39,1,460.4,260,13,460.4,0,0,0,At Risk,Provide special discounts and win-back offers.,-0.12274011947929529,0.5203318265664316
12492.0,63,2,263.21000000000004,192,14,131.60500000000002,0,0,0,At Risk,Provide special discounts and win-back offers.,-0.18941736225739322,0.4842776226852029
12493.0,166,2,433.74,207,13,216.87,0,0,2,At Risk,Provide special discounts and win-back offers.,-0.32078965150996336,1.2354184377693893
12494.0,16,7,1246.1,707,13,178.01428571428573,2,0,0,Occasional Customer,Send personalized emails and re-engagement campaigns.,0.3140314777694544,-0.02853472539573469
12497.0,82,1,1043.1,1236,14,1043.1,0,0,0,At Risk,Provide special discounts and win-back offers.,0.04736618705810836,0.978344764101708
12498.0,21,3,403.7000000000001,159,14,134.5666666666667,2,0,0,Occasional Customer,Send personalized emails and re-engagement campaigns.,-0.05802111511998164,0.15212535105662062
12500.0,23,11,4257.82,2678,14,387.07454545454544,2,0,0,Occasional Customer,Send personalized emails and re-engagement campaigns.,0.9826632844405322,-0.09979292742259403
12501.0,337,1,2169.39,1783,14,2169.39,0,0,2,At Risk,Provide special discounts and win-back offers.,-0.041665350090741286,3.0533240750811523
12502.0,96,5,3723.87,820,30,744.774,2,0,0,Occasional Customer,Send personalized emails and re-engagement campaigns.,0.18494406652089243,0.2102485171958402
12504.0,18,2,482.05,90,14,241.025,2,0,0,Occasional Customer,Send personalized emails and re-engagement campaigns.,-0.0954942829774114,0.21891443491725449
12506.0,233,1,73.5,23,13,73.5,0,0,2,At Risk,Provide special discounts and win-back offers.,-0.5559154273720707,1.6838648837006005
12507.0,134,3,1304.81,894,30,434.93666666666667,0,0,0,At Risk,Provide special discounts and win-back offers.,-0.19203492007548956,0.45093429885826014
12508.0,26,2,398.27,272,13,199.135,2,0,0,Occasional Customer,Send personalized emails and re-engagement campaigns.,-0.0907875886240646,0.2974175577988969
12509.0,284,1,176.5,55,13,176.5,0,0,2,At Risk,Provide special discounts and win-back offers.,-0.6111775356112059,2.057811125047561
12510.0,143,2,982.57,353,30,491.285,0,0,2,At Risk,Provide special discounts and win-back offers.,-0.3383334848997738,0.5690257690154304
12512.0,66,2,138.03,99,17,69.015,0,0,0,At Risk,Provide special discounts and win-back offers.,-0.250857135806,0.3744158147334768
12513.0,113,1,612.29,462,13,612.29,0,0,2,At Risk,Provide special discounts and win-back offers.,-0.1842734621188958,1.0666421194692444
12514.0,267,1,1017.68,440,18,1017.68,0,0,2,At Risk,Provide special discounts and win-back offers.,-0.3881528717809569,2.045467785783216
12515.0,353,1,383.7,131,18,383.7,0,0,2,At Risk,Provide special discounts and win-back offers.,-0.7115366267129345,2.4076559519526173
12516.0,78,2,1312.06,875,14,656.03,0,0,0,At Risk,Provide special discounts and win-back offers.,0.021729584274801216,0.7723167367893511
12517.0,28,5,2502.84,1371,14,500.568,2,0,0,Occasional Customer,Send personalized emails and re-engagement campaigns.,0.383876330195129,0.250019129444766
12518.0,1,5,2056.89,1318,14,411.378,2,0,0,Occasional Customer,Send personalized emails and re-engagement campaigns.,0.37768836257267746,0.03650726930708383
12519.0,64,1,340.84,183,14,340.84,0,0,0,At Risk,Provide special discounts and win-back offers.,-0.20922452866845845,0.6110905373212051
12520.0,79,5,2634.26,1439,14,526.8520000000001,0,0,0,At Risk,Provide special discounts and win-back offers.,0.3217735393433193,0.6008724648170194
12521.0,143,1,599.68,309,14,599.68,0,0,2,At Risk,Provide special discounts and win-back offers.,-0.26282961280549105,1.223934524522984
12522.0,39,2,192.72,194,14,96.36,2,0,0,Occasional Customer,Send personalized emails and re-engagement campaigns.,-0.16064060918650094,0.3125480002040145
12523.0,19,11,1789.77,865,13,162.70636363636365,2,0,0,Occasional Customer,Send personalized emails and re-engagement campaigns.,0.5894281632176817,-0.22042007270086134
12524.0,9,8,4485.72,3699,14,560.715,2,0,0,Occasional Customer,Send personalized emails and re-engagement campaigns.,0.9962008853867842,0.04460385871278485
12526.0,1,3,1316.66,632,14,438.8866666666667,2,0,0,Occasional Customer,Send personalized emails and re-engagement campaigns.,0.1398848833500273,0.13246294016462912
12527.0,82,3,348.71000000000004,234,14,116.23666666666668,0,0,0,At Risk,Provide special discounts and win-back offers.,-0.1551764909357313,0.5538822424027476
12528.0,9,6,1933.48,756,14,322.24666666666667,2,0,0,Occasional Customer,Send personalized emails and re-engagement campaigns.,0.33366058598826864,-0.0038661423577358413
12530.0,60,4,1662.28,913,14,415.57,0,0,0,At Risk,Provide special discounts and win-back offers.,0.1524126574480847,0.47338797124537463
12531.0,15,1,125.22,45,14,125.22,2,0,0,Occasional Customer,Send personalized emails and re-engagement campaigns.,-0.1957523966346935,0.21200965885934125
12532.0,30,1,349.83000000000004,153,13,349.83000000000004,0,0,0,At Risk,Provide special discounts and win-back offers.,-0.1462762756445151,0.42251133251954653
12534.0,131,1,1089.18,651,14,1089.18,0,0,2,At Risk,Provide special discounts and win-back offers.,-0.08961183613868233,1.3088978536496627
12535.0,92,2,716.35,219,13,358.175,0,0,0,At Risk,Provide special discounts and win-back offers.,-0.15694900905997258,0.7895272075401116
12536.0,43,3,12601.830000000002,2803,13,4200.610000000001,0,0,0,At Risk,Provide special discounts and win-back offers.,1.6975289624482068,1.7839543787528902
12538.0,29,1,363.95,191,30,363.95,2,0,0,Occasional Customer,Send personalized emails and re-engagement campaigns.,-0.29058383592157544,-0.18634381466837435
12539.0,22,4,5568.35,2067,30,1392.0875,2,0,0,Occasional Customer,Send personalized emails and re-engagement campaigns.,0.6214574607837567,0.016156618166664423
12540.0,20,17,13400.24,6685,30,788.2494117647059,2,0,0,Occasional Customer,Send personalized emails and re-engagement campaigns.,2.313885208550239,-0.7204097493159447
12541.0,30,3,981.18,680,30,327.06,2,0,0,Occasional Customer,Send personalized emails and re-engagement campaigns.,-0.08687355669165155,-0.28354176978768986
12544.0,36,1,372.7,136,30,372.7,2,0,0,Occasional Customer,Send personalized emails and re-engagement campaigns.,-0.3063265482997051,-0.13788170780110187
12545.0,75,2,1000.39,523,30,500.195,2,0,0,Occasional Customer,Send personalized emails and re-engagement campaigns.,-0.20530933157396192,0.12188761911935245
12546.0,47,2,1161.5,633,30,580.75,2,0,0,Occasional Customer,Send personalized emails and re-engagement campaigns.,-0.12299115849045635,-0.035792384446115856
12547.0,198,2,207.8,134,30,103.9,0,0,2,At Risk,Provide special discounts and win-back offers.,-0.5686035924410221,0.8021567535477292
12548.0,166,1,95.2,49,30,95.2,0,0,2,At Risk,Provide special discounts and win-back offers.,-0.592496210893959,0.6372530371459665
12550.0,79,1,964.83,569,30,964.83,0,0,0,At Risk,Provide special discounts and win-back offers.,-0.1881054020672736,0.34868571004112636
12551.0,358,1,168.0,100,30,168.0,0,0,2,At Risk,Provide special discounts and win-back offers.,-0.8819336571287285,1.941746007100008
12552.0,39,2,437.82,88,18,218.91,2,0,0,Occasional Customer,Send personalized emails and re-engagement campaigns.,-0.1726210632654847,0.20854923257345748
12553.0,8,10,3692.28,1965,13,369.228,2,0,0,Occasional Customer,Send personalized emails and re-engagement campaigns.,0.8361876092316165,-0.1349539427281075
12556.0,50,2,603.71,358,30,301.855,2,0,0,Occasional Customer,Send personalized emails and re-engagement campaigns.,-0.2428817439823843,-0.11413342499215832
12557.0,16,5,11990.96,4384,30,2398.192,2,0,0,Occasional Customer,Send personalized emails and re-engagement campaigns.,1.5440303883787618,0.34694320401643364
12558.0,8,1,269.96,196,33,269.96,2,0,0,Occasional Customer,Send personalized emails and re-engagement campaigns.,-0.3048348863795009,-0.4638836598015312
12559.0,311,2,561.71,283,14,280.855,0,0,2,At Risk,Provide special discounts and win-back offers.,-0.5378010677060802,2.1891234501919348
12560.0,5,3,2134.01,1110,14,711.3366666666667,2,0,0,Occasional Customer,Send personalized emails and re-engagement campaigns.,0.28777221548707904,0.26191914518813575
12561.0,303,1,238.85,177,14,238.85,0,0,2,At Risk,Provide special discounts and win-back offers.,-0.6224260966607088,2.1712296221569316
12562.0,8,7,3781.74,1779,13,540.2485714285715,2,0,0,Occasional Customer,Send personalized emails and re-engagement campaigns.,0.6772155994729483,0.0777934236685764
12564.0,261,1,456.9,133,13,456.9,0,0,2,At Risk,Provide special discounts and win-back offers.,-0.4994277508839678,1.9967552063043394
12565.0,289,1,145.92,80,28,145.92,0,0,2,At Risk,Provide special discounts and win-back offers.,-0.7590860294884816,1.5457023017854026
12566.0,86,1,351.65,265,14,351.65,0,0,0,At Risk,Provide special discounts and win-back offers.,-0.23296233624196064,0.7627982307577225
12567.0,23,10,9401.28,4305,13,940.128,2,0,0,Occasional Customer,Send personalized emails and re-engagement campaigns.,1.5505894643571116,0.24639140788568703
12569.0,2,32,4124.69,1801,14,128.8965625,2,0,0,Occasional Customer,Send personalized emails and re-engagement campaigns.,2.065935614899476,-1.470562950407596
12571.0,40,2,519.61,523,13,259.805,0,0,0,At Risk,Provide special discounts and win-back offers.,-0.06631897124669932,0.4157432933669888
12572.0,9,2,1020.42,452,14,510.21,2,0,0,Occasional Customer,Send personalized emails and re-engagement campaigns.,0.04137754996858107,0.2556530173935381
12573.0,227,1,160.54000000000002,84,13,160.54000000000002,0,0,2,At Risk,Provide special discounts and win-back offers.,-0.5188041566185403,1.6732020914352426
12574.0,316,1,218.45,61,13,218.45,0,0,2,At Risk,Provide special discounts and win-back offers.,-0.6527670609889196,2.284835075098009
12576.0,36,5,1315.83,967,25,263.166,2,0,0,Occasional Customer,Send personalized emails and re-engagement campaigns.,0.10751597411348678,-0.1838944563446598
12577.0,35,3,657.8,472,13,219.26666666666665,2,0,0,Occasional Customer,Send personalized emails and re-engagement campaigns.,-0.004648475328869541,0.3162434706189983
12578.0,21,2,2794.51,1196,18,1397.255,2,0,0,Occasional Customer,Send personalized emails and re-engagement campaigns.,0.336320113949876,0.503030563131646
12579.0,78,1,440.42,285,13,440.42,0,0,0,At Risk,Provide special discounts and win-back offers.,-0.18792337761343678,0.7743240697998746
12580.0,247,1,415.7,238,14,415.7,0,0,2,At Risk,Provide special discounts and win-back offers.,-0.48307788025625575,1.8563280017181627
12581.0,40,1,197.71,161,14,197.71,0,0,0,At Risk,Provide special discounts and win-back offers.,-0.20606023919460545,0.40433134592804454
12582.0,239,2,511.36,300,12,255.68,0,0,2,At Risk,Provide special discounts and win-back offers.,-0.4081292159131053,1.7725188327472172
12583.0,3,15,7281.38,5060,13,485.42533333333336,2,0,0,Occasional Customer,Send personalized emails and re-engagement campaigns.,1.743256694999542,-0.3064335692540712
12584.0,4,9,2338.15,416,18,259.7944444444445,2,0,0,Occasional Customer,Send personalized emails and re-engagement campaigns.,0.453802580229071,-0.3637064000988501
12585.0,234,2,2040.1,1279,14,1020.05,0,0,2,At Risk,Provide special discounts and win-back offers.,-0.07667104394990464,1.9414870456614668
12586.0,17,1,196.94000000000003,79,18,196.94000000000003,2,0,0,Occasional Customer,Send personalized emails and re-engagement campaigns.,-0.21450885970049266,0.10627263180692749
12587.0,8,1,144.0,51,12,144.0,2,0,0,Occasional Customer,Send personalized emails and re-engagement campaigns.,-0.16122196514012194,0.24300711047520407
12588.0,39,1,214.9,53,12,214.9,0,0,0,At Risk,Provide special discounts and win-back offers.,-0.19491091634817692,0.4726641509682627
12589.0,29,2,646.68,306,13,323.34,0,0,0,At Risk,Provide special discounts and win-back offers.,-0.0547315154364844,0.359545168903539
12590.0,211,2,9864.26,4283,14,4932.13,0,-1,0,At Risk,Provide special discounts and win-back offers.,1.4748012078001667,3.1515024492978774
12591.0,317,1,452.85,228,18,452.85,0,0,2,At Risk,Provide special discounts and win-back offers.,-0.6256064155985624,2.191884993792132
12592.0,92,2,437.6,290,14,218.8,0,0,0,At Risk,Provide special discounts and win-back offers.,-0.1992344772356274,0.7085766058880177
12593.0,109,3,418.1,206,13,139.36666666666665,0,0,0,At Risk,Provide special discounts and win-back offers.,-0.1849220638691453,0.7770442289289643
12594.0,38,10,3338.2200000000003,1777,18,333.822,2,0,0,Occasional Customer,Send personalized emails and re-engagement campaigns.,0.6913982195895264,-0.13188719531977416
12596.0,51,2,618.27,474,30,309.135,2,0,0,Occasional Customer,Send personalized emails and re-engagement campaigns.,-0.2288569179078274,-0.10284918323161006
12597.0,19,4,3811.22,2236,30,952.805,2,0,0,Occasional Customer,Send personalized emails and re-engagement campaigns.,0.4580838326068806,-0.15634450009666928
12598.0,10,8,3023.08,1964,13,377.885,2,0,0,Occasional Customer,Send personalized emails and re-engagement campaigns.,0.6762074981928363,-0.017944652265194077
12599.0,29,7,1032.58,956,13,147.51142857142855,2,0,0,Occasional Customer,Send personalized emails and re-engagement campaigns.,0.3028347825088729,0.051078261823117664
12600.0,29,10,2599.04,774,14,259.904,2,0,0,Occasional Customer,Send personalized emails and re-engagement campaigns.,0.5651604718181409,-0.09856977712267144
12601.0,190,5,577.0600000000001,245,14,115.412,0,0,2,At Risk,Provide special discounts and win-back offers.,-0.2002979360105819,1.1683328345783581
12602.0,59,1,153.12,162,13,153.12,0,0,0,At Risk,Provide special discounts and win-back offers.,-0.2381918690199011,0.5523069198269439
12603.0,22,1,739.1999999999999,63,14,739.1999999999999,0,0,0,At Risk,Provide special discounts and win-back offers.,-0.062125787102205225,0.4578399057171569
12604.0,79,2,254.18,201,13,127.09,0,0,0,At Risk,Provide special discounts and win-back offers.,-0.206704068697845,0.6253361506299875
12607.0,60,1,1579.51,1228,33,1579.51,2,0,0,Occasional Customer,Send personalized emails and re-engagement campaigns.,0.03537298502691761,0.3262933429220158
12609.0,78,3,1126.85,648,14,375.6166666666666,0,0,0,At Risk,Provide special discounts and win-back offers.,-0.006456621714355588,0.6243018554644096
12610.0,23,5,2099.54,1049,18,419.908,2,0,0,Occasional Customer,Send personalized emails and re-engagement campaigns.,0.27868714417902546,0.038273743356649306
12611.0,52,1,1193.32,846,18,1193.32,0,0,0,At Risk,Provide special discounts and win-back offers.,0.049649380107927084,0.6767117659960761
12612.0,74,1,704.0400000000001,262,14,704.0400000000001,0,0,0,At Risk,Provide special discounts and win-back offers.,-0.13176313119618846,0.7968592902048913
12613.0,57,5,3344.38,1644,14,668.876,2,0,0,Occasional Customer,Send personalized emails and re-engagement campaigns.,0.45136705705075353,0.5098567234431945
12614.0,278,1,315.6,76,14,315.6,0,0,2,At Risk,Provide special discounts and win-back offers.,-0.5756349677266597,2.0275192004248397
12615.0,2,4,2291.19,1376,13,572.7975,2,0,0,Occasional Customer,Send personalized emails and re-engagement campaigns.,0.3768652590538702,0.1869170469570694
12616.0,95,2,713.3,284,13,356.65,0,0,0,At Risk,Provide special discounts and win-back offers.,-0.15472743600126806,0.8102421167370959
12617.0,29,1,355.53,213,13,355.53,0,0,0,At Risk,Provide special discounts and win-back offers.,-0.13634847930830582,0.418821469909601
12618.0,22,1,177.31,96,18,177.31,2,0,0,Occasional Customer,Send personalized emails and re-engagement campaigns.,-0.22523533766655934,0.1335684120734295
12619.0,16,9,3641.24,3378,14,404.5822222222222,2,0,0,Occasional Customer,Send personalized emails and re-engagement campaigns.,0.9237110118612559,-0.02625850629381275
12620.0,15,3,1339.41,1181,13,446.47,2,0,0,Occasional Customer,Send personalized emails and re-engagement campaigns.,0.19271576341394683,0.2744836973237498
12621.0,2,20,13689.67,7440,14,684.4835,2,0,0,Occasional Customer,Send personalized emails and re-engagement campaigns.,2.748784589017799,-0.445730726947938
12622.0,232,1,180.1,69,14,180.1,0,0,2,At Risk,Provide special discounts and win-back offers.,-0.5331652706327901,1.6768517963129241
12623.0,276,1,305.1,191,14,305.1,0,0,2,At Risk,Provide special discounts and win-back offers.,-0.5614583954814842,2.012953341757833
12624.0,106,2,641.13,355,13,320.565,0,0,0,At Risk,Provide special discounts and win-back offers.,-0.17511215719358,0.8728577468754162
12625.0,212,2,2683.82,1612,14,1341.91,0,0,2,At Risk,Provide special discounts and win-back offers.,0.09366070739519043,1.908610101193554
12626.0,23,9,6620.48,3453,14,735.6088888888888,2,0,0,Occasional Customer,Send personalized emails and re-engagement campaigns.,1.1701973287936571,0.15601100805911716
12627.0,11,7,4478.53,2752,14,639.79,2,0,0,Occasional Customer,Send personalized emails and re-engagement campaigns.,0.8383830967457443,0.1187182462304024
12628.0,4,3,786.46,448,14,262.15333333333336,2,0,0,Occasional Customer,Send personalized emails and re-engagement campaigns.,0.04950679385014101,0.08815986438724556
12630.0,10,2,1270.88,548,12,635.44,2,0,0,Occasional Customer,Send personalized emails and re-engagement campaigns.,0.10627396755003105,0.37742647414158814
12631.0,57,1,640.5,236,12,640.5,0,0,0,At Risk,Provide special discounts and win-back offers.,-0.10384834362521439,0.7339314658434833
12633.0,59,4,2163.98,1162,14,540.995,0,0,0,At Risk,Provide special discounts and win-back offers.,0.23663185697074313,0.5158661519663149
12635.0,90,2,1689.18,1172,14,844.59,0,0,0,At Risk,Provide special discounts and win-back offers.,0.09287952521728675,0.9208949010231156
12637.0,67,8,6021.9,3002,13,752.7375,2,0,0,Occasional Customer,Send personalized emails and re-engagement campaigns.,0.9619267833966023,0.5297404060126367
12638.0,33,1,671.69,577,31,671.69,2,0,0,Occasional Customer,Send personalized emails and re-engagement campaigns.,-0.1896246854965482,-0.08848173254467258
12639.0,239,1,486.1,201,31,486.1,0,0,2,At Risk,Provide special discounts and win-back offers.,-0.6116162850550212,1.2176195559760299
12640.0,24,3,1174.58,311,13,391.5266666666666,2,0,0,Occasional Customer,Send personalized emails and re-engagement campaigns.,0.05701743937824079,0.2991734429660821
12641.0,115,1,185.9,72,31,185.9,0,0,0,At Risk,Provide special discounts and win-back offers.,-0.49478950621230117,0.29133546627463497
12642.0,25,3,1013.26,552,14,337.75333333333333,2,0,0,Occasional Customer,Send personalized emails and re-engagement campaigns.,0.05486053967582768,0.2561379858841387
12643.0,128,6,3344.64,1808,13,557.4399999999999,0,0,0,At Risk,Provide special discounts and win-back offers.,0.4025834420299615,0.9331501334000318
12644.0,130,1,477.91,325,14,477.91,0,0,2,At Risk,Provide special discounts and win-back offers.,-0.26816898053988186,1.0981393708240699
12645.0,34,4,1775.18,1084,14,443.795,2,0,0,Occasional Customer,Send personalized emails and re-engagement campaigns.,0.22665466634052037,0.31328634525341065
12646.0,5,2,1346.97,897,33,673.485,2,0,0,Occasional Customer,Send personalized emails and re-engagement campaigns.,-0.0234852727122487,-0.3870338071726062
12647.0,22,12,3722.82,1431,14,310.235,2,0,0,Occasional Customer,Send personalized emails and re-engagement campaigns.,0.8489658777121333,-0.21341393362253502
12648.0,155,1,318.05,160,14,318.05,0,0,2,At Risk,Provide special discounts and win-back offers.,-0.36522581852510183,1.2099232214306481
12649.0,107,3,623.51,586,14,207.83666666666667,0,0,0,At Risk,Provide special discounts and win-back offers.,-0.1216979455901591,0.7587073523858475
12650.0,3,1,314.44,254,13,314.44,2,0,0,Occasional Customer,Send personalized emails and re-engagement campaigns.,-0.09885527634638734,0.2329604160297013
12651.0,335,1,114.0,78,13,114.0,0,0,2,At Risk,Provide special discounts and win-back offers.,-0.7060104568660965,2.377993678612469
12652.0,331,1,919.98,505,13,919.98,0,0,2,At Risk,Provide special discounts and win-back offers.,-0.46225596112527506,2.620376552826794
12653.0,149,2,2209.85,919,17,1104.925,0,0,2,At Risk,Provide special discounts and win-back offers.,0.01790610552047259,1.2892034594468602
12654.0,11,5,601.98,264,14,120.396,2,0,0,Occasional Customer,Send personalized emails and re-engagement campaigns.,0.09553206527808557,-0.022785080026996512
12656.0,17,5,4051.17,1723,13,810.234,2,0,0,Occasional Customer,Send personalized emails and re-engagement campaigns.,0.6043030724161285,0.3319615979581777
12657.0,11,4,1643.18,1044,13,410.795,2,0,0,Occasional Customer,Send personalized emails and re-engagement campaigns.,0.25433963517274943,0.18324273048465994
12658.0,19,1,686.05,320,14,686.05,0,0,0,At Risk,Provide special discounts and win-back offers.,-0.03974460713634028,0.4254722887231941
12659.0,30,1,91.68,105,13,91.68,0,0,0,At Risk,Provide special discounts and win-back offers.,-0.21194723760883508,0.33800969488039506
12660.0,11,1,245.1,127,13,245.1,2,0,0,Occasional Customer,Send personalized emails and re-engagement campaigns.,-0.14277141018836528,0.26144409098370885
12662.0,1,11,3849.78,2058,14,349.98,2,0,0,Occasional Customer,Send personalized emails and re-engagement campaigns.,0.9136394502913672,-0.27393254220773533
12664.0,8,9,4881.88,1203,12,542.4311111111111,2,0,0,Occasional Customer,Send personalized emails and re-engagement campaigns.,0.8057343194914008,0.006769434660833466
12665.0,325,1,63.0,37,14,63.0,0,0,2,At Risk,Provide special discounts and win-back offers.,-0.7154191977119955,2.2583072259590384
12667.0,58,1,620.13,395,12,620.13,0,0,0,At Risk,Provide special discounts and win-back offers.,-0.09173464011585664,0.7369979297425895
12668.0,12,4,3807.15,1634,14,951.7875,2,0,0,Occasional Customer,Send personalized emails and re-engagement campaigns.,0.5436596399927939,0.35702806237851403
12669.0,151,3,2744.03,1115,13,914.6766666666666,0,0,2,At Risk,Provide special discounts and win-back offers.,0.13366566275926603,1.3410412008419483
12670.0,10,5,2996.05,1397,13,599.21,2,0,0,Occasional Customer,Send personalized emails and re-engagement campaigns.,0.47381870189087266,0.20221245725051
12672.0,330,1,225.9,78,13,225.9,0,0,2,At Risk,Provide special discounts and win-back offers.,-0.6718295437196593,2.3808981871339796
12673.0,5,2,610.52,351,14,305.26,2,0,0,Occasional Customer,Send personalized emails and re-engagement campaigns.,-0.024882894256009137,0.1586254829839835
12674.0,39,4,1970.6,1133,13,492.65,2,0,0,Occasional Customer,Send personalized emails and re-engagement campaigns.,0.25415194033395394,0.40059072422174596
12676.0,25,6,1331.39,670,31,221.8983333333333,2,0,0,Occasional Customer,Send personalized emails and re-engagement campaigns.,0.08803448948081774,-0.5439114981534934
12678.0,42,12,17628.46,10923,13,1469.0383333333332,2,-1,0,Occasional Customer,Send personalized emails and re-engagement campaigns.,3.026932568122105,0.6397220770090931
12679.0,59,4,1113.02,554,13,278.255,0,0,0,At Risk,Provide special discounts and win-back offers.,0.06261214189007128,0.4470238899015035
12680.0,1,4,862.81,443,13,215.7025,2,0,0,Occasional Customer,Send personalized emails and re-engagement campaigns.,0.11729771818055446,0.03610904729501859
12681.0,15,22,13787.54,7536,13,626.7063636363637,2,0,0,Occasional Customer,Send personalized emails and re-engagement campaigns.,2.859074710087771,-0.4464487930045274
12682.0,4,31,12288.22,5575,13,396.3941935483871,2,0,0,Occasional Customer,Send personalized emails and re-engagement campaigns.,3.0285252094154815,-1.1293604933975108
12683.0,4,15,8476.57,4987,13,565.1046666666666,2,0,0,Occasional Customer,Send personalized emails and re-engagement campaigns.,1.8241857744349677,-0.26396939553603965
12684.0,8,7,2283.63,1985,13,326.23285714285714,2,0,0,Occasional Customer,Send personalized emails and re-engagement campaigns.,0.5678934795993598,-0.0007185871454747194
12685.0,28,6,2863.08,1523,13,477.18,2,0,0,Occasional Customer,Send personalized emails and re-engagement campaigns.,0.48735576859938945,0.23105358571012524
12686.0,372,1,89.14,107,13,89.14,0,0,2,At Risk,Provide special discounts and win-back offers.,-0.7686114644653002,2.6171481233566904
12688.0,114,1,4873.81,3028,17,4873.81,0,-1,0,At Risk,Provide special discounts and win-back offers.,1.0682046928679525,2.3587442276978394
12689.0,26,2,1247.61,628,13,623.805,0,0,0,At Risk,Provide special discounts and win-back offers.,0.07704508047467742,0.44597686842550033
12690.0,206,1,389.01,106,13,389.01,0,0,2,At Risk,Provide special discounts and win-back offers.,-0.428905136095959,1.6076071403690733
12691.0,28,6,1035.8,394,13,172.63333333333333,2,0,0,Occasional Customer,Send personalized emails and re-engagement campaigns.,0.18627258477651068,0.09563328979490633
12693.0,127,4,855.91,255,14,213.9775,0,0,0,At Risk,Provide special discounts and win-back offers.,-0.11928523909693582,0.8361924673446204
12694.0,70,2,869.67,509,13,434.835,0,0,0,At Risk,Provide special discounts and win-back offers.,-0.06462734992248605,0.6739370560532031
12695.0,7,4,582.1,220,13,145.525,2,0,0,Occasional Customer,Send personalized emails and re-engagement campaigns.,0.05159907720123162,0.04703340825318177
12697.0,29,3,957.59,508,31,319.19666666666666,2,0,0,Occasional Customer,Send personalized emails and re-engagement campaigns.,-0.11713001169447097,-0.3318903328281918
12700.0,8,4,4939.99,2967,13,1234.9975,2,0,0,Occasional Customer,Send personalized emails and re-engagement campaigns.,0.835290007270576,0.4915904035460994
12701.0,80,2,797.71,678,14,398.855,0,0,0,At Risk,Provide special discounts and win-back offers.,-0.08100029252945389,0.6960342330045777
12702.0,20,1,219.0,53,14,219.0,2,0,0,Occasional Customer,Send personalized emails and re-engagement campaigns.,-0.18112573932200285,0.2758615331947528
12703.0,71,1,283.55,164,14,283.55,0,0,0,At Risk,Provide special discounts and win-back offers.,-0.23615525683461866,0.6388452714101432
12704.0,7,8,2340.84,1006,12,292.605,2,0,0,Occasional Customer,Send personalized emails and re-engagement campaigns.,0.5201220779782029,-0.053965551315408915
12705.0,15,9,6868.29,3997,14,763.1433333333333,2,0,0,Occasional Customer,Send personalized emails and re-engagement campaigns.,1.267168773158088,0.12409338834657126
12707.0,292,1,603.42,256,13,603.42,0,0,2,At Risk,Provide special discounts and win-back offers.,-0.5014491531799234,2.2531806965761225
12708.0,30,10,2712.91,1307,14,271.291,2,0,0,Occasional Customer,Send personalized emails and re-engagement campaigns.,0.6347999341452883,-0.07712646866362237
12709.0,15,15,9736.52,3936,14,649.1013333333334,2,0,0,Occasional Customer,Send personalized emails and re-engagement campaigns.,1.7710622811021544,-0.2069916431484916
12710.0,97,3,1149.02,851,14,383.00666666666666,0,0,0,At Risk,Provide special discounts and win-back offers.,-0.01108522805845873,0.7573337054419121
12712.0,29,13,4396.13,1062,14,338.1638461538462,2,0,0,Occasional Customer,Send personalized emails and re-engagement campaigns.,0.9004168195843991,-0.21198080178680068
12713.0,1,1,848.55,508,14,848.55,2,0,0,Occasional Customer,Send personalized emails and re-engagement campaigns.,0.04921389172174701,0.3616418997047447
12714.0,9,5,4708.86,3069,13,941.772,2,0,0,Occasional Customer,Send personalized emails and re-engagement campaigns.,0.838585854275322,0.35195573607502073
12715.0,106,1,353.86,197,31,353.86,0,0,0,At Risk,Provide special discounts and win-back offers.,-0.4265227177963632,0.28808389830777287
12716.0,4,2,1053.49,708,13,526.745,2,0,0,Occasional Customer,Send personalized emails and re-engagement campaigns.,0.0932289262816966,0.26840236111086385
12717.0,151,2,1030.98,506,15,515.49,0,0,2,At Risk,Provide special discounts and win-back offers.,-0.1907915073934675,1.1693351810774042
12718.0,71,1,238.25,203,13,238.25,0,0,0,At Risk,Provide special discounts and win-back offers.,-0.23312921766887787,0.6606446575191569
12719.0,5,2,644.95,374,13,322.475,2,0,0,Occasional Customer,Send personalized emails and re-engagement campaigns.,-0.008045849533679495,0.20054312918162825
12720.0,3,25,5781.73,4672,14,231.2692,2,0,0,Occasional Customer,Send personalized emails and re-engagement campaigns.,2.1218855002421284,-0.9834865731895235
12721.0,32,6,2656.13,1959,13,442.6883333333333,2,0,0,Occasional Customer,Send personalized emails and re-engagement campaigns.,0.5122930661852472,0.25300866473893957
12722.0,85,4,997.63,566,13,249.4075,0,0,0,At Risk,Provide special discounts and win-back offers.,0.009375605905967825,0.6103536561126445
12723.0,4,5,725.07,434,13,145.014,2,0,0,Occasional Customer,Send personalized emails and re-engagement campaigns.,0.1478465075728113,-0.021536608373859106
12724.0,5,4,1031.41,445,13,257.8525,2,0,0,Occasional Customer,Send personalized emails and re-engagement campaigns.,0.1290528637355634,0.07775094717613447
12725.0,371,1,427.8,164,18,427.8,0,0,2,At Risk,Provide special discounts and win-back offers.,-0.7267144894915017,2.5425547806060806
12726.0,28,7,2609.1,3143,13,372.7285714285714,2,0,0,Occasional Customer,Send personalized emails and re-engagement campaigns.,0.6989186093393226,0.17233402123622205
12727.0,11,7,3980.7,2098,13,568.6714285714286,2,0,0,Occasional Customer,Send personalized emails and re-engagement campaigns.,0.7271148560411245,0.1147470831025303
12728.0,71,4,836.33,419,13,209.0825,0,0,0,At Risk,Provide special discounts and win-back offers.,-0.0021873335613421105,0.4999615088545986
12729.0,114,1,453.01,233,13,453.01,0,0,2,At Risk,Provide special discounts and win-back offers.,-0.24959560726064753,1.0174130527113117
12731.0,24,12,18895.91,8437,13,1574.6591666666666,2,-1,0,Occasional Customer,Send personalized emails and re-engagement campaigns.,2.8673314523082514,0.5189220070313106
12732.0,180,1,236.26,111,13,236.26,0,0,2,At Risk,Provide special discounts and win-back offers.,-0.42158846365820707,1.3849086411006584
12733.0,234,1,383.95,137,33,383.95,0,0,2,At Risk,Provide special discounts and win-back offers.,-0.6527757429249038,1.0785339329853372
12734.0,353,1,110.4,88,13,110.4,0,0,2,At Risk,Provide special discounts and win-back offers.,-0.7349652996178657,2.497012304414095
12735.0,315,2,779.5699999999999,368,13,389.785,0,0,2,At Risk,Provide special discounts and win-back offers.,-0.49295424466113175,2.2895103684890796
12736.0,333,1,234.0,173,13,234.0,0,0,2,At Risk,Provide special discounts and win-back offers.,-0.663781212527472,2.4053108879701117
12738.0,372,1,155.35,148,14,155.35,0,0,2,At Risk,Provide special discounts and win-back offers.,-0.7574710066454963,2.6036277044904668
12739.0,78,2,1013.04,486,34,506.52,2,0,0,Occasional Customer,Send personalized emails and re-engagement campaigns.,-0.248756825558024,0.0003665169509109948
12740.0,64,1,427.6,342,13,427.6,0,0,0,At Risk,Provide special discounts and win-back offers.,-0.16150922240984392,0.677916564870155
12743.0,134,2,546.43,319,36,273.215,0,0,0,At Risk,Provide special discounts and win-back offers.,-0.4468046686357236,0.22114251438717644
12744.0,52,7,21279.29,5241,29,3039.898571428572,2,-1,0,Occasional Customer,Send personalized emails and re-engagement campaigns.,2.4199924521542986,0.8269611976851219
12747.0,2,11,4196.01,1275,35,381.4554545454546,2,0,0,Occasional Customer,Send personalized emails and re-engagement campaigns.,0.6589911585579964,-1.0190343140847002
12748.0,1,209,33719.73,25747,35,161.3384210526316,3,-1,1,Frequent Buyer,Recommend complementary products and loyalty rewards.,16.72976104140098,-11.004947298001818
12749.0,4,5,4090.88,1471,35,818.176,2,0,0,Occasional Customer,Send personalized emails and re-engagement campaigns.,0.4012444208252382,-0.5427027194046958
12750.0,129,1,275.88,137,25,275.88,0,0,2,At Risk,Provide special discounts and win-back offers.,-0.43483619012553587,0.6294327334625954
12752.0,81,1,4366.78,2262,24,4366.78,0,0,2,At Risk,Provide special discounts and win-back offers.,0.8515563304370044,1.7099859321578244
12753.0,23,6,21429.39,11421,19,3571.565,2,-1,0,Occasional Customer,Send personalized emails and re-engagement campaigns.,3.317573153279115,1.3296218643657243
12754.0,236,3,3010.74,6481,19,1003.58,0,0,2,At Risk,Provide special discounts and win-back offers.,0.5971657613745921,1.8250131317337073
12755.0,281,2,3811.95,1491,19,1905.975,0,0,2,At Risk,Provide special discounts and win-back offers.,0.09012948880286249,2.376056096235477
12756.0,87,1,112.07999999999998,144,19,112.07999999999998,0,0,2,At Risk,Provide special discounts and win-back offers.,-0.3496080379477647,0.5109342796782295
12757.0,16,13,7857.1,2402,26,604.3923076923077,2,0,0,Occasional Customer,Send personalized emails and re-engagement campaigns.,1.2384611881569434,-0.5834205933477187
12758.0,117,2,2791.59,2135,26,1395.795,0,0,0,At Risk,Provide special discounts and win-back offers.,0.21657762328977836,0.8743457627224666
12759.0,52,3,1531.44,902,23,510.48,2,0,0,Occasional Customer,Send personalized emails and re-engagement campaigns.,0.03294434954420489,0.18057789865261892
12762.0,8,2,1898.52,1227,26,949.26,2,0,0,Occasional Customer,Send personalized emails and re-engagement campaigns.,0.15537242970022763,-0.01856202899471726
12763.0,138,2,494.08,316,19,247.04,0,0,0,At Risk,Provide special discounts and win-back offers.,-0.3078157795210036,0.8464859902804205
12764.0,317,1,1693.88,386,20,1693.88,0,0,2,At Risk,Provide special discounts and win-back offers.,-0.336431966781909,2.5252790220279877
12766.0,4,7,6989.63,3646,26,998.5185714285716,2,0,0,Occasional Customer,Send personalized emails and re-engagement campaigns.,1.068616632643022,-0.20179889856000705
12769.0,239,1,1143.6,356,4,1143.6,0,0,2,At Risk,Provide special discounts and win-back offers.,-0.19653466079397489,2.3982766532724593
12770.0,211,1,1351.45,743,19,1351.45,0,0,2,At Risk,Provide special discounts and win-back offers.,-0.19318491620343956,1.750208465459609
12772.0,60,1,892.47,556,26,892.47,0,0,0,At Risk,Provide special discounts and win-back offers.,-0.13940428711003508,0.34128172537195034
12775.0,17,5,1386.04,877,23,277.208,2,0,0,Occasional Customer,Send personalized emails and re-engagement campaigns.,0.15295423550642098,-0.23566527037167448
12778.0,20,6,822.23,825,23,137.03833333333333,2,0,0,Occasional Customer,Send personalized emails and re-engagement campaigns.,0.13915749093315716,-0.32025630556560203
12779.0,38,8,3981.36,2024,25,497.67,2,0,0,Occasional Customer,Send personalized emails and re-engagement campaigns.,0.6115604014487995,-0.2116238449994766
12781.0,64,2,826.74,671,8,413.37,0,0,0,At Risk,Provide special discounts and win-back offers.,0.0027592757795266956,0.8084913705892732
12782.0,5,5,2330.92,1086,26,466.184,2,0,0,Occasional Customer,Send personalized emails and re-engagement campaigns.,0.26276829357132275,-0.3500241677250834
12783.0,2,6,2225.91,624,26,370.985,2,0,0,Occasional Customer,Send personalized emails and re-engagement campaigns.,0.2484349464923009,-0.46355936815495846
12784.0,9,2,574.42,300,26,287.21,2,0,0,Occasional Customer,Send personalized emails and re-engagement campaigns.,-0.15114263907236533,-0.2505065560295321
12785.0,364,1,311.95,131,26,311.95,0,0,2,At Risk,Provide special discounts and win-back offers.,-0.8184315463252608,2.171880234264301
12787.0,10,3,463.66,261,23,154.55333333333334,2,0,0,Occasional Customer,Send personalized emails and re-engagement campaigns.,-0.1023594909660953,-0.23400913328219217
12789.0,65,1,91.85,4,23,91.85,2,0,0,Occasional Customer,Send personalized emails and re-engagement campaigns.,-0.3709549939625244,0.21214720115694827
12790.0,192,1,324.92,166,23,324.92,0,0,2,At Risk,Provide special discounts and win-back offers.,-0.5044521053921657,1.1373137318331767
12791.0,374,1,192.6,97,23,192.6,0,0,2,At Risk,Provide special discounts and win-back offers.,-0.8393192952870292,2.3064565240925496
12792.0,257,1,400.54,217,26,400.54,0,0,2,At Risk,Provide special discounts and win-back offers.,-0.6137644587022757,1.488879849860348
12793.0,335,2,545.48,295,26,272.74,0,0,2,At Risk,Provide special discounts and win-back offers.,-0.6863119483368252,1.9178260705948098
12794.0,53,2,860.41,592,26,430.205,2,0,0,Occasional Customer,Send personalized emails and re-engagement campaigns.,-0.1461934970098344,0.09608370069949004
12795.0,19,1,430.48,68,26,430.48,2,0,0,Occasional Customer,Send personalized emails and re-engagement campaigns.,-0.2369781749236088,-0.09084591824973653
12797.0,366,1,254.03,118,26,254.03,0,0,2,At Risk,Provide special discounts and win-back offers.,-0.8366783695480836,2.166211817260358
12798.0,10,3,6977.04,5256,19,2325.68,2,0,0,Occasional Customer,Send personalized emails and re-engagement campaigns.,1.3019834509213628,0.7504018267941044
12802.0,187,1,427.58,314,23,427.58,0,0,2,At Risk,Provide special discounts and win-back offers.,-0.4552186811803352,1.14001520148475
12808.0,37,3,483.65,188,26,161.21666666666667,2,0,0,Occasional Customer,Send personalized emails and re-engagement campaigns.,-0.17945926102197024,-0.16029917040251573
12809.0,178,1,489.31,220,26,489.31,0,0,2,At Risk,Provide special discounts and win-back offers.,-0.4642487849297401,0.9910339473631175
12811.0,261,3,514.85,230,26,171.61666666666667,0,0,2,At Risk,Provide special discounts and win-back offers.,-0.5351684129941245,1.3373552923254937
12812.0,45,1,229.64,164,19,229.64,2,0,0,Occasional Customer,Send personalized emails and re-engagement campaigns.,-0.25159973175187855,0.26939022172811977
12814.0,102,1,125.92,49,25,125.92,0,0,0,At Risk,Provide special discounts and win-back offers.,-0.4360536730662482,0.399218631971192
12815.0,148,2,1063.46,379,25,531.73,0,0,0,At Risk,Provide special discounts and win-back offers.,-0.28621364085447243,0.7950274006711352
12816.0,96,2,572.2,128,25,286.1,0,0,0,At Risk,Provide special discounts and win-back offers.,-0.303945032620537,0.3615956596091876
12817.0,281,1,166.04,53,1,166.04,0,0,2,At Risk,Provide special discounts and win-back offers.,-0.5005145807215539,2.4631943648197807
12818.0,262,1,1542.08,929,1,1542.08,0,0,2,At Risk,Provide special discounts and win-back offers.,-0.04747231283379177,2.7986455778755235
12820.0,3,4,942.34,722,35,235.585,2,0,0,Occasional Customer,Send personalized emails and re-engagement campaigns.,-0.04384609624496158,-0.7244006807381169
12821.0,214,1,92.72,70,35,92.72,0,0,2,At Risk,Provide special discounts and win-back offers.,-0.7138981092627635,0.7781651202242394
12822.0,71,2,948.88,550,35,474.44,2,0,0,Occasional Customer,Send personalized emails and re-engagement campaigns.,-0.248520973840802,-0.09154192665429413
12823.0,75,5,1759.5,230,35,351.9,2,0,0,Occasional Customer,Send personalized emails and re-engagement campaigns.,-0.08824439657790367,-0.26277925455101475
12824.0,60,1,397.12,232,35,397.12,2,0,0,Occasional Customer,Send personalized emails and re-engagement campaigns.,-0.3737098290926218,-0.1468397519096915
12826.0,3,7,1474.72,1058,35,210.67428571428573,2,0,0,Occasional Customer,Send personalized emails and re-engagement campaigns.,0.1974890772972244,-0.8821569612154287
12827.0,6,3,430.15,197,35,143.38333333333335,2,0,0,Occasional Customer,Send personalized emails and re-engagement campaigns.,-0.2157946352866546,-0.6945334750500394
12828.0,3,6,1018.71,494,35,169.785,2,0,0,Occasional Customer,Send personalized emails and re-engagement campaigns.,0.03814778387339158,-0.8563578930266751
12829.0,337,2,293.0,376,35,146.5,0,0,2,At Risk,Provide special discounts and win-back offers.,-0.7990774149437331,1.568912535307338
12830.0,38,6,6814.64,9848,35,1135.7733333333333,2,0,0,Occasional Customer,Send personalized emails and re-engagement campaigns.,1.607258993682799,-0.08469923563477802
12831.0,262,1,215.05,135,35,215.05,0,0,2,At Risk,Provide special discounts and win-back offers.,-0.7559448702087018,1.1389936010400588
12832.0,32,2,383.03,195,35,191.515,2,0,0,Occasional Customer,Send personalized emails and re-engagement campaigns.,-0.31059245768326904,-0.4527273185602731
12833.0,145,1,417.38,156,35,417.38,0,0,2,At Risk,Provide special discounts and win-back offers.,-0.5160909744189633,0.4249363933216526
12834.0,283,1,312.38,110,35,312.38,0,0,2,At Risk,Provide special discounts and win-back offers.,-0.7703537265832615,1.310036245529641
12836.0,59,4,2612.86,1064,35,653.215,2,0,0,Occasional Customer,Send personalized emails and re-engagement campaigns.,0.08345298973664096,-0.19662186481258834
12837.0,173,1,134.1,24,35,134.1,0,0,2,At Risk,Provide special discounts and win-back offers.,-0.6429211855758745,0.5173742222434581
12838.0,34,2,683.13,359,35,341.565,2,0,0,Occasional Customer,Send personalized emails and re-engagement campaigns.,-0.2501029691030963,-0.3861833431562142
12839.0,3,14,5591.42,3807,35,399.38714285714286,2,0,0,Occasional Customer,Send personalized emails and re-engagement campaigns.,1.2172347965901473,-1.1065048358467824
12840.0,144,4,2726.77,1511,35,681.6925,0,0,0,At Risk,Provide special discounts and win-back offers.,0.00932969320829771,0.38854250447866123
12841.0,5,25,4022.35,2757,35,160.894,2,0,0,Occasional Customer,Send personalized emails and re-engagement campaigns.,1.5801013378223367,-1.7966627003194073
12842.0,70,2,1118.99,547,35,559.495,2,0,0,Occasional Customer,Send personalized emails and re-engagement campaigns.,-0.22191672139768556,-0.06985444006205517
12843.0,66,8,1702.26,781,35,212.7825,2,0,0,Occasional Customer,Send personalized emails and re-engagement campaigns.,0.13524138176931222,-0.5183114818209487
12844.0,29,2,325.96000000000004,125,35,162.98000000000002,2,0,0,Occasional Customer,Send personalized emails and re-engagement campaigns.,-0.32234602168030074,-0.48357723696174676
12845.0,267,4,354.09,204,35,88.5225,0,0,2,At Risk,Provide special discounts and win-back offers.,-0.596390920290701,0.9736573982496656
12847.0,22,1,871.54,909,35,871.54,2,0,0,Occasional Customer,Send personalized emails and re-engagement campaigns.,-0.122770038255134,-0.23377399220828202
12849.0,31,2,1050.89,623,35,525.4449999999999,2,0,0,Occasional Customer,Send personalized emails and re-engagement campaigns.,-0.15978309091372084,-0.33978695660955716
12851.0,97,1,135.18,109,35,135.18,2,0,0,Occasional Customer,Send personalized emails and re-engagement campaigns.,-0.5091660362218643,0.012676228455074694
12852.0,295,1,311.55,149,35,311.55,0,0,2,At Risk,Provide special discounts and win-back offers.,-0.7855330996963351,1.3904997551526261
12853.0,135,6,1957.1,800,35,326.18333333333334,2,0,0,Occasional Customer,Send personalized emails and re-engagement campaigns.,-0.05377223209493473,0.0879970705356065
12854.0,79,3,1324.5,627,35,441.5,2,0,0,Occasional Customer,Send personalized emails and re-engagement campaigns.,-0.17641322493678435,-0.09716241522463388
12855.0,373,1,38.1,30,35,38.1,0,0,2,At Risk,Provide special discounts and win-back offers.,-0.9898952078529276,1.8196879547968627
12856.0,8,6,2179.93,1079,35,363.32166666666666,2,0,0,Occasional Customer,Send personalized emails and re-engagement campaigns.,0.20595221172869663,-0.7394637779991885
12857.0,211,2,1106.4,343,35,553.2,0,0,2,At Risk,Provide special discounts and win-back offers.,-0.47685790855494237,0.8641667191238177
12863.0,52,1,521.2,188,35,521.2,2,0,0,Occasional Customer,Send personalized emails and re-engagement campaigns.,-0.3369283313860494,-0.16081951570125214
12864.0,138,1,147.12,216,35,147.12,0,0,0,At Risk,Provide special discounts and win-back offers.,-0.5606406882671631,0.29188339729785584
12865.0,26,2,1568.23,925,1,784.115,0,0,0,At Risk,Provide special discounts and win-back offers.,0.2677530807768399,0.9339290620816288
12866.0,283,1,559.12,171,3,559.12,0,0,2,At Risk,Provide special discounts and win-back offers.,-0.41662654824938017,2.534574717564761
12867.0,26,7,4036.82,4298,35,576.6885714285714,2,0,0,Occasional Customer,Send personalized emails and re-engagement campaigns.,0.7646078397508485,-0.5268563766986007
12868.0,186,6,1607.0600000000002,928,35,267.84333333333336,0,0,0,At Risk,Provide special discounts and win-back offers.,-0.15438838724549256,0.4085321553665858
12871.0,84,2,380.64,200,35,190.32,2,0,0,Occasional Customer,Send personalized emails and re-engagement campaigns.,-0.3949515454070771,-0.10637724966188083
12872.0,327,2,599.97,319,35,299.985,0,0,2,At Risk,Provide special discounts and win-back offers.,-0.7437344389239862,1.552441680167038
12873.0,282,1,374.0,128,35,374.0,0,0,2,At Risk,Provide special discounts and win-back offers.,-0.7522910559756236,1.3236635090199957
12875.0,143,2,343.2300000000001,2019,35,171.61500000000004,0,0,0,At Risk,Provide special discounts and win-back offers.,-0.28505328051306006,0.31497522581842785
12876.0,58,2,2218.02,1941,3,1109.01,0,0,0,At Risk,Provide special discounts and win-back offers.,0.41246702338897295,1.2034574510762057
12877.0,4,12,1535.77,1178,35,127.98083333333334,2,0,0,Occasional Customer,Send personalized emails and re-engagement campaigns.,0.4863382591817293,-1.1680462516279881
12878.0,236,2,854.99,547,35,427.495,0,0,2,At Risk,Provide special discounts and win-back offers.,-0.531241217902838,0.9926837298702406
12879.0,45,3,573.22,370,35,191.07333333333332,2,0,0,Occasional Customer,Send personalized emails and re-engagement campaigns.,-0.2418240190672121,-0.4148661639958319
12881.0,276,1,298.0,21,35,298.0,0,0,2,At Risk,Provide special discounts and win-back offers.,-0.7726599693398282,1.2570371891835035
12882.0,9,2,1463.04,246,35,731.52,2,0,0,Occasional Customer,Send personalized emails and re-engagement campaigns.,-0.10645768423226944,-0.4247193843166882
12883.0,25,4,703.47,196,35,175.8675,2,0,0,Occasional Customer,Send personalized emails and re-engagement campaigns.,-0.16631700374250735,-0.6088163440662681
12884.0,88,1,309.05,43,35,309.05,2,0,0,Occasional Customer,Send personalized emails and re-engagement campaigns.,-0.4617251853434725,0.007738976524711128
12885.0,63,3,1175.22,655,35,391.74,2,0,0,Occasional Customer,Send personalized emails and re-engagement campaigns.,-0.16518304888408683,-0.22042610080172506
12886.0,68,2,1378.4,770,35,689.2,2,0,0,Occasional Customer,Send personalized emails and re-engagement campaigns.,-0.15412064974203937,-0.03566006951365144
12888.0,214,2,354.12,76,35,177.06,0,0,2,At Risk,Provide special discounts and win-back offers.,-0.6247746745093308,0.7534942177384542
12890.0,24,1,380.47,259,35,380.47,2,0,0,Occasional Customer,Send personalized emails and re-engagement campaigns.,-0.3158886511417942,-0.3917146320650768
12891.0,186,3,331.0,950,35,110.33333333333331,0,0,2,At Risk,Provide special discounts and win-back offers.,-0.43304792743371406,0.5082405395362692
12893.0,31,1,188.14,96,35,188.14,2,0,0,Occasional Customer,Send personalized emails and re-engagement campaigns.,-0.39099205947507315,-0.41040385318923017
12895.0,42,2,372.8,210,35,186.4,2,0,0,Occasional Customer,Send personalized emails and re-engagement campaigns.,-0.32663817824420105,-0.3874887461976252
12897.0,205,2,216.5,110,35,108.25,0,0,2,At Risk,Provide special discounts and win-back offers.,-0.6266720946277269,0.6711527548015707
12901.0,9,28,17654.54,23075,35,630.5192857142857,2,-1,0,Occasional Customer,Send personalized emails and re-engagement campaigns.,5.071912777662947,-1.2625422580276977
12902.0,265,1,138.68,66,35,138.68,0,0,2,At Risk,Provide special discounts and win-back offers.,-0.7866224457212133,1.132961580607408
12904.0,18,2,509.58,302,35,254.79,2,0,0,Occasional Customer,Send personalized emails and re-engagement campaigns.,-0.25654110705670025,-0.5229056127391598
12906.0,12,5,2919.81,1749,35,583.962,2,0,0,Occasional Customer,Send personalized emails and re-engagement campaigns.,0.3051427591643968,-0.5695276124789164
12908.0,176,2,750.0,1200,35,375.0,0,0,2,At Risk,Provide special discounts and win-back offers.,-0.37337083174024727,0.587468803589055
12909.0,40,5,2178.67,1280,35,435.734,2,0,0,Occasional Customer,Send personalized emails and re-engagement campaigns.,0.13204553001939984,-0.4457504872460116
12910.0,23,8,3075.04,1692,35,384.38,2,0,0,Occasional Customer,Send personalized emails and re-engagement campaigns.,0.42908513599862186,-0.7199873488346226
12912.0,3,5,1662.3,670,35,332.46,2,0,0,Occasional Customer,Send personalized emails and re-engagement campaigns.,0.07043913152014321,-0.7415589129405852
12913.0,5,5,2483.63,1419,35,496.726,2,0,0,Occasional Customer,Send personalized emails and re-engagement campaigns.,0.23518688648185632,-0.6542184450225621
12915.0,149,2,363.65,93,35,181.825,0,0,0,At Risk,Provide special discounts and win-back offers.,-0.515649196158155,0.32208747202325433
12916.0,139,4,3006.15,1119,35,751.5375,2,0,0,Occasional Customer,Send personalized emails and re-engagement campaigns.,0.0017724923035146905,0.37257664460303525
12917.0,128,1,594.0,120,35,594.0,0,0,0,At Risk,Provide special discounts and win-back offers.,-0.4515098221870456,0.36812350966586804
12919.0,8,6,1335.19,673,35,222.53166666666667,2,0,0,Occasional Customer,Send personalized emails and re-engagement campaigns.,0.08023889680740022,-0.7998829525640171
12920.0,17,1,164.23,129,35,164.23,2,0,0,Occasional Customer,Send personalized emails and re-engagement campaigns.,-0.36994914216616365,-0.5108549435597088
12921.0,9,37,16587.09,9526,35,448.2997297297297,2,1,0,Occasional Customer,Send personalized emails and re-engagement campaigns.,3.9126280792789965,-2.0710210751724687
12922.0,161,1,405.38,370,35,405.38,0,0,2,At Risk,Provide special discounts and win-back offers.,-0.5200351399372058,0.5317464725642213
12923.0,64,1,176.97,69,35,176.97,2,0,0,Occasional Customer,Send personalized emails and re-engagement campaigns.,-0.4504092326883266,-0.19453728611522103
12924.0,88,4,933.7,481,35,233.425,2,0,0,Occasional Customer,Send personalized emails and re-engagement campaigns.,-0.21104666405023248,-0.16306042464225598
12925.0,5,2,694.05,541,35,347.025,2,0,0,Occasional Customer,Send personalized emails and re-engagement campaigns.,-0.1801495753545613,-0.5742564798655593
12928.0,35,5,2062.7000000000003,1472,35,412.5400000000001,2,0,0,Occasional Customer,Send personalized emails and re-engagement campaigns.,0.15106827587758895,-0.48392096848700844
12929.0,312,1,117.85,37,35,117.85,0,0,2,At Risk,Provide special discounts and win-back offers.,-0.8712934645070789,1.4389924384315762
12930.0,78,2,415.8,252,35,207.9,2,0,0,Occasional Customer,Send personalized emails and re-engagement campaigns.,-0.37391267485643853,-0.1395237743928999
12931.0,22,15,42055.96,28004,35,2803.730666666667,2,-1,0,Occasional Customer,Send personalized emails and re-engagement campaigns.,6.829395511817079,0.5480556109284772
12933.0,24,3,607.53,499,35,202.51,2,0,0,Occasional Customer,Send personalized emails and re-engagement campaigns.,-0.18852141424446708,-0.5484936517831662
12935.0,2,7,2160.7,1853,35,308.6714285714285,2,0,0,Occasional Customer,Send personalized emails and re-engagement campaigns.,0.35254843551217774,-0.8361130164363169
12936.0,17,4,1063.9,559,35,265.975,2,0,0,Occasional Customer,Send personalized emails and re-engagement campaigns.,-0.07256683048121014,-0.623371774395259
12937.0,15,4,1504.27,1007,35,376.0675,2,0,0,Occasional Customer,Send personalized emails and re-engagement campaigns.,0.029852261795077332,-0.5892437559824937
12938.0,26,1,114.14,140,35,114.14,2,0,0,Occasional Customer,Send personalized emails and re-engagement campaigns.,-0.3949699507260396,-0.46687036895061795
12939.0,64,8,11581.8,4876,35,1447.725,2,0,0,Occasional Customer,Send personalized emails and re-engagement campaigns.,1.463745888438133,0.03355927332926137
12940.0,55,2,913.54,411,35,456.77,2,0,0,Occasional Customer,Send personalized emails and re-engagement campaigns.,-0.24391370685187946,-0.2067267699091588
12942.0,131,3,683.9,203,35,227.96666666666667,2,0,0,Occasional Customer,Send personalized emails and re-engagement campaigns.,-0.3877425064493777,0.16799999369598886
12944.0,36,2,604.51,289,35,302.255,2,0,0,Occasional Customer,Send personalized emails and re-engagement campaigns.,-0.27319806440908223,-0.3873001655522855
12945.0,288,1,462.95,165,35,462.95,0,0,2,At Risk,Provide special discounts and win-back offers.,-0.7370444062289341,1.3931642456009037
12947.0,144,6,1603.99,1165,35,267.33166666666665,2,0,0,Occasional Customer,Send personalized emails and re-engagement campaigns.,-0.058806889919454694,0.13281623539954848
12948.0,16,7,2064.95,1080,35,294.99285714285713,2,0,0,Occasional Customer,Send personalized emails and re-engagement campaigns.,0.23140530659384156,-0.7626166758712768
12949.0,31,8,4167.22,2381,35,520.9025,2,0,0,Occasional Customer,Send personalized emails and re-engagement campaigns.,0.5900454170446924,-0.5997195092896751
12950.0,2,3,1843.0,1380,35,614.3333333333334,2,0,0,Occasional Customer,Send personalized emails and re-engagement campaigns.,0.09906031990192442,-0.5367953225981202
12951.0,9,6,1064.07,503,35,177.345,2,0,0,Occasional Customer,Send personalized emails and re-engagement campaigns.,0.03365049310092286,-0.8133561543524914
12952.0,6,4,1387.79,653,35,346.9475,2,0,0,Occasional Customer,Send personalized emails and re-engagement campaigns.,-0.009112468359374796,-0.6662335701637067
12953.0,10,1,329.85,84,35,329.85,2,0,0,Occasional Customer,Send personalized emails and re-engagement campaigns.,-0.3252409338579341,-0.5047351594321312
12955.0,1,11,4757.16,3664,35,432.4690909090909,2,0,0,Occasional Customer,Send personalized emails and re-engagement campaigns.,0.9833398052601985,-0.9589585858312515
12956.0,306,1,108.07,34,35,108.07,0,0,2,At Risk,Provide special discounts and win-back offers.,-0.8641589999139399,1.3957701776245508
12957.0,10,8,4017.54,2549,35,502.1925,2,0,0,Occasional Customer,Send personalized emails and re-engagement campaigns.,0.630866075988663,-0.7439426298826692
12962.0,7,2,266.39,129,35,133.195,2,0,0,Occasional Customer,Send personalized emails and re-engagement campaigns.,-0.2949642455648807,-0.6401125089031877
12963.0,8,8,1856.63,881,35,232.07875,2,0,0,Occasional Customer,Send personalized emails and re-engagement campaigns.,0.25447924069731864,-0.895454981311533
12965.0,89,1,771.91,283,35,771.91,2,0,0,Occasional Customer,Send personalized emails and re-engagement campaigns.,-0.32771109219695604,0.16881692997407843
12966.0,10,1,160.18,75,35,160.18,2,0,0,Occasional Customer,Send personalized emails and re-engagement campaigns.,-0.36578242868641814,-0.5598492236449988
12967.0,358,2,1660.9,438,35,830.45,0,0,2,At Risk,Provide special discounts and win-back offers.,-0.6223737867994481,1.9385324107581243
12968.0,112,1,135.95,73,35,135.95,2,0,0,Occasional Customer,Send personalized emails and re-engagement campaigns.,-0.5375707640419275,0.11224376827923722
12970.0,7,4,452.24,310,35,113.06,2,0,0,Occasional Customer,Send personalized emails and re-engagement campaigns.,-0.15065168703698772,-0.7489235890612501
12971.0,4,86,11189.91,9289,35,130.11523255813952,2,-1,0,Occasional Customer,Send personalized emails and re-engagement campaigns.,6.296139621748734,-4.9047662995443115
12974.0,198,1,144.8,24,35,144.8,0,0,2,At Risk,Provide special discounts and win-back offers.,-0.6810960703445563,0.687500274564084
12976.0,212,1,738.6,561,35,738.6,0,0,2,At Risk,Provide special discounts and win-back offers.,-0.5032252285885878,0.9832416155520513
12977.0,156,1,39.24,12,35,39.24,0,0,0,At Risk,Provide special discounts and win-back offers.,-0.6387447090758213,0.37309991969862566
12980.0,158,9,7374.900000000001,886,35,819.4333333333334,2,0,0,Occasional Customer,Send personalized emails and re-engagement campaigns.,0.5255216737841987,0.2911712512256352
12981.0,30,2,372.22,242,35,186.11,2,0,0,Occasional Customer,Send personalized emails and re-engagement campaigns.,-0.3034853919072335,-0.46697985892732385
12982.0,243,1,390.54,288,35,390.54,0,0,2,At Risk,Provide special discounts and win-back offers.,-0.6664043341893022,1.0720437388667345
12984.0,19,1,97.5,26,35,97.5,2,0,0,Occasional Customer,Send personalized emails and re-engagement campaigns.,-0.40070824583536563,-0.5210724262396328
12985.0,1,2,1239.38,1533,35,619.69,2,0,0,Occasional Customer,Send personalized emails and re-engagement campaigns.,0.02285593691071351,-0.4911504953103316
12987.0,74,2,558.7,219,35,279.35,2,0,0,Occasional Customer,Send personalized emails and re-engagement campaigns.,-0.34996680427587107,-0.14294539068350864
12988.0,292,1,535.32,136,35,535.32,0,0,2,At Risk,Provide special discounts and win-back offers.,-0.7300757327983368,1.4427191594251147
12989.0,3,15,6924.110000000001,2943,35,461.6073333333334,2,0,0,Occasional Customer,Send personalized emails and re-engagement campaigns.,1.271138631408158,-1.1435890506231168
12990.0,31,3,409.5,200,35,136.5,2,0,0,Occasional Customer,Send personalized emails and re-engagement campaigns.,-0.25860845912240793,-0.5301852476165888
12991.0,23,2,503.76,405,35,251.88,2,0,0,Occasional Customer,Send personalized emails and re-engagement campaigns.,-0.2535681032400932,-0.4886043068349769
12993.0,23,4,414.76,240,35,103.69,2,0,0,Occasional Customer,Send personalized emails and re-engagement campaigns.,-0.18882231081814893,-0.6469005450250043
12994.0,4,3,974.42,459,35,324.8066666666667,2,0,0,Occasional Customer,Send personalized emails and re-engagement campaigns.,-0.11627522328649835,-0.64047961068412
12995.0,85,1,211.32,108,35,211.32,2,0,0,Occasional Customer,Send personalized emails and re-engagement campaigns.,-0.4720391135197662,-0.04268341136794683
12997.0,22,4,1226.89,664,35,306.7225,2,0,0,Occasional Customer,Send personalized emails and re-engagement campaigns.,-0.05106559319395794,-0.5736193880705023
12999.0,196,3,455.88,342,35,151.96,0,0,2,At Risk,Provide special discounts and win-back offers.,-0.5048873648654421,0.5777754312048292
13000.0,107,3,534.85,379,35,178.28333333333333,2,0,0,Occasional Customer,Send personalized emails and re-engagement campaigns.,-0.34626815211607154,-0.005779678137151373
13001.0,4,13,9818.82,5505,35,755.2938461538462,2,0,0,Occasional Customer,Send personalized emails and re-engagement campaigns.,1.6901385194992828,-0.8592204043444193
13002.0,318,1,120.95,73,35,120.95,0,0,2,At Risk,Provide special discounts and win-back offers.,-0.8761469946930788,1.4806734140740276
13003.0,106,3,149.05,103,35,49.68333333333334,2,0,0,Occasional Customer,Send personalized emails and re-engagement campaigns.,-0.4233733075913244,-0.06191396657815204
13004.0,12,18,5655.91,4822,35,314.21722222222223,2,0,0,Occasional Customer,Send personalized emails and re-engagement campaigns.,1.5396259623987287,-1.2690366005965932
13005.0,174,2,513.7,172,35,256.85,0,0,2,At Risk,Provide special discounts and win-back offers.,-0.5247921478815083,0.5152975379911885
13006.0,56,1,81.57,55,35,81.57,2,0,0,Occasional Customer,Send personalized emails and re-engagement campaigns.,-0.46123055113536876,-0.27902616817954207
13008.0,323,1,229.47,175,35,229.47,0,0,2,At Risk,Provide special discounts and win-back offers.,-0.8471627308103254,1.5510700563267716
13011.0,372,1,50.55,13,35,50.55,0,0,2,At Risk,Provide special discounts and win-back offers.,-0.9873465682073517,1.8167328351743692
13012.0,9,8,1661.84,824,35,207.73,2,0,0,Occasional Customer,Send personalized emails and re-engagement campaigns.,0.2294827017203915,-0.8994849999083032
13013.0,1,13,4810.9400000000005,2224,35,370.0723076923077,2,0,0,Occasional Customer,Send personalized emails and re-engagement campaigns.,0.9235549709255888,-1.112919664864013
13014.0,11,10,3466.28,905,35,346.628,2,0,0,Occasional Customer,Send personalized emails and re-engagement campaigns.,0.49078951497316253,-0.9304701088020237
13015.0,53,5,3346.28,1617,35,669.2560000000001,2,0,0,Occasional Customer,Send personalized emails and re-engagement campaigns.,0.2651341141383224,-0.2675925127866735
13016.0,73,3,789.89,527,35,263.2966666666667,2,0,0,Occasional Customer,Send personalized emails and re-engagement campaigns.,-0.242920864326181,-0.20038643425029565
13017.0,7,1,204.0,48,35,204.0,2,0,0,Occasional Customer,Send personalized emails and re-engagement campaigns.,-0.35384070350364183,-0.5661670975778014
13018.0,16,28,7277.7,5435,35,259.91785714285714,2,0,0,Occasional Customer,Send personalized emails and re-engagement campaigns.,2.2735278982145104,-1.770324703883016
13021.0,4,9,2616.38,1352,35,290.7088888888889,2,0,0,Occasional Customer,Send personalized emails and re-engagement campaigns.,0.4322326757597461,-0.9410121312985746
13023.0,64,2,689.9,286,35,344.95,2,0,0,Occasional Customer,Send personalized emails and re-engagement campaigns.,-0.306379208707233,-0.1864351359518497
13026.0,1,5,975.36,1620,35,195.072,2,0,0,Occasional Customer,Send personalized emails and re-engagement campaigns.,0.11642492975127819,-0.7870807072286279
13027.0,114,6,6912.0,17280,35,1152.0,2,0,0,Occasional Customer,Send personalized emails and re-engagement campaigns.,2.3565737338817367,0.5680932726135932
13028.0,23,2,661.3199999999999,798,35,330.66,2,0,0,Occasional Customer,Send personalized emails and re-engagement campaigns.,-0.18442829579017903,-0.4548834892693111
13029.0,31,3,1247.5,134,35,415.8333333333333,2,0,0,Occasional Customer,Send personalized emails and re-engagement campaigns.,-0.16495171738094483,-0.4352774999784706
13030.0,11,2,799.48,394,35,399.74,2,0,0,Occasional Customer,Send personalized emails and re-engagement campaigns.,-0.19129980861359702,-0.5194200334538291
13032.0,52,2,1010.18,375,35,505.09,2,0,0,Occasional Customer,Send personalized emails and re-engagement campaigns.,-0.22883046647161995,-0.2112644709457067
13033.0,357,1,190.55,83,35,190.55,0,0,2,At Risk,Provide special discounts and win-back offers.,-0.9222216373989998,1.7633917778718544
13034.0,55,2,642.77,369,35,321.385,2,0,0,Occasional Customer,Send personalized emails and re-engagement campaigns.,-0.28910856978397614,-0.25274021512117806
13035.0,74,2,921.88,644,35,460.94,2,0,0,Occasional Customer,Send personalized emails and re-engagement campaigns.,-0.24649419721021554,-0.07428043753696724
13037.0,138,3,881.07,431,35,293.69,0,0,0,At Risk,Provide special discounts and win-back offers.,-0.34878515812743266,0.24158506197971902
13038.0,80,3,908.46,360,35,302.82,2,0,0,Occasional Customer,Send personalized emails and re-engagement campaigns.,-0.2593820101501964,-0.14326392534984841
13040.0,9,2,676.99,355,35,338.495,2,0,0,Occasional Customer,Send personalized emails and re-engagement campaigns.,-0.2108164585810206,-0.5539452392113459
13043.0,273,1,516.42,254,35,516.42,0,0,2,At Risk,Provide special discounts and win-back offers.,-0.6898531636749177,1.3121601358936423
13044.0,291,1,560.47,429,35,560.47,0,0,2,At Risk,Provide special discounts and win-back offers.,-0.6885367250572627,1.4497188609845133
13045.0,99,1,305.28000000000003,221,35,305.28000000000003,2,0,0,Occasional Customer,Send personalized emails and re-engagement campaigns.,-0.4598050767085807,0.08320353081447422
13046.0,31,2,629.31,264,35,314.655,2,0,0,Occasional Customer,Send personalized emails and re-engagement campaigns.,-0.2642786414576404,-0.4169616137673696
13047.0,32,10,3237.54,1391,35,323.754,2,0,0,Occasional Customer,Send personalized emails and re-engagement campaigns.,0.49441942228345187,-0.7908215987319219
13048.0,14,4,1835.91,1238,35,458.9775,2,0,0,Occasional Customer,Send personalized emails and re-engagement campaigns.,0.09379387057968112,-0.5621725971126786
13049.0,64,2,656.6800000000001,268,35,328.34000000000003,2,0,0,Occasional Customer,Send personalized emails and re-engagement campaigns.,-0.31341737657042573,-0.19232250768658213
13050.0,15,17,5836.86,3748,35,343.3447058823529,2,0,0,Occasional Customer,Send personalized emails and re-engagement campaigns.,1.3692651153764364,-1.204396828740572
13052.0,212,1,348.15000000000003,222,35,348.15000000000003,0,0,2,At Risk,Provide special discounts and win-back offers.,-0.6335181959547638,0.8504130039504728
13055.0,78,3,1214.41,894,35,404.8033333333333,2,0,0,Occasional Customer,Send personalized emails and re-engagement campaigns.,-0.15706254538136372,-0.11142871171053916
13058.0,25,3,271.40000000000003,52,35,90.46666666666668,2,0,0,Occasional Customer,Send personalized emails and re-engagement campaigns.,-0.2827507381105099,-0.5888185658318867
13059.0,250,1,183.4,35,35,183.4,0,0,2,At Risk,Provide special discounts and win-back offers.,-0.7554166874477067,1.0468624643963629
13060.0,254,1,307.53,123,35,307.53,0,0,2,At Risk,Provide special discounts and win-back offers.,-0.7227994902460131,1.115383830936723
13061.0,72,1,248.61,107,35,248.61,2,0,0,Occasional Customer,Send personalized emails and re-engagement campaigns.,-0.4423289691939846,-0.11729033866143374
13062.0,191,1,346.98,343,35,346.98,0,0,2,At Risk,Provide special discounts and win-back offers.,-0.5855665180016291,0.712319161443638
13064.0,13,4,1119.49,516,35,279.8725,2,0,0,Occasional Customer,Send personalized emails and re-engagement campaigns.,-0.0651141204057626,-0.6459224762691225
13065.0,373,1,205.86,74,35,205.86,0,0,2,At Risk,Provide special discounts and win-back offers.,-0.9457299523247734,1.8748431004232944
13066.0,24,2,470.8,322,35,235.4,2,0,0,Occasional Customer,Send personalized emails and re-engagement campaigns.,-0.2697497219011792,-0.4890067829202639
13067.0,82,1,115.46,32,35,115.46,2,0,0,Occasional Customer,Send personalized emails and re-engagement campaigns.,-0.49830744918443187,-0.09515747708122332
13068.0,10,2,344.0,200,35,172.0,2,0,0,Occasional Customer,Send personalized emails and re-engagement campaigns.,-0.2800364028490616,-0.6058133117330244
13069.0,1,24,4436.12,5885,35,184.8383333333333,2,0,0,Occasional Customer,Send personalized emails and re-engagement campaigns.,1.9238237761484922,-1.6987508480122249
13070.0,192,1,228.8,110,35,228.8,0,0,2,At Risk,Provide special discounts and win-back offers.,-0.6417864675278256,0.6763241774662274
13072.0,267,1,177.15,69,35,177.15,0,0,2,At Risk,Provide special discounts and win-back offers.,-0.7805720298375567,1.1588087915682244
13075.0,130,1,919.61,485,35,919.61,0,0,2,At Risk,Provide special discounts and win-back offers.,-0.3365411761199193,0.4937777737330205
13077.0,1,4,729.27,863,35,182.3175,2,0,0,Occasional Customer,Send personalized emails and re-engagement campaigns.,-0.04698768990928128,-0.7539549307309644
13078.0,3,26,12627.94,5630,35,485.69,2,0,0,Occasional Customer,Send personalized emails and re-engagement campaigns.,2.5883447196921936,-1.62016440838091
13079.0,4,5,220.1,62,35,44.02,2,0,0,Occasional Customer,Send personalized emails and re-engagement campaigns.,-0.14398244035411206,-0.8515172399826848
13080.0,179,1,58.08,120,35,58.08,0,0,2,At Risk,Provide special discounts and win-back offers.,-0.6592177237304371,0.5345644085500627
13081.0,12,11,28337.38,19068,35,2576.1254545454544,2,-1,0,Occasional Customer,Send personalized emails and re-engagement campaigns.,4.648083774291056,0.317364970148474
13082.0,126,9,3613.63,4324,35,401.5144444444445,2,0,0,Occasional Customer,Send personalized emails and re-engagement campaigns.,0.6626472130485097,-0.02677862316642721
13083.0,4,2,303.75,187,35,151.875,2,0,0,Occasional Customer,Send personalized emails and re-engagement campaigns.,-0.2777802725225399,-0.6527792054695043
13085.0,158,2,416.08,216,35,208.04,0,0,0,At Risk,Provide special discounts and win-back offers.,-0.50818552230964,0.3931599286661619
13089.0,3,97,58825.83,31070,35,606.4518556701031,3,-1,1,Frequent Buyer,Recommend complementary products and loyalty rewards.,12.635361404212965,-4.458895442027399
13090.0,9,14,8910.82,2263,35,636.4871428571429,2,0,0,Occasional Customer,Send personalized emails and re-engagement campaigns.,1.2835027198593436,-0.9874045252338324
13091.0,28,1,345.82,466,35,345.82,2,0,0,Occasional Customer,Send personalized emails and re-engagement campaigns.,-0.3063994086962769,-0.37236855877688135
13092.0,71,5,477.83,279,35,95.566,2,0,0,Occasional Customer,Send personalized emails and re-engagement campaigns.,-0.20234438248572012,-0.3819821750739394
13093.0,276,8,7832.47,3961,35,979.05875,0,0,0,At Risk,Provide special discounts and win-back offers.,0.6902477241509036,1.244391444575446
13094.0,21,12,1927.32,1716,35,160.61,2,0,0,Occasional Customer,Send personalized emails and re-engagement campaigns.,0.552142732218153,-1.0303527956274492
13095.0,71,1,74.39999999999999,144,35,74.39999999999999,2,0,0,Occasional Customer,Send personalized emails and re-engagement campaigns.,-0.4769536546201478,-0.1796741374368869
13097.0,33,10,6010.42,2363,35,601.042,2,0,0,Occasional Customer,Send personalized emails and re-engagement campaigns.,0.8325043430615248,-0.6506041400982845
13098.0,1,28,28882.44,15968,35,1031.5157142857142,2,-1,0,Occasional Customer,Send personalized emails and re-engagement campaigns.,5.055765113479978,-1.2095923597419023
13099.0,99,1,207.36,288,35,207.36,2,0,0,Occasional Customer,Send personalized emails and re-engagement campaigns.,-0.4748106269321336,0.052756633276270226
13101.0,234,1,101.19,113,35,101.19,0,0,2,At Risk,Provide special discounts and win-back offers.,-0.739460689358441,0.9150471819421446
13102.0,1,24,6424.09,4204,35,267.67041666666665,2,0,0,Occasional Customer,Send personalized emails and re-engagement campaigns.,1.8715164740780899,-1.6841870692095295
13103.0,40,1,243.94,82,35,243.94,2,0,0,Occasional Customer,Send personalized emails and re-engagement campaigns.,-0.3942700431583098,-0.33259992676699635
13104.0,3,6,1098.48,504,35,183.08,2,0,0,Occasional Customer,Send personalized emails and re-engagement campaigns.,0.04672495525811081,-0.8511864953984353
13106.0,133,1,76.5,18,35,76.5,0,0,0,At Risk,Provide special discounts and win-back offers.,-0.591961633725041,0.23195077424102412
13107.0,44,4,1531.62,1293,35,382.905,2,0,0,Occasional Customer,Send personalized emails and re-engagement campaigns.,0.0188491805393978,-0.3881037739871173
13108.0,373,1,350.06,298,35,350.06,0,0,2,At Risk,Provide special discounts and win-back offers.,-0.886125909776321,1.9257610053582954
13109.0,60,2,786.54,520,35,393.27,2,0,0,Occasional Customer,Send personalized emails and re-engagement campaigns.,-0.2582848098931472,-0.1925509429535298
13110.0,31,7,1488.67,388,35,212.6671428571429,2,0,0,Occasional Customer,Send personalized emails and re-engagement campaigns.,0.07530441116021519,-0.7073559560696455
13113.0,1,24,12245.96,3045,35,510.2483333333334,2,0,0,Occasional Customer,Send personalized emails and re-engagement campaigns.,2.1558431236638342,-1.570603151422091
13115.0,12,4,2294.78,1567,35,573.695,2,0,0,Occasional Customer,Send personalized emails and re-engagement campaigns.,0.1843588090091715,-0.5286480632379591
13116.0,138,1,501.14,291,35,501.14,0,0,0,At Risk,Provide special discounts and win-back offers.,-0.46951490227558534,0.4079395732286642
13117.0,22,8,984.91,945,35,123.11375,2,0,0,Occasional Customer,Send personalized emails and re-engagement campaigns.,0.16421211088188056,-0.8439799795698881
13118.0,20,5,1197.81,410,35,239.562,2,0,0,Occasional Customer,Send personalized emails and re-engagement campaigns.,-0.03320879849134849,-0.6670003238464044
13120.0,239,1,30.6,12,35,30.6,0,0,2,At Risk,Provide special discounts and win-back offers.,-0.7757657081810687,0.9236167288250461
13121.0,269,1,283.73,252,35,283.73,0,0,2,At Risk,Provide special discounts and win-back offers.,-0.7377441214724927,1.2101043751260452
13122.0,94,2,922.39,585,35,461.195,2,0,0,Occasional Customer,Send personalized emails and re-engagement campaigns.,-0.2858088517183901,0.058021689141640465
13124.0,90,3,3866.33,2147,35,1288.7766666666666,2,0,0,Occasional Customer,Send personalized emails and re-engagement campaigns.,0.28972788681553824,0.29646178443849164
13126.0,5,8,2099.64,2143,35,262.455,2,0,0,Occasional Customer,Send personalized emails and re-engagement campaigns.,0.42694206864434325,-0.8796668141485628
13127.0,78,1,259.17,127,35,259.17,2,0,0,Occasional Customer,Send personalized emails and re-engagement campaigns.,-0.4473058041334998,-0.07349511272472435
13130.0,94,1,64.0,32,35,64.0,2,0,0,Occasional Customer,Send personalized emails and re-engagement campaigns.,-0.5298056643465849,-0.03182452699811087
13131.0,23,3,1073.3,447,35,357.76666666666665,2,0,0,Occasional Customer,Send personalized emails and re-engagement campaigns.,-0.13661966851230914,-0.5026979296591287
13132.0,262,1,77.3,20,35,77.3,0,0,2,At Risk,Provide special discounts and win-back offers.,-0.8013774457024334,1.0922185880769324
13133.0,274,2,109.8,32,35,54.9,0,0,2,At Risk,Provide special discounts and win-back offers.,-0.7638615295795482,1.1118470953841684
13134.0,86,4,1793.58,1059,35,448.395,2,0,0,Occasional Customer,Send personalized emails and re-engagement campaigns.,-0.04865638939665335,-0.08931268797170269
13135.0,197,1,3096.0,4300,35,3096.0,0,0,2,At Risk,Provide special discounts and win-back offers.,0.5045412876533686,1.7171088720744399
13136.0,56,5,2607.61,1328,35,521.522,2,0,0,Occasional Customer,Send personalized emails and re-engagement campaigns.,0.15386891715226392,-0.3069041062297288
13137.0,11,8,3650.41,2226,35,456.30125,2,0,0,Occasional Customer,Send personalized emails and re-engagement campaigns.,0.5601354862503715,-0.7614988712016492
13138.0,22,6,962.39,473,35,160.39833333333334,2,0,0,Occasional Customer,Send personalized emails and re-engagement campaigns.,-0.0004341505802483358,-0.7336093535348704
13139.0,16,7,5064.94,2425,35,723.5628571428571,2,0,0,Occasional Customer,Send personalized emails and re-engagement campaigns.,0.6546168652441459,-0.5722734312469947
13140.0,108,3,423.72,186,35,141.24,2,0,0,Occasional Customer,Send personalized emails and re-engagement campaigns.,-0.38376642191904914,-0.015501436389746066
13141.0,85,5,2388.75,1548,35,477.75,2,0,0,Occasional Customer,Send personalized emails and re-engagement campaigns.,0.1107018382768224,-0.1253907059882594
13142.0,19,1,307.09,258,35,307.09,2,0,0,Occasional Customer,Send personalized emails and re-engagement campaigns.,-0.32495297611500057,-0.4488284284906317
13144.0,333,1,110.95,21,35,110.95,0,0,2,At Risk,Provide special discounts and win-back offers.,-0.9089185595079142,1.576451759987712
13145.0,40,4,618.52,145,35,154.63,2,0,0,Occasional Customer,Send personalized emails and re-engagement campaigns.,-0.20572864487201525,-0.5173076511655007
13146.0,26,1,228.91,154,35,228.91,2,0,0,Occasional Customer,Send personalized emails and re-engagement campaigns.,-0.36662674079826274,-0.4294404134696672
13147.0,10,4,712.8000000000001,144,35,178.20000000000002,2,0,0,Occasional Customer,Send personalized emails and re-engagement campaigns.,-0.14696437142923696,-0.708966290016971
13148.0,29,12,3707.12,1975,35,308.9266666666667,2,0,0,Occasional Customer,Send personalized emails and re-engagement campaigns.,0.7097854914788047,-0.9074803439681091
13149.0,14,4,1676.06,1280,35,419.015,2,0,0,Occasional Customer,Send personalized emails and re-engagement campaigns.,0.08158242248758239,-0.5755442425308943
13151.0,296,1,1257.87,363,35,1257.87,0,0,2,At Risk,Provide special discounts and win-back offers.,-0.5420026528157823,1.707647190500211
13153.0,6,1,486.22,418,35,486.22,2,0,0,Occasional Customer,Send personalized emails and re-engagement campaigns.,-0.2435112019414679,-0.4744689711455388
13155.0,33,4,971.76,497,35,242.94,2,0,0,Occasional Customer,Send personalized emails and re-engagement campaigns.,-0.115652584276936,-0.526040996219427
13157.0,49,4,1741.22,1439,35,435.305,2,0,0,Occasional Customer,Send personalized emails and re-engagement campaigns.,0.05010043654907262,-0.3334489358682686
13158.0,95,4,1201.06,784,35,300.265,2,0,0,Occasional Customer,Send personalized emails and re-engagement campaigns.,-0.15862259155453132,-0.08699622836450101
13159.0,9,4,1437.85,1059,35,359.4625,2,0,0,Occasional Customer,Send personalized emails and re-engagement campaigns.,0.03855384299392177,-0.6341474347404616
13160.0,22,1,91.8,56,35,91.8,2,0,0,Occasional Customer,Send personalized emails and re-engagement campaigns.,-0.4034277789819499,-0.5023535669048078
13161.0,313,1,112.75,29,35,112.75,0,0,2,At Risk,Provide special discounts and win-back offers.,-0.875037165565289,1.4438565756963548
13162.0,122,4,1688.29,1713,35,422.0725,2,0,0,Occasional Customer,Send personalized emails and re-engagement campaigns.,-0.04245367947921103,0.15367532308387247
13165.0,46,2,1021.48,1376,35,510.74,2,0,0,Occasional Customer,Send personalized emails and re-engagement campaigns.,-0.1010330982672835,-0.23051134970930248
13166.0,283,1,417.2,216,35,417.2,0,0,2,At Risk,Provide special discounts and win-back offers.,-0.7336326624473901,1.3459778832845992
13167.0,19,4,791.33,785,35,197.8325,2,0,0,Occasional Customer,Send personalized emails and re-engagement campaigns.,-0.07869720961518847,-0.6299302406428664
13168.0,36,4,1319.19,682,35,329.7975,2,0,0,Occasional Customer,Send personalized emails and re-engagement campaigns.,-0.06187597028063587,-0.47177193098766723
13169.0,64,2,712.88,272,35,356.44,2,0,0,Occasional Customer,Send personalized emails and re-engagement campaigns.,-0.3045852427412985,-0.1828610324715552
13170.0,27,1,116.01,147,35,116.01,2,0,0,Occasional Customer,Send personalized emails and re-engagement campaigns.,-0.39534760797531404,-0.459466442323328
13171.0,22,3,468.41,229,35,156.13666666666668,2,0,0,Occasional Customer,Send personalized emails and re-engagement campaigns.,-0.2334746851005974,-0.582877409096318
13173.0,4,2,353.65,277,35,176.825,2,0,0,Occasional Customer,Send personalized emails and re-engagement campaigns.,-0.25988954097035805,-0.6427491785254564
13174.0,16,3,2817.03,1395,35,939.01,2,0,0,Occasional Customer,Send personalized emails and re-engagement campaigns.,0.19580803520851436,-0.3314228899638959
13176.0,46,1,492.84,453,35,492.84,2,0,0,Occasional Customer,Send personalized emails and re-engagement campaigns.,-0.3029668148504268,-0.20500791670019575
13177.0,65,1,282.45,91,35,282.45,2,0,0,Occasional Customer,Send personalized emails and re-engagement campaigns.,-0.42492523692432804,-0.1532985153834708
13178.0,26,11,5725.47,3570,35,520.4972727272727,2,0,0,Occasional Customer,Send personalized emails and re-engagement campaigns.,1.009445511352047,-0.7565897112995285
13182.0,45,1,121.18,201,35,121.18,2,0,0,Occasional Customer,Send personalized emails and re-engagement campaigns.,-0.41714647611156963,-0.33677860584376434
13183.0,8,9,3957.78,2208,35,439.7533333333333,2,0,0,Occasional Customer,Send personalized emails and re-engagement campaigns.,0.637408472439374,-0.8377950839741563
13184.0,15,10,1701.29,1692,35,170.129,2,0,0,Occasional Customer,Send personalized emails and re-engagement campaigns.,0.43144700561266597,-0.962320745418344
13185.0,268,1,71.4,12,35,71.4,0,0,2,At Risk,Provide special discounts and win-back offers.,-0.8134404893089655,1.1301558718474196
13186.0,40,3,1575.89,820,35,525.2966666666667,2,0,0,Occasional Customer,Send personalized emails and re-engagement campaigns.,-0.060143408169050054,-0.3246721253841723
13187.0,337,1,236.02,95,35,236.02,0,0,2,At Risk,Provide special discounts and win-back offers.,-0.8777098977613784,1.6450136882676396
13188.0,11,1,114.6,25,35,114.6,2,0,0,Occasional Customer,Send personalized emails and re-engagement campaigns.,-0.3838309980983872,-0.5688852955150595
13189.0,19,2,260.68,842,35,130.34,2,0,0,Occasional Customer,Send personalized emails and re-engagement campaigns.,-0.23245543383689554,-0.5476318645122854
13192.0,95,2,911.94,595,35,455.97,2,0,0,Occasional Customer,Send personalized emails and re-engagement campaigns.,-0.28782890432372255,0.06313130959172851
13193.0,61,1,117.88,50,35,117.88,2,0,0,Occasional Customer,Send personalized emails and re-engagement campaigns.,-0.46149271896246574,-0.23402987138416867
13194.0,136,1,60.7,26,35,60.7,0,0,0,At Risk,Provide special discounts and win-back offers.,-0.5995894770953877,0.2469843324809794
13196.0,11,4,1797.78,1224,35,449.445,2,0,0,Occasional Customer,Send personalized emails and re-engagement campaigns.,0.09296898258701511,-0.5858141900837209
13198.0,10,6,3401.24,2648,35,566.8733333333333,2,0,0,Occasional Customer,Send personalized emails and re-engagement campaigns.,0.49860118948262383,-0.6202712278190803
13199.0,4,38,9817.12,6176,35,258.34526315789475,2,0,0,Occasional Customer,Send personalized emails and re-engagement campaigns.,3.1168154125109,-2.3499727844807126
13200.0,19,4,870.09,516,35,217.5225,2,0,0,Occasional Customer,Send personalized emails and re-engagement campaigns.,-0.10154334027125607,-0.6280213714027415
13203.0,10,4,869.46,800,35,217.365,2,0,0,Occasional Customer,Send personalized emails and re-engagement campaigns.,-0.05395921138776113,-0.6827229959421196
13207.0,15,2,250.26,130,35,125.13,2,0,0,Occasional Customer,Send personalized emails and re-engagement campaigns.,-0.3102624688853656,-0.5894560335093988
13208.0,59,6,1223.9,804,35,203.98333333333332,2,0,0,Occasional Customer,Send personalized emails and re-engagement campaigns.,0.002163749258674544,-0.4643774896382835
13209.0,30,8,5891.61,4253,35,736.45125,2,0,0,Occasional Customer,Send personalized emails and re-engagement campaigns.,0.9575013053267841,-0.48592522408922506
13210.0,94,1,353.48,316,35,353.48,2,0,0,Occasional Customer,Send personalized emails and re-engagement campaigns.,-0.42940937826159087,0.06727032746790397
13211.0,10,3,1197.42,874,35,399.14,2,0,0,Occasional Customer,Send personalized emails and re-engagement campaigns.,-0.05083126656358905,-0.567073123610819
13212.0,20,3,788.08,310,35,262.6933333333333,2,0,0,Occasional Customer,Send personalized emails and re-engagement campaigns.,-0.18215251216434683,-0.5580050694113423
13213.0,57,5,1520.58,1360,35,304.116,2,0,0,Occasional Customer,Send personalized emails and re-engagement campaigns.,0.04884054980519291,-0.37890185883635374
13216.0,268,1,333.74,297,35,333.74,0,0,2,At Risk,Provide special discounts and win-back offers.,-0.7192455432002024,1.2204807911085467
13217.0,122,3,533.98,262,35,177.99333333333334,2,0,0,Occasional Customer,Send personalized emails and re-engagement campaigns.,-0.3843726767008176,0.09191218747857378
13218.0,127,1,62.63999999999999,88,35,62.63999999999999,0,0,0,At Risk,Provide special discounts and win-back offers.,-0.5772914528120822,0.18878301719920076
13220.0,78,4,819.2900000000001,196,35,204.8225,2,0,0,Occasional Customer,Send personalized emails and re-engagement campaigns.,-0.24014292347476957,-0.24523292062441257
13221.0,240,2,847.41,244,35,423.705,0,0,2,At Risk,Provide special discounts and win-back offers.,-0.5740966630573128,1.0123733015823626
13223.0,200,2,163.20000000000002,88,35,81.60000000000001,0,0,2,At Risk,Provide special discounts and win-back offers.,-0.6290316518431212,0.6285041813670672
13224.0,60,2,2155.95,1518,35,1077.975,2,0,0,Occasional Customer,Send personalized emails and re-engagement campaigns.,0.06160245585986229,0.054965398663608986
13225.0,3,7,6463.84,3416,35,923.4057142857145,2,0,0,Occasional Customer,Send personalized emails and re-engagement campaigns.,0.91539777779717,-0.5633233083058126
13226.0,273,1,108.21,80,35,108.21,0,0,2,At Risk,Provide special discounts and win-back offers.,-0.8051008202641332,1.176689819662943
13227.0,202,1,257.7,99,35,257.7,0,0,2,At Risk,Provide special discounts and win-back offers.,-0.65260407069978,0.7521400218763645
13228.0,81,1,358.0,200,35,358.0,2,0,0,Occasional Customer,Send personalized emails and re-engagement campaigns.,-0.4206948365997466,-0.020115805185131137
13229.0,226,1,160.95,63,35,160.95,0,0,2,At Risk,Provide special discounts and win-back offers.,-0.7183488689598104,0.8801255161847432
13230.0,4,14,2806.97,1665,35,200.49785714285716,2,0,0,Occasional Customer,Send personalized emails and re-engagement campaigns.,0.7522996391387241,-1.230967995340175
13232.0,13,7,1357.6,778,35,193.94285714285712,2,0,0,Occasional Customer,Send personalized emails and re-engagement campaigns.,0.1382572688546082,-0.8272107885673632
13233.0,74,2,605.12,1004,35,302.56,2,0,0,Occasional Customer,Send personalized emails and re-engagement campaigns.,-0.25180806656866966,-0.1203988119630449
13235.0,212,1,1031.07,441,35,1031.07,0,0,2,At Risk,Provide special discounts and win-back offers.,-0.44909350048778074,1.0756910667197268
13236.0,25,2,744.85,416,35,372.425,2,0,0,Occasional Customer,Send personalized emails and re-engagement campaigns.,-0.21964872075593722,-0.43479911910104346
13238.0,17,4,700.73,298,35,175.1825,2,0,0,Occasional Customer,Send personalized emails and re-engagement campaigns.,-0.1417406317745879,-0.6604683939053808
13239.0,262,1,329.56,327,35,329.56,0,0,2,At Risk,Provide special discounts and win-back offers.,-0.7069716375667574,1.179693893235365
13240.0,96,4,663.65,298,35,165.9125,2,0,0,Occasional Customer,Send personalized emails and re-engagement campaigns.,-0.27420907040547676,-0.13710484516361204
13242.0,112,3,270.40000000000003,130,35,90.13333333333334,2,0,0,Occasional Customer,Send personalized emails and re-engagement campaigns.,-0.4153213106999151,-0.007482860741431364
13243.0,203,1,600.07,233,35,600.07,0,0,2,At Risk,Provide special discounts and win-back offers.,-0.5589586637527936,0.8722019014386718
13244.0,93,1,121.74,38,35,121.74,2,0,0,Occasional Customer,Send personalized emails and re-engagement campaigns.,-0.5140410382934368,-0.019679877149644778
13245.0,51,1,430.5,125,35,430.5,2,0,0,Occasional Customer,Send personalized emails and re-engagement campaigns.,-0.3637376766385913,-0.19804473343480966
13246.0,18,6,1987.3,1602,35,331.21666666666664,2,0,0,Occasional Customer,Send personalized emails and re-engagement campaigns.,0.23257363163525427,-0.6749759519635106
13247.0,18,4,501.12,328,35,125.28,2,0,0,Occasional Customer,Send personalized emails and re-engagement campaigns.,-0.16122528962742566,-0.6709225943252025
13248.0,125,2,465.68,305,35,232.84,2,0,0,Occasional Customer,Send personalized emails and re-engagement campaigns.,-0.43677709834578626,0.1831284101361952
13249.0,92,3,711.41,546,35,237.13666666666663,2,0,0,Occasional Customer,Send personalized emails and re-engagement campaigns.,-0.281107754160661,-0.08237070538318958
13253.0,157,2,1030.4,1572,35,515.2,0,0,2,At Risk,Provide special discounts and win-back offers.,-0.2574774999275664,0.5146472513963543
13255.0,9,2,399.51,177,35,199.755,2,0,0,Occasional Customer,Send personalized emails and re-engagement campaigns.,-0.2728188270223789,-0.6036423509593984
13258.0,12,3,698.58,287,35,232.86,2,0,0,Occasional Customer,Send personalized emails and re-engagement campaigns.,-0.1826350956040513,-0.622039229261667
13259.0,62,1,292.32,132,35,292.32,2,0,0,Occasional Customer,Send personalized emails and re-engagement campaigns.,-0.41298205183157594,-0.16932895428681805
13260.0,61,1,557.62,142,35,557.62,2,0,0,Occasional Customer,Send personalized emails and re-engagement campaigns.,-0.34843718984648187,-0.08989450153868937
13261.0,269,2,944.1,210,35,472.05,0,0,2,At Risk,Provide special discounts and win-back offers.,-0.6108254724908572,1.2212077963239847
13262.0,263,1,200.29,125,35,200.29,0,0,2,At Risk,Provide special discounts and win-back offers.,-0.7621696791096211,1.1406918367754553
13263.0,1,35,7454.07,4780,35,212.97342857142857,2,0,0,Occasional Customer,Send personalized emails and re-engagement campaigns.,2.6263844057674515,-2.272896220433527
13265.0,53,5,2107.66,1752,35,421.532,2,0,0,Occasional Customer,Send personalized emails and re-engagement campaigns.,0.1587665501664342,-0.3553696879664105
13266.0,11,12,3834.26,4428,35,319.52166666666665,2,0,0,Occasional Customer,Send personalized emails and re-engagement campaigns.,1.0342392091645143,-0.9766288495146845
13267.0,3,19,4521.49,1969,35,237.97315789473683,2,0,0,Occasional Customer,Send personalized emails and re-engagement campaigns.,1.1934071454107233,-1.472178664493394
13268.0,18,11,3214.69,3658,35,292.24454545454546,2,0,0,Occasional Customer,Send personalized emails and re-engagement campaigns.,0.8312210407180386,-0.9054448331120241
13269.0,1,15,5346.2300000000005,3514,35,356.41533333333336,2,0,0,Occasional Customer,Send personalized emails and re-engagement campaigns.,1.2205725786537083,-1.1952371510322886
13270.0,366,1,590.0,200,35,590.0,0,0,2,At Risk,Provide special discounts and win-back offers.,-0.8302783519707783,1.9549491085165807
13271.0,37,1,217.38,253,35,217.38,2,0,0,Occasional Customer,Send personalized emails and re-engagement campaigns.,-0.3756958671503666,-0.3579775994219415
13272.0,31,2,276.56,96,35,138.28,2,0,0,Occasional Customer,Send personalized emails and re-engagement campaigns.,-0.3363249804224908,-0.47904128603464396
13273.0,113,1,138.98,153,35,138.98,2,0,0,Occasional Customer,Send personalized emails and re-engagement campaigns.,-0.5291929513266106,0.1213990745704029
13276.0,64,2,590.9300000000001,161,35,295.46500000000003,2,0,0,Occasional Customer,Send personalized emails and re-engagement campaigns.,-0.3356439537352677,-0.20532005665504535
13277.0,16,4,258.4,176,35,64.6,2,0,0,Occasional Customer,Send personalized emails and re-engagement campaigns.,-0.201595524181005,-0.7086257058179097
13278.0,41,1,542.73,537,35,542.73,2,0,0,Occasional Customer,Send personalized emails and re-engagement campaigns.,-0.27345635175086014,-0.22060114777796788
13279.0,78,1,137.75,73,35,137.75,2,0,0,Occasional Customer,Send personalized emails and re-engagement campaigns.,-0.4818465444971109,-0.11383237381286165
13280.0,122,3,814.86,522,35,271.62,2,0,0,Occasional Customer,Send personalized emails and re-engagement campaigns.,-0.3201873418611702,0.12904005148594333
13282.0,18,3,1132.14,307,35,377.38000000000005,2,0,0,Occasional Customer,Send personalized emails and re-engagement campaigns.,-0.13764524887857485,-0.5319172753050011
13283.0,60,2,93.66,90,35,46.83,2,0,0,Occasional Customer,Send personalized emails and re-engagement campaigns.,-0.41142506238043763,-0.3163740868679811
13284.0,331,1,201.19,91,35,201.19,0,0,2,At Risk,Provide special discounts and win-back offers.,-0.8765227463829685,1.5936606082472244
13285.0,23,4,2709.12,2051,35,677.28,2,0,0,Occasional Customer,Send personalized emails and re-engagement campaigns.,0.2670328860891048,-0.4094841820012346
13291.0,156,1,361.11,233,35,361.11,0,0,2,At Risk,Provide special discounts and win-back offers.,-0.5381318205854572,0.48149639079167444
13292.0,39,2,578.9399999999999,347,35,289.47,2,0,0,Occasional Customer,Send personalized emails and re-engagement campaigns.,-0.27514299085489946,-0.3704782936609732
13294.0,190,2,873.74,453,35,436.87,0,0,2,At Risk,Provide special discounts and win-back offers.,-0.46455143509494634,0.6873873699582722
13295.0,360,1,201.2,82,35,201.2,0,0,2,At Risk,Provide special discounts and win-back offers.,-0.9247386693358829,1.786821062213419
13296.0,137,1,87.4,78,35,87.4,0,0,0,At Risk,Provide special discounts and win-back offers.,-0.5889565154584074,0.2632770458070246
13297.0,8,4,2089.85,963,35,522.4625,2,0,0,Occasional Customer,Send personalized emails and re-engagement campaigns.,0.09874284388213175,-0.5848540098645321
13298.0,1,1,360.0,96,35,360.0,2,0,0,Occasional Customer,Send personalized emails and re-engagement campaigns.,-0.3021882095485873,-0.5547434788585219
13299.0,268,1,142.5,30,35,142.5,0,0,2,At Risk,Provide special discounts and win-back offers.,-0.7947977129484735,1.1535194981624302
13300.0,169,1,371.89,203,35,371.89,0,0,2,At Risk,Provide special discounts and win-back offers.,-0.5602557641572332,0.5710856712418871
13301.0,104,4,618.09,345,35,154.5225,2,0,0,Occasional Customer,Send personalized emails and re-engagement campaigns.,-0.2866307674410186,-0.08692430479420826
13302.0,155,1,63.75,5,35,63.75,0,0,0,At Risk,Provide special discounts and win-back offers.,-0.6322263836683264,0.3742386621948106
13304.0,351,1,300.42,238,35,300.42,0,0,2,At Risk,Provide special discounts and win-back offers.,-0.8688695908032308,1.7618935485658649
13305.0,4,10,2000.86,1232,35,200.086,2,0,0,Occasional Customer,Send personalized emails and re-engagement campaigns.,0.42036455509835075,-1.0318713511595965
13307.0,120,1,15.0,4,35,15.0,2,0,0,Occasional Customer,Send personalized emails and re-engagement campaigns.,-0.586758677249345,0.12510756098513418
13308.0,23,3,1385.51,843,35,461.8366666666666,2,0,0,Occasional Customer,Send personalized emails and re-engagement campaigns.,-0.052837495244777065,-0.4594122684086601
13309.0,7,5,1456.79,1544,35,291.358,2,0,0,Occasional Customer,Send personalized emails and re-engagement campaigns.,0.14527354817456972,-0.7134079943407325
13310.0,28,3,1132.03,587,35,377.3433333333333,2,0,0,Occasional Customer,Send personalized emails and re-engagement campaigns.,-0.12137786652361159,-0.45998868033304546
13311.0,4,2,598.57,305,35,299.285,2,0,0,Occasional Customer,Send personalized emails and re-engagement campaigns.,-0.220170628269448,-0.6013168414799333
13313.0,22,5,1555.32,851,35,311.064,2,0,0,Occasional Customer,Send personalized emails and re-engagement campaigns.,0.05003018895576465,-0.6192865221235168
13314.0,2,3,775.94,560,35,258.6466666666667,2,0,0,Occasional Customer,Send personalized emails and re-engagement campaigns.,-0.12528145735480217,-0.6746825439095988
13316.0,37,4,5977.7300000000005,6948,35,1494.4325,2,0,0,Occasional Customer,Send personalized emails and re-engagement campaigns.,1.1630099274391743,0.06574149259948146
13317.0,66,6,2273.68,1035,35,378.94666666666666,2,0,0,Occasional Customer,Send personalized emails and re-engagement campaigns.,0.11520774607705878,-0.34778311433876996
13318.0,1,3,640.76,304,35,213.58666666666667,2,0,0,Occasional Customer,Send personalized emails and re-engagement campaigns.,-0.16975759279814676,-0.701683946272913
13319.0,5,26,10845.55,4724,35,417.1365384615385,2,0,0,Occasional Customer,Send personalized emails and re-engagement campaigns.,2.352444267252951,-1.6635752340342522
13320.0,78,4,1548.7,1096,35,387.175,2,0,0,Occasional Customer,Send personalized emails and re-engagement campaigns.,-0.05752868380540771,-0.16364400000033183
13321.0,72,2,567.36,372,35,283.68,2,0,0,Occasional Customer,Send personalized emails and re-engagement campaigns.,-0.327639667023142,-0.15194855799984153
13322.0,17,1,199.48,117,35,199.48,2,0,0,Occasional Customer,Send personalized emails and re-engagement campaigns.,-0.36313860654509744,-0.4996660392788691
13323.0,3,5,787.85,175,35,157.57,2,0,0,Occasional Customer,Send personalized emails and re-engagement campaigns.,-0.07327187302998411,-0.8146532516527472
13324.0,36,10,7121.95,5205,35,712.1949999999999,2,0,0,Occasional Customer,Send personalized emails and re-engagement campaigns.,1.2488610820895718,-0.5308533366577151
13325.0,82,1,675.3,240,35,675.3,2,0,0,Occasional Customer,Send personalized emails and re-engagement campaigns.,-0.34381162690039724,0.0900561293542524
13327.0,39,8,3627.77,1600,35,453.47125,2,0,0,Occasional Customer,Send personalized emails and re-engagement campaigns.,0.43987823582964547,-0.587754261737861
13328.0,316,1,1308.48,680,35,1308.48,0,0,2,At Risk,Provide special discounts and win-back offers.,-0.5259065023482822,1.8633392213898965
13329.0,32,2,789.0,463,35,394.5,2,0,0,Occasional Customer,Send personalized emails and re-engagement campaigns.,-0.21899870821334655,-0.3798746815408886
13330.0,93,3,1140.93,751,35,380.31,2,0,0,Occasional Customer,Send personalized emails and re-engagement campaigns.,-0.2069690738853378,-0.022558057192755585
13332.0,14,1,350.9,179,35,350.9,2,0,0,Occasional Customer,Send personalized emails and re-engagement campaigns.,-0.3158047592893509,-0.46946240123539035
13334.0,82,3,3536.82,1774,35,1178.94,2,0,0,Occasional Customer,Send personalized emails and re-engagement campaigns.,0.21954033834217118,0.19829304511106982
13336.0,77,1,795.12,559,35,795.12,2,0,0,Occasional Customer,Send personalized emails and re-engagement campaigns.,-0.27070687054952053,0.10153715675838419
13338.0,158,1,487.02,256,35,487.02,0,0,2,At Risk,Provide special discounts and win-back offers.,-0.5094025673789288,0.536036322536413
13339.0,201,1,860.12,326,35,860.12,0,0,2,At Risk,Provide special discounts and win-back offers.,-0.48436142073803135,0.9448339899521269
13340.0,45,7,10736.48,5770,35,1533.782857142857,2,0,0,Occasional Customer,Send personalized emails and re-engagement campaigns.,1.5007874044307101,-0.003979987537401609
13341.0,261,1,775.85,301,35,775.85,0,0,2,At Risk,Provide special discounts and win-back offers.,-0.6044809961549885,1.317060124210783
13343.0,178,1,353.43,135,35,353.43,0,0,2,At Risk,Provide special discounts and win-back offers.,-0.5870967054011366,0.6238242196640456
13344.0,68,3,2543.72,971,35,847.9066666666666,2,0,0,Occasional Customer,Send personalized emails and re-engagement campaigns.,0.028890389654949517,-0.024117870490371448
13345.0,288,1,389.5,141,35,389.5,0,0,2,At Risk,Provide special discounts and win-back offers.,-0.756931643606052,1.3689265416408158
13347.0,70,1,341.36,205,35,341.36,2,0,0,Occasional Customer,Send personalized emails and re-engagement campaigns.,-0.4060941923151067,-0.09874099456900003
13348.0,64,1,233.76,136,35,233.76,2,0,0,Occasional Customer,Send personalized emails and re-engagement campaigns.,-0.4294017893274112,-0.17488424657636653
13349.0,11,1,247.32,225,35,247.32,2,0,0,Occasional Customer,Send personalized emails and re-engagement campaigns.,-0.3296889766357368,-0.5221372702193827
13350.0,16,2,979.12,287,35,489.56,2,0,0,Occasional Customer,Send personalized emails and re-engagement campaigns.,-0.18512531152401981,-0.4581022173815781
13351.0,66,1,373.94,117,35,373.94,2,0,0,Occasional Customer,Send personalized emails and re-engagement campaigns.,-0.40223284110608337,-0.1165147614755556
13352.0,60,1,397.98,321,35,397.98,2,0,0,Occasional Customer,Send personalized emails and re-engagement campaigns.,-0.3631643680965448,-0.14488399058692467
13354.0,71,1,743.53,604,35,743.53,2,0,0,Occasional Customer,Send personalized emails and re-engagement campaigns.,-0.2677253568328418,0.04568010332979999
13355.0,122,1,674.7,314,35,674.7,0,0,0,At Risk,Provide special discounts and win-back offers.,-0.4004145711095206,0.357914103885601
13356.0,80,1,768.24,325,35,768.24,2,0,0,Occasional Customer,Send personalized emails and re-engagement campaigns.,-0.3090437295205568,0.1084220074176246
13357.0,257,1,609.95,322,35,609.95,0,0,2,At Risk,Provide special discounts and win-back offers.,-0.6341512531628177,1.2370665053991607
13358.0,269,1,439.03,285,35,439.03,0,0,2,At Risk,Provide special discounts and win-back offers.,-0.6977579016874712,1.2610172804322999
13359.0,64,1,439.56,161,35,439.56,2,0,0,Occasional Customer,Send personalized emails and re-engagement campaigns.,-0.37859022230732153,-0.10776862723348625
13362.0,9,4,3090.74,1382,35,772.6850000000001,2,0,0,Occasional Customer,Send personalized emails and re-engagement campaigns.,0.25285008259166897,-0.4816095241626318
13363.0,18,2,992.5,710,35,496.25,2,0,0,Occasional Customer,Send personalized emails and re-engagement campaigns.,-0.13721741262873743,-0.43456298097832097
13364.0,71,1,134.95999999999998,71,35,134.95999999999998,2,0,0,Occasional Customer,Send personalized emails and re-engagement campaigns.,-0.4713421026467042,-0.16143865059959242
13365.0,34,2,2225.37,1247,35,1112.685,2,0,0,Occasional Customer,Send personalized emails and re-engagement campaigns.,0.08272930975459011,-0.11187528797341598
13366.0,50,1,56.16,144,35,56.16,2,0,0,Occasional Customer,Send personalized emails and re-engagement campaigns.,-0.44704040804068157,-0.325576108373718
13368.0,257,2,623.4,327,35,311.7,0,0,2,At Risk,Provide special discounts and win-back offers.,-0.6254525289823417,1.089854582977498
13369.0,366,1,308.28000000000003,149,35,308.28000000000003,0,0,2,At Risk,Provide special discounts and win-back offers.,-0.901784594610331,1.8627582305757315
13370.0,372,1,754.87,343,35,754.87,0,0,2,At Risk,Provide special discounts and win-back offers.,-0.785037905327511,2.0510327589074717
13372.0,90,1,378.64,159,35,378.64,2,0,0,Occasional Customer,Send personalized emails and re-engagement campaigns.,-0.43529572755946166,0.04579337985545956
13373.0,61,3,3312.25,1651,35,1104.0833333333333,2,0,0,Occasional Customer,Send personalized emails and re-engagement campaigns.,0.21224769631156243,0.030212724219591976
13375.0,89,1,778.65,442,35,778.65,2,0,0,Occasional Customer,Send personalized emails and re-engagement campaigns.,-0.3076601688942326,0.17399601752419022
13376.0,99,3,1019.76,493,35,339.92,2,0,0,Occasional Customer,Send personalized emails and re-engagement campaigns.,-0.2613700078719829,-0.00132455670559237
13379.0,26,3,572.56,601,35,190.85333333333327,2,0,0,Occasional Customer,Send personalized emails and re-engagement campaigns.,-0.1841467533075757,-0.5372509413405485
13381.0,32,6,3639.31,2029,35,606.5516666666666,2,0,0,Occasional Customer,Send personalized emails and re-engagement campaigns.,0.4129925910748934,-0.4704036153906385
13382.0,281,1,222.99,131,35,222.99,0,0,2,At Risk,Provide special discounts and win-back offers.,-0.7854674319600755,1.2681518424376859
13384.0,31,7,4151.93,2422,35,593.1328571428572,2,0,0,Occasional Customer,Send personalized emails and re-engagement campaigns.,0.5486501643706868,-0.5225477702739489
13385.0,330,1,534.57,281,35,534.57,0,0,2,At Risk,Provide special discounts and win-back offers.,-0.7752073752388605,1.6985337186540073
13388.0,131,2,677.1,282,35,338.55,0,0,0,At Risk,Provide special discounts and win-back offers.,-0.41773367278292545,0.2580033580561678
13389.0,11,3,797.96,429,35,265.9866666666667,2,0,0,Occasional Customer,Send personalized emails and re-engagement campaigns.,-0.15248579135788606,-0.6146267883994038
13390.0,75,1,544.08,224,35,544.08,2,0,0,Occasional Customer,Send personalized emails and re-engagement campaigns.,-0.364830134441046,0.0005963618239982173
13391.0,204,1,59.8,4,35,59.8,0,0,2,At Risk,Provide special discounts and win-back offers.,-0.7129666755207917,0.6995963559334796
13394.0,2,8,2520.02,2392,35,315.0025,2,0,0,Occasional Customer,Send personalized emails and re-engagement campaigns.,0.49690162841571556,-0.8742075895052972
13395.0,185,1,307.72,336,35,307.72,0,0,2,At Risk,Provide special discounts and win-back offers.,-0.5857592876112516,0.6594749717895811
13396.0,29,2,1360.99,600,35,680.495,2,0,0,Occasional Customer,Send personalized emails and re-engagement campaigns.,-0.11303498015812712,-0.30176277127377693
13397.0,73,5,1544.13,430,35,308.826,2,0,0,Occasional Customer,Send personalized emails and re-engagement campaigns.,-0.08296698582667884,-0.28804798548370963
13398.0,192,1,457.34,281,35,457.34,0,0,2,At Risk,Provide special discounts and win-back offers.,-0.568710645802554,0.7535551908412321
13402.0,127,2,621.23,479,35,310.615,0,0,0,At Risk,Provide special discounts and win-back offers.,-0.3966461367940524,0.2257192114046152
13403.0,18,1,75.0,44,35,75.0,2,0,0,Occasional Customer,Send personalized emails and re-engagement campaigns.,-0.40222681121974824,-0.5346858498859993
13404.0,1,2,252.49,111,35,126.245,2,0,0,Occasional Customer,Send personalized emails and re-engagement campaigns.,-0.2893662652271661,-0.6827718564253984
13405.0,74,3,572.451,165,35,190.817,2,0,0,Occasional Customer,Send personalized emails and re-engagement campaigns.,-0.3129181021611545,-0.22549093816089208
13408.0,2,62,28117.04,16232,35,453.5006451612903,2,-1,0,Occasional Customer,Send personalized emails and re-engagement campaigns.,6.885856132236558,-3.219665382559479
13410.0,24,5,1003.06,518,35,200.612,2,0,0,Occasional Customer,Send personalized emails and re-engagement campaigns.,-0.04635312366351929,-0.6525005745120723
13411.0,107,1,213.55,72,35,213.55,2,0,0,Occasional Customer,Send personalized emails and re-engagement campaigns.,-0.5114903551816193,0.1040220182624103
13414.0,134,3,1390.5,1574,35,463.5,2,0,0,Occasional Customer,Send personalized emails and re-engagement campaigns.,-0.14781867603924098,0.2949115763061437
13416.0,44,2,712.5,142,35,356.25,2,0,0,Occasional Customer,Send personalized emails and re-engagement campaigns.,-0.28722040756864375,-0.31870328298678446
13417.0,5,2,640.83,162,35,320.415,2,0,0,Occasional Customer,Send personalized emails and re-engagement campaigns.,-0.23212767131357062,-0.5902873921695704
13418.0,12,18,6127.43,3918,35,340.4127777777778,2,0,0,Occasional Customer,Send personalized emails and re-engagement campaigns.,1.4695838897410214,-1.2730508100293654
13419.0,64,1,221.06,275,35,221.06,2,0,0,Occasional Customer,Send personalized emails and re-engagement campaigns.,-0.41620083925510387,-0.17637735288082595
13420.0,150,2,159.85,101,35,79.925,0,0,0,At Risk,Provide special discounts and win-back offers.,-0.5466880937156154,0.29486756877874815
13421.0,40,2,1851.08,1181,35,925.54,2,0,0,Occasional Customer,Send personalized emails and re-engagement campaigns.,0.009572683807208575,-0.13563149141107536
13422.0,64,1,2626.3,1326,35,2626.3,0,0,0,At Risk,Provide special discounts and win-back offers.,0.2658519116662032,0.6223214114604498
13425.0,108,3,1624.21,1123,35,541.4033333333333,2,0,0,Occasional Customer,Send personalized emails and re-engagement campaigns.,-0.1296907132122419,0.1399004002112833
13426.0,1,10,3641.32,2245,35,364.132,2,0,0,Occasional Customer,Send personalized emails and re-engagement campaigns.,0.6771283528940265,-0.9646071425488284
13427.0,19,3,582.6,545,35,194.2,2,0,0,Occasional Customer,Send personalized emails and re-engagement campaigns.,-0.1780557618084152,-0.5838194131998414
13428.0,10,1,218.47,156,35,218.47,2,0,0,Occasional Customer,Send personalized emails and re-engagement campaigns.,-0.3427984729823212,-0.5394465975264825
13429.0,11,4,1006.8,1390,35,251.7,2,0,0,Occasional Customer,Send personalized emails and re-engagement campaigns.,0.027681574098031295,-0.6527688820323334
13430.0,19,2,679.45,751,35,339.725,2,0,0,Occasional Customer,Send personalized emails and re-engagement campaigns.,-0.18068579936500928,-0.4794070725447762
13431.0,67,2,1269.1,672,35,634.55,2,0,0,Occasional Customer,Send personalized emails and re-engagement campaigns.,-0.18015826999689366,-0.06242783616701856
13434.0,74,2,534.24,300,35,267.12,2,0,0,Occasional Customer,Send personalized emails and re-engagement campaigns.,-0.344193101778852,-0.1455040111591956
13435.0,5,7,3809.89,2129,35,544.2700000000001,2,0,0,Occasional Customer,Send personalized emails and re-engagement campaigns.,0.5264575108469539,-0.720208840301939
13436.0,2,1,196.89,76,35,196.89,2,0,0,Occasional Customer,Send personalized emails and re-engagement campaigns.,-0.34410793784614335,-0.6012740701712344
13437.0,14,7,3408.06,1283,35,486.8657142857143,2,0,0,Occasional Customer,Send personalized emails and re-engagement campaigns.,0.3777340987034569,-0.6982544733674353
13439.0,255,1,283.71,242,35,283.71,0,0,2,At Risk,Provide special discounts and win-back offers.,-0.7161384294504917,1.1165792493194353
13441.0,92,1,296.64,204,35,296.64,2,0,0,Occasional Customer,Send personalized emails and re-engagement campaigns.,-0.45240596796441046,0.03342015569700969
13447.0,23,3,1129.14,584,35,376.38000000000005,2,0,0,Occasional Customer,Send personalized emails and re-engagement campaigns.,-0.11394291332783098,-0.4937090256116329
13448.0,17,6,3539.37,1660,35,589.895,2,0,0,Occasional Customer,Send personalized emails and re-engagement campaigns.,0.3852101329257919,-0.5835971966442891
13449.0,24,1,291.88,222,35,291.88,2,0,0,Occasional Customer,Send personalized emails and re-engagement campaigns.,-0.34081124576114596,-0.4211001355516814
13450.0,27,6,2043.72,1982,35,340.61999999999995,2,0,0,Occasional Customer,Send personalized emails and re-engagement campaigns.,0.2673491925603722,-0.6042922574973345
13451.0,26,5,2976.15,2149,35,595.23,2,0,0,Occasional Customer,Send personalized emails and re-engagement campaigns.,0.3344176541765736,-0.4645507779863748
13452.0,259,2,590.0,2,35,295.0,0,0,2,At Risk,Provide special discounts and win-back offers.,-0.6714561217835864,1.0914844067601968
13453.0,166,2,356.98,134,35,178.48999999999998,0,0,2,At Risk,Provide special discounts and win-back offers.,-0.5395290506557312,0.4350756923332383
13455.0,25,2,1058.34,354,35,529.17,2,0,0,Occasional Customer,Send personalized emails and re-engagement campaigns.,-0.18018246932515006,-0.3836108593007092
13456.0,18,6,1766.72,765,35,294.4533333333333,2,0,0,Occasional Customer,Send personalized emails and re-engagement campaigns.,0.11477822260165971,-0.7045286220669238
13458.0,7,14,9646.57,5508,35,689.0407142857142,2,0,0,Occasional Customer,Send personalized emails and re-engagement campaigns.,1.7205836910737355,-0.9156005851179775
13460.0,29,2,183.44,286,35,91.72,2,0,0,Occasional Customer,Send personalized emails and re-engagement campaigns.,-0.3248502264999029,-0.5043456768725644
13461.0,39,3,1445.0,1170,35,481.6666666666667,2,0,0,Occasional Customer,Send personalized emails and re-engagement campaigns.,-0.03365996564582796,-0.3397608077669812
13462.0,253,1,151.5,62,35,151.5,0,0,2,At Risk,Provide special discounts and win-back offers.,-0.764583705866041,1.0570404071673696
13464.0,58,1,674.68,403,35,674.68,2,0,0,Occasional Customer,Send personalized emails and re-engagement campaigns.,-0.2859700103288655,-0.06706741388021423
13466.0,184,1,307.9,259,35,307.9,0,0,2,At Risk,Provide special discounts and win-back offers.,-0.5930411677825476,0.6514157009724426
13467.0,11,2,1083.71,584,35,541.855,2,0,0,Occasional Customer,Send personalized emails and re-engagement campaigns.,-0.1268976173558391,-0.4683694402555157
13468.0,2,37,5704.97,2589,35,154.1883783783784,2,0,0,Occasional Customer,Send personalized emails and re-engagement campaigns.,2.3611198421680157,-2.451588606379964
13470.0,99,2,165.0,100,35,82.5,2,0,0,Occasional Customer,Send personalized emails and re-engagement campaigns.,-0.4630797592715846,-0.04427972104670326
13471.0,1,4,2531.58,1590,35,632.895,2,0,0,Occasional Customer,Send personalized emails and re-engagement campaigns.,0.23024727161281047,-0.5805643245772287
13473.0,61,2,422.64,266,35,211.32,2,0,0,Occasional Customer,Send personalized emails and re-engagement campaigns.,-0.3436143645125168,-0.25144708965001084
13474.0,236,1,229.59,132,35,229.59,0,0,2,At Risk,Provide special discounts and win-back offers.,-0.7106167764570885,0.9703180708094307
13475.0,191,4,1431.78,1012,35,357.945,0,0,0,At Risk,Provide special discounts and win-back offers.,-0.26360407392356267,0.5777214982013585
13476.0,179,2,1238.47,417,35,619.235,0,0,2,At Risk,Provide special discounts and win-back offers.,-0.3965413816711595,0.6742924636810257
13477.0,38,6,1454.58,1021,35,242.43,2,0,0,Occasional Customer,Send personalized emails and re-engagement campaigns.,0.08298889021291896,-0.5858735257139102
13479.0,201,2,300.95,134,35,150.475,0,0,2,At Risk,Provide special discounts and win-back offers.,-0.604802762777431,0.6590434726722765
13481.0,46,5,1804.56,1142,35,360.912,2,0,0,Occasional Customer,Send personalized emails and re-engagement campaigns.,0.06937812410955356,-0.43563299412783235
13482.0,232,1,184.64,116,35,184.64,0,0,2,At Risk,Provide special discounts and win-back offers.,-0.7164334489381932,0.9287945545814436
13483.0,66,1,140.34,160,35,140.34,2,0,0,Occasional Customer,Send personalized emails and re-engagement campaigns.,-0.45161136712548267,-0.1913513834269878
13484.0,241,1,313.8,44,35,313.8,0,0,2,At Risk,Provide special discounts and win-back offers.,-0.7093767445205356,1.0292616935563972
13485.0,233,1,454.24,277,35,454.24,0,0,2,At Risk,Provide special discounts and win-back offers.,-0.6365888009132395,1.0258000656506163
13486.0,78,3,1122.41,669,35,374.1366666666667,2,0,0,Occasional Customer,Send personalized emails and re-engagement campaigns.,-0.19434069574550106,-0.12622501086461513
13487.0,58,3,575.4,265,35,191.8,2,0,0,Occasional Customer,Send personalized emails and re-engagement campaigns.,-0.27491163010559483,-0.32993107973625047
13488.0,17,13,8968.31,4518,35,689.87,2,0,0,Occasional Customer,Send personalized emails and re-engagement campaigns.,1.488014972274007,-0.8203463073271441
13489.0,105,4,449.52,560,35,112.38,2,0,0,Occasional Customer,Send personalized emails and re-engagement campaigns.,-0.2812919591133746,-0.09114182029904638
13491.0,52,10,1215.82,903,35,121.582,2,0,0,Occasional Customer,Send personalized emails and re-engagement campaigns.,0.23985440425351262,-0.7507063819450701
13492.0,136,3,1269.84,408,32,423.28,0,0,0,At Risk,Provide special discounts and win-back offers.,-0.2740838692407518,0.37962782128568
13493.0,275,2,618.63,380,32,309.315,0,0,2,At Risk,Provide special discounts and win-back offers.,-0.6221686602222538,1.3172546005956822
13494.0,312,1,316.26000000000005,162,35,316.26000000000005,0,0,2,At Risk,Provide special discounts and win-back offers.,-0.8105782209735847,1.5055995136422997
13495.0,8,5,2044.87,829,35,408.9740000000001,2,0,0,Occasional Customer,Send personalized emails and re-engagement campaigns.,0.11848838226466743,-0.6773328699916525
13496.0,11,2,653.33,341,35,326.665,2,0,0,Occasional Customer,Send personalized emails and re-engagement campaigns.,-0.21921960511439065,-0.5448277057829346
13497.0,283,2,348.05,163,35,174.025,0,0,2,At Risk,Provide special discounts and win-back offers.,-0.7278026593979348,1.2141045470835352
13499.0,18,5,1159.11,1365,35,231.822,2,0,0,Occasional Customer,Send personalized emails and re-engagement campaigns.,0.07723901777562077,-0.6651576150125205
13500.0,23,3,1166.77,609,35,388.92333333333335,2,0,0,Occasional Customer,Send personalized emails and re-engagement campaigns.,-0.10648682803971245,-0.48892024216126073
13501.0,288,1,1340.32,560,32,1340.32,0,0,2,At Risk,Provide special discounts and win-back offers.,-0.4597854728972271,1.79193002522652
13502.0,17,3,292.0,264,35,97.33333333333331,2,0,0,Occasional Customer,Send personalized emails and re-engagement campaigns.,-0.2426041817973315,-0.6357911876532404
13503.0,71,1,216.85,248,35,216.85,2,0,0,Occasional Customer,Send personalized emails and re-engagement campaigns.,-0.431705654460335,-0.13158442005706017
13504.0,64,1,295.93,178,35,295.93,2,0,0,Occasional Customer,Send personalized emails and re-engagement campaigns.,-0.41004797888298516,-0.15396013701362085
13505.0,73,4,4393.63,2486,32,1098.4075,2,0,0,Occasional Customer,Send personalized emails and re-engagement campaigns.,0.44351056263195604,0.18849006635378715
13506.0,316,2,458.52,324,35,229.26,0,0,2,At Risk,Provide special discounts and win-back offers.,-0.7463197609564456,1.4555811504140368
13507.0,3,4,2479.16,1597,35,619.79,2,0,0,Occasional Customer,Send personalized emails and re-engagement campaigns.,0.22220218771237024,-0.571744081148797
13508.0,244,1,110.97,24,35,110.97,0,0,2,At Risk,Provide special discounts and win-back offers.,-0.7637956399145198,0.983201408478079
13509.0,9,7,979.72,1106,35,139.96,2,0,0,Occasional Customer,Send personalized emails and re-engagement campaigns.,0.14927509498356722,-0.8684781105785462
13510.0,1,4,1791.56,1386,35,447.89,2,0,0,Occasional Customer,Send personalized emails and re-engagement campaigns.,0.1274008115488655,-0.6499767210177584
13512.0,261,1,251.21,143,35,251.21,0,0,2,At Risk,Provide special discounts and win-back offers.,-0.7449711026988493,1.1441876632815395
13513.0,127,1,205.1,109,35,205.1,0,0,0,At Risk,Provide special discounts and win-back offers.,-0.5416889632031445,0.23531178060934616
13514.0,74,1,152.20000000000002,40,35,152.20000000000002,2,0,0,Occasional Customer,Send personalized emails and re-engagement campaigns.,-0.4758123019100158,-0.13644068883805632
13515.0,73,4,891.12,681,35,222.78,2,0,0,Occasional Customer,Send personalized emails and re-engagement campaigns.,-0.16795277186197557,-0.2630606302393221
13516.0,21,3,1389.41,985,35,463.1366666666667,2,0,0,Occasional Customer,Send personalized emails and re-engagement campaigns.,-0.03260673010129368,-0.4696215816100655
13517.0,60,3,2128.42,1369,35,709.4733333333334,2,0,0,Occasional Customer,Send personalized emails and re-engagement campaigns.,0.03794964581214909,-0.11760007030854339
13518.0,86,1,659.4399999999999,392,35,659.4399999999999,2,0,0,Occasional Customer,Send personalized emails and re-engagement campaigns.,-0.33634164274028966,0.11445047940481316
13519.0,78,1,122.75,23,35,122.75,2,0,0,Occasional Customer,Send personalized emails and re-engagement campaigns.,-0.49115015649217275,-0.11963212749596301
13520.0,59,6,3624.35,1649,32,604.0583333333333,2,0,0,Occasional Customer,Send personalized emails and re-engagement campaigns.,0.35062495479068967,-0.19130364867757893
13521.0,1,3,1093.65,736,35,364.55,2,0,0,Occasional Customer,Send personalized emails and re-engagement campaigns.,-0.06478019951112522,-0.6415783104523456
13522.0,30,1,125.8,44,35,125.8,2,0,0,Occasional Customer,Send personalized emails and re-engagement campaigns.,-0.4099212081158052,-0.4382379132764826
13523.0,33,5,3964.88,1752,35,792.976,2,0,0,Occasional Customer,Send personalized emails and re-engagement campaigns.,0.37431881236493847,-0.35326829292737916
13524.0,41,5,680.1800000000001,324,35,136.036,2,0,0,Occasional Customer,Send personalized emails and re-engagement campaigns.,-0.12837431851587303,-0.5663718345659536
13525.0,15,2,628.78,394,35,314.39,2,0,0,Occasional Customer,Send personalized emails and re-engagement campaigns.,-0.2232204909536174,-0.5212632674690135
13527.0,34,7,2287.51,1692,35,326.7871428571429,2,0,0,Occasional Customer,Send personalized emails and re-engagement campaigns.,0.2930626179637393,-0.6188466234193981
13529.0,79,2,307.76,74,35,153.88,2,0,0,Occasional Customer,Send personalized emails and re-engagement campaigns.,-0.4123150731055676,-0.1542558761221397
13531.0,205,2,483.8,174,35,241.9,0,0,2,At Risk,Provide special discounts and win-back offers.,-0.5794365944626709,0.7170012724421458
13532.0,34,1,210.31,129,35,210.31,2,0,0,Occasional Customer,Send personalized emails and re-engagement campaigns.,-0.38687536906999,-0.38260327905570446
13533.0,183,3,270.79,204,35,90.26333333333334,0,0,2,At Risk,Provide special discounts and win-back offers.,-0.5221627786287157,0.46727387237392953
13534.0,2,25,5870.08,2961,35,234.8032,2,0,0,Occasional Customer,Send personalized emails and re-engagement campaigns.,1.7411735125383268,-1.7708021944044061
13536.0,1,7,3448.29,2136,35,492.61285714285714,2,0,0,Occasional Customer,Send personalized emails and re-engagement campaigns.,0.5016108326581803,-0.76663024870555
13538.0,43,7,1280.85,175,35,182.97857142857143,2,0,0,Occasional Customer,Send personalized emails and re-engagement campaigns.,0.012538969494183845,-0.6428026269572747
13539.0,86,3,631.34,320,35,210.4466666666667,2,0,0,Occasional Customer,Send personalized emails and re-engagement campaigns.,-0.307299857981517,-0.1358156637884339
13544.0,40,2,291.41,127,35,145.705,2,0,0,Occasional Customer,Send personalized emails and re-engagement campaigns.,-0.34515028786505797,-0.415978955918246
13546.0,12,3,626.99,359,35,208.99666666666667,2,0,0,Occasional Customer,Send personalized emails and re-engagement campaigns.,-0.18292234053264333,-0.6288965286026331
13548.0,96,2,682.41,441,35,341.205,2,0,0,Occasional Customer,Send personalized emails and re-engagement campaigns.,-0.34152926061503464,0.028561177517049587
13549.0,26,7,918.2,458,35,131.17142857142858,2,0,0,Occasional Customer,Send personalized emails and re-engagement campaigns.,0.040826968477682,-0.7707441235727703
13551.0,319,1,91.8,12,35,91.8,0,0,2,At Risk,Provide special discounts and win-back offers.,-0.8916496603830181,1.47675058751598
13552.0,66,12,3740.07,1417,35,311.6725,2,0,0,Occasional Customer,Send personalized emails and re-engagement campaigns.,0.5873410717468937,-0.6701408049739838
13555.0,74,4,4149.28,2660,35,1037.32,2,0,0,Occasional Customer,Send personalized emails and re-engagement campaigns.,0.4088674685331405,0.06958367082315763
13557.0,28,2,584.06,546,35,292.03,2,0,0,Occasional Customer,Send personalized emails and re-engagement campaigns.,-0.23335628462566124,-0.43920376359876706
13558.0,6,4,605.06,344,35,151.265,2,0,0,Occasional Customer,Send personalized emails and re-engagement campaigns.,-0.12873119944817177,-0.7414089914814361
13560.0,7,1,174.37,64,35,174.37,2,0,0,Occasional Customer,Send personalized emails and re-engagement campaigns.,-0.3588780739990934,-0.5754606873135849
13561.0,216,1,141.86,83,35,141.86,0,0,2,At Risk,Provide special discounts and win-back offers.,-0.7042015682214308,0.8076560678267951
13562.0,82,3,1799.33,757,35,599.7766666666666,2,0,0,Occasional Customer,Send personalized emails and re-engagement campaigns.,-0.10876696600805072,-0.020231469890485302
13563.0,84,2,777.53,209,35,388.765,2,0,0,Occasional Customer,Send personalized emails and re-engagement campaigns.,-0.3348155511449211,-0.03992211826837208
13564.0,144,3,1749.02,661,35,583.0066666666667,0,0,0,At Risk,Provide special discounts and win-back offers.,-0.2268599457218263,0.385506230836
13565.0,19,2,240.22,172,35,120.11,2,0,0,Occasional Customer,Send personalized emails and re-engagement campaigns.,-0.31338170366222257,-0.5636755490057467
13566.0,41,2,874.71,575,35,437.355,2,0,0,Occasional Customer,Send personalized emails and re-engagement campaigns.,-0.20785886503459428,-0.3034513574383287
13568.0,173,1,192.85,70,35,192.85,0,0,2,At Risk,Provide special discounts and win-back offers.,-0.623898517820478,0.5372662115947695
13569.0,17,2,373.75,164,35,186.875,2,0,0,Occasional Customer,Send personalized emails and re-engagement campaigns.,-0.29117813183111985,-0.5548580438813799
13570.0,243,1,239.49,161,35,239.49,0,0,2,At Risk,Provide special discounts and win-back offers.,-0.716327717469155,1.020735621619447
13571.0,13,12,2092.32,1759,35,174.36,2,0,0,Occasional Customer,Send personalized emails and re-engagement campaigns.,0.583183963997677,-1.0768795429936318
13572.0,206,1,1384.25,534,35,1384.25,0,0,2,At Risk,Provide special discounts and win-back offers.,-0.3463112004944898,1.1518157929653168
13573.0,50,2,294.4,303,35,147.2,2,0,0,Occasional Customer,Send personalized emails and re-engagement campaigns.,-0.34051330461279167,-0.34549832455445245
13575.0,23,5,732.0699999999999,449,35,146.414,2,0,0,Occasional Customer,Send personalized emails and re-engagement campaigns.,-0.07945170627316178,-0.6802282168605862
13576.0,10,18,6717.34,2646,35,373.18555555555554,2,0,0,Occasional Customer,Send personalized emails and re-engagement campaigns.,1.3688165042923863,-1.2940634594097418
13577.0,25,4,1687.6,791,35,421.9,2,0,0,Occasional Customer,Send personalized emails and re-engagement campaigns.,0.008082702952852633,-0.5104064428471566
13579.0,15,2,467.04,176,35,233.52,2,0,0,Occasional Customer,Send personalized emails and re-engagement campaigns.,-0.27264079806640623,-0.5523842007612355
13581.0,309,1,118.0,30,35,118.0,0,0,2,At Risk,Provide special discounts and win-back offers.,-0.8671923486361642,1.4189097663752366
13583.0,156,1,781.03,725,35,781.03,0,0,2,At Risk,Provide special discounts and win-back offers.,-0.3831943334120249,0.6267517007598775
13584.0,307,1,142.4,37,35,142.4,0,0,2,At Risk,Provide special discounts and win-back offers.,-0.8574456583970537,1.4136102847872218
13587.0,64,1,712.4,180,35,712.4,2,0,0,Occasional Customer,Send personalized emails and re-engagement campaigns.,-0.31287069160715886,-0.01905643312939342
13588.0,16,9,2478.95,2606,35,275.43888888888887,2,0,0,Occasional Customer,Send personalized emails and re-engagement campaigns.,0.5469835990306707,-0.843572453165364
13589.0,15,2,379.65,114,35,189.825,2,0,0,Occasional Customer,Send personalized emails and re-engagement campaigns.,-0.2928584295990006,-0.5681478403048584
13590.0,11,6,1981.92,1848,35,330.32,2,0,0,Occasional Customer,Send personalized emails and re-engagement campaigns.,0.27205471665485065,-0.7173410772884752
13591.0,65,3,1117.13,485,35,372.3766666666667,2,0,0,Occasional Customer,Send personalized emails and re-engagement campaigns.,-0.19522100328258596,-0.21696219151779367
13592.0,36,4,247.96,84,35,61.99,2,0,0,Occasional Customer,Send personalized emails and re-engagement campaigns.,-0.24593839275407886,-0.5779556768758152
13593.0,108,5,2037.08,731,35,407.41600000000005,2,0,0,Occasional Customer,Send personalized emails and re-engagement campaigns.,-0.05633311935232816,-0.013103571235208038
13594.0,53,1,396.97,359,35,396.97,2,0,0,Occasional Customer,Send personalized emails and re-engagement campaigns.,-0.3475960218122195,-0.19116002009214456
13596.0,6,2,697.04,406,35,348.52,2,0,0,Occasional Customer,Send personalized emails and re-engagement campaigns.,-0.19702330895499762,-0.5696348388896056
13598.0,47,1,180.17,58,35,180.17,2,0,0,Occasional Customer,Send personalized emails and re-engagement campaigns.,-0.4232903640413355,-0.30703784781266497
13599.0,1,21,5153.67,3294,35,245.41285714285715,2,0,0,Occasional Customer,Send personalized emails and re-engagement campaigns.,1.5075827709034038,-1.5595650843593678
13600.0,312,1,219.52,324,35,219.52,0,0,2,At Risk,Provide special discounts and win-back offers.,-0.8142663873330773,1.477325077576843
13601.0,45,2,693.32,548,35,346.66,2,0,0,Occasional Customer,Send personalized emails and re-engagement campaigns.,-0.24450955116704212,-0.3075887868017641
13602.0,65,1,428.89,267,35,428.89,2,0,0,Occasional Customer,Send personalized emails and re-engagement campaigns.,-0.37037924573674597,-0.10255982151212341
13603.0,26,1,164.34,164,35,164.34,2,0,0,Occasional Customer,Send personalized emails and re-engagement campaigns.,-0.3804947882040628,-0.45016174221269817
13606.0,29,3,280.54,279,35,93.51333333333332,2,0,0,Occasional Customer,Send personalized emails and re-engagement campaigns.,-0.2617657958287987,-0.5568261074181738
13607.0,40,1,678.01,290,35,678.01,2,0,0,Occasional Customer,Send personalized emails and re-engagement campaigns.,-0.26905063612292485,-0.18811458021246974
13610.0,12,7,1131.88,516,35,161.69714285714286,2,0,0,Occasional Customer,Send personalized emails and re-engagement campaigns.,0.08934989888124864,-0.8512291264163256
13611.0,89,3,1171.8,766,35,390.6,2,0,0,Occasional Customer,Send personalized emails and re-engagement campaigns.,-0.1949862817536922,-0.04539913777490591
13614.0,24,4,1610.46,570,35,402.615,2,0,0,Occasional Customer,Send personalized emails and re-engagement campaigns.,-0.024228426129533315,-0.5280726059613892
13615.0,319,1,417.69,189,35,417.69,0,0,2,At Risk,Provide special discounts and win-back offers.,-0.7952155233943072,1.5856196499814799
13617.0,40,3,544.18,300,35,181.3933333333333,2,0,0,Occasional Customer,Send personalized emails and re-engagement campaigns.,-0.24533906170019332,-0.45284960413902464
13618.0,174,1,177.34,246,35,177.34,0,0,2,At Risk,Provide special discounts and win-back offers.,-0.608677452811949,0.5422268722393206
13621.0,117,1,213.85,343,35,213.85,0,0,0,At Risk,Provide special discounts and win-back offers.,-0.4961859898671012,0.17589077273343626
13623.0,31,5,747.78,294,35,149.55599999999998,2,0,0,Occasional Customer,Send personalized emails and re-engagement campaigns.,-0.1089336044914881,-0.6286721723113361
13626.0,253,1,257.23,209,35,257.23,0,0,2,At Risk,Provide special discounts and win-back offers.,-0.7228850146297052,1.0940494046818043
13627.0,59,5,1638.47,1269,35,327.694,2,0,0,Occasional Customer,Send personalized emails and re-engagement campaigns.,0.04662702336605899,-0.35868728158902874
13629.0,23,11,7792.36,4372,35,708.3963636363636,2,0,0,Occasional Customer,Send personalized emails and re-engagement campaigns.,1.2733975710252532,-0.6814739533621305
13630.0,5,7,2031.78,1391,35,290.2542857142857,2,0,0,Occasional Customer,Send personalized emails and re-engagement campaigns.,0.282497802540199,-0.8319108411447043
13631.0,100,11,3070.42,467,35,279.1290909090909,2,0,0,Occasional Customer,Send personalized emails and re-engagement campaigns.,0.3153428510898118,-0.42451726176684684
13632.0,25,5,2121.27,1037,35,424.254,2,0,0,Occasional Customer,Send personalized emails and re-engagement campaigns.,0.12254232691724748,-0.5545122868944562
13634.0,33,5,1575.16,704,35,315.03200000000004,2,0,0,Occasional Customer,Send personalized emails and re-engagement campaigns.,0.017005321421903464,-0.5472792216249878
13635.0,68,1,1071.03,677,35,1071.03,2,0,0,Occasional Customer,Send personalized emails and re-engagement campaigns.,-0.17812543349855636,0.1331112554608164
13636.0,37,5,949.12,592,35,189.824,2,0,0,Occasional Customer,Send personalized emails and re-engagement campaigns.,-0.0642130684000277,-0.5683755993472724
13637.0,52,3,810.5,409,35,270.1666666666667,2,0,0,Occasional Customer,Send personalized emails and re-engagement campaigns.,-0.2199858605039172,-0.34024073640171304
13638.0,16,1,122.64,93,35,122.64,2,0,0,Occasional Customer,Send personalized emails and re-engagement campaigns.,-0.3821883352291425,-0.5316679735783223
13639.0,74,1,1033.34,800,35,1033.34,2,0,0,Occasional Customer,Send personalized emails and re-engagement campaigns.,-0.1823611599770364,0.1632227283015062
13642.0,216,1,354.8,173,35,354.8,0,0,2,At Risk,Provide special discounts and win-back offers.,-0.6441724344339775,0.8783088123570192
13643.0,31,3,519.44,273,35,173.14666666666668,2,0,0,Occasional Customer,Send personalized emails and re-engagement campaigns.,-0.23682938668919912,-0.516195069685635
13644.0,16,4,2624.26,2067,35,656.065,2,0,0,Occasional Customer,Send personalized emails and re-engagement campaigns.,0.2712046138565054,-0.463366584329555
13645.0,120,1,252.1,158,35,252.1,0,0,0,At Risk,Provide special discounts and win-back offers.,-0.5136663441391158,0.20479019337045712
13647.0,10,4,1678.12,895,35,419.53,2,0,0,Occasional Customer,Send personalized emails and re-engagement campaigns.,0.04355718299513147,-0.6092830806054921
13649.0,257,2,346.6,139,35,173.3,0,0,2,At Risk,Provide special discounts and win-back offers.,-0.688516047710023,1.0400825827063955
13650.0,17,6,1836.34,922,35,306.0566666666667,2,0,0,Occasional Customer,Send personalized emails and re-engagement campaigns.,0.14112569063309183,-0.7038873837431648
13651.0,35,2,94.2,33,35,47.1,2,0,0,Occasional Customer,Send personalized emails and re-engagement campaigns.,-0.3773046868312828,-0.48401916219510144
13652.0,46,3,1095.08,578,35,365.0266666666666,2,0,0,Occasional Customer,Send personalized emails and re-engagement campaigns.,-0.15617113816302103,-0.34440194849057665
13654.0,43,6,2707.33,2182,35,451.2216666666666,2,0,0,Occasional Customer,Send personalized emails and re-engagement campaigns.,0.32625488803581426,-0.45240674815906184
13655.0,114,2,932.97,605,35,466.485,2,0,0,Occasional Customer,Send personalized emails and re-engagement campaigns.,-0.3144413805473307,0.19349443941713163
13656.0,165,2,379.65,490,35,189.825,0,0,0,At Risk,Provide special discounts and win-back offers.,-0.4931461781312362,0.43890448504383045
13657.0,11,2,382.14,209,35,191.07,2,0,0,Occasional Customer,Send personalized emails and re-engagement campaigns.,-0.2749385099932309,-0.5926074082833966
13658.0,10,5,2639.17,1019,35,527.8340000000001,2,0,0,Occasional Customer,Send personalized emails and re-engagement campaigns.,0.19588585169519923,-0.617082385460752
13659.0,206,2,1573.2,894,35,786.6,0,0,2,At Risk,Provide special discounts and win-back offers.,-0.3351788947525812,0.9191798344291247
13662.0,86,3,897.76,543,35,299.25333333333333,2,0,0,Occasional Customer,Send personalized emails and re-engagement campaigns.,-0.24916382777413046,-0.10104422110862459
13663.0,179,1,189.47,91,35,189.47,0,0,2,At Risk,Provide special discounts and win-back offers.,-0.6320040308829826,0.5765660752011119
13666.0,60,3,84.65,41,35,28.21666666666667,2,0,0,Occasional Customer,Send personalized emails and re-engagement campaigns.,-0.3635424771376982,-0.3771279586380103
13667.0,149,1,305.02,154,35,305.02,0,0,2,At Risk,Provide special discounts and win-back offers.,-0.5489848190838013,0.41517878872610847
13668.0,3,21,6363.59,3742,35,303.02809523809526,2,0,0,Occasional Customer,Send personalized emails and re-engagement campaigns.,1.6447008654495934,-1.5073858523237786
13669.0,51,2,218.55,237,35,109.275,2,0,0,Occasional Customer,Send personalized emails and re-engagement campaigns.,-0.36110441612975946,-0.35274358236573333
13670.0,75,1,349.7,282,35,349.7,2,0,0,Occasional Customer,Send personalized emails and re-engagement campaigns.,-0.40333554507824926,-0.061256912037399365
13672.0,301,2,186.39,57,35,93.195,0,0,2,At Risk,Provide special discounts and win-back offers.,-0.7934715203735927,1.3051036535761
13673.0,19,2,396.92,119,35,198.46,2,0,0,Occasional Customer,Send personalized emails and re-engagement campaigns.,-0.2962125359955343,-0.53850353984334
13675.0,151,2,486.8200000000001,330,35,243.41000000000005,0,0,0,At Risk,Provide special discounts and win-back offers.,-0.4730159811565562,0.36045769280895923
13678.0,152,1,232.6,924,35,232.6,0,0,0,At Risk,Provide special discounts and win-back offers.,-0.48121838942073203,0.42623743587903395
13680.0,1,4,3722.42,1936,35,930.605,2,0,0,Occasional Customer,Send personalized emails and re-engagement campaigns.,0.3978079027994867,-0.46853190659238164
13681.0,18,4,827.83,360,35,206.9575,2,0,0,Occasional Customer,Send personalized emails and re-engagement campaigns.,-0.12256905644217392,-0.6413720975040701
13682.0,187,1,59.5,10,35,59.5,0,0,2,At Risk,Provide special discounts and win-back offers.,-0.684686464548349,0.5862827614942842
13684.0,286,1,67.23,39,35,67.23,0,0,2,At Risk,Provide special discounts and win-back offers.,-0.8405519519148287,1.2493102905529265
13685.0,3,7,3119.44,5056,35,445.63428571428574,2,0,0,Occasional Customer,Send personalized emails and re-engagement campaigns.,0.8085220046725458,-0.716354297807743
13686.0,183,1,72.0,70,35,72.0,0,0,2,At Risk,Provide special discounts and win-back offers.,-0.6682959094322006,0.5647956246602293
13689.0,63,1,910.0,512,35,910.0,2,0,0,Occasional Customer,Send personalized emails and re-engagement campaigns.,-0.22665589735019698,0.044522954301254275
13690.0,59,1,172.25,67,35,172.25,2,0,0,Occasional Customer,Send personalized emails and re-engagement campaigns.,-0.44360729949237887,-0.22943567265784842
13692.0,25,3,1488.32,1226,35,496.1066666666666,2,0,0,Occasional Customer,Send personalized emails and re-engagement campaigns.,0.0008602850777723473,-0.4270651333822339
13694.0,4,50,65039.62,63312,35,1300.7924,3,-1,1,Frequent Buyer,Recommend complementary products and loyalty rewards.,14.209344380721587,-1.030160359873658
13695.0,31,15,2504.13,1603,35,166.942,2,0,0,Occasional Customer,Send personalized emails and re-engagement campaigns.,0.7331499456511327,-1.119654577013181
13697.0,39,1,151.29999999999998,177,35,151.29999999999998,2,0,0,Occasional Customer,Send personalized emails and re-engagement campaigns.,-0.4031652120700116,-0.3674757581368682
13699.0,155,1,308.58000000000004,66,35,308.58000000000004,0,0,2,At Risk,Provide special discounts and win-back offers.,-0.5681449096392915,0.45467186117798847
13700.0,26,10,2265.12,2304,35,226.512,2,0,0,Occasional Customer,Send personalized emails and re-engagement campaigns.,0.5307945245816664,-0.8540251466660124
13703.0,318,1,99.5,10,35,99.5,0,0,2,At Risk,Provide special discounts and win-back offers.,-0.8884631282103238,1.472539954673469
13704.0,5,9,2308.06,1531,35,256.4511111111111,2,0,0,Occasional Customer,Send personalized emails and re-engagement campaigns.,0.42562793884898065,-0.9448596664543351
13705.0,8,3,711.86,363,35,237.28666666666663,2,0,0,Occasional Customer,Send personalized emails and re-engagement campaigns.,-0.16568865501462668,-0.6457489876569203
13706.0,303,1,330.79,189,35,330.79,0,0,2,At Risk,Provide special discounts and win-back offers.,-0.7894178946177812,1.4508156349999786
13707.0,267,2,806.41,351,35,403.205,0,0,2,At Risk,Provide special discounts and win-back offers.,-0.6116821085177289,1.1875362275104533
13708.0,271,1,296.88,306,35,296.88,0,0,2,At Risk,Provide special discounts and win-back offers.,-0.731659439874984,1.2287133083161208
13709.0,4,13,6328.05,3516,35,486.7730769230769,2,0,0,Occasional Customer,Send personalized emails and re-engagement campaigns.,1.1870294932218497,-1.0165054657607597
13710.0,32,1,180.48,176,35,180.48,2,0,0,Occasional Customer,Send personalized emails and re-engagement campaigns.,-0.3851026373060555,-0.4047103032638699
13711.0,219,2,252.06,140,35,126.03,0,0,2,At Risk,Provide special discounts and win-back offers.,-0.6406634120329279,0.7709872759293782
13712.0,247,1,228.84,352,35,228.84,0,0,2,At Risk,Provide special discounts and win-back offers.,-0.7031116413640762,1.0475521145461872
13715.0,281,5,1079.34,563,35,215.868,0,0,2,At Risk,Provide special discounts and win-back offers.,-0.4516477536707892,1.067185563940559
13716.0,269,1,138.28,138,35,138.28,0,0,2,At Risk,Provide special discounts and win-back offers.,-0.7848528440313178,1.160854707009598
13717.0,32,6,1445.01,1959,35,240.835,2,0,0,Occasional Customer,Send personalized emails and re-engagement campaigns.,0.2008912812662708,-0.6087927251550967
13718.0,246,2,306.55,173,35,153.275,0,0,2,At Risk,Provide special discounts and win-back offers.,-0.6726337865820456,0.9607036273428172
13719.0,15,5,1041.68,609,35,208.336,2,0,0,Occasional Customer,Send personalized emails and re-engagement campaigns.,-0.01732994747450571,-0.7079673904871199
13720.0,117,4,799.9,501,35,199.975,2,0,0,Occasional Customer,Send personalized emails and re-engagement campaigns.,-0.2702018252213228,0.018788255673147316
13721.0,36,1,524.14,316,35,524.14,2,0,0,Occasional Customer,Send personalized emails and re-engagement campaigns.,-0.2953393857710485,-0.2641182802945163
13722.0,132,3,2375.41,1401,35,791.8033333333333,0,0,0,At Risk,Provide special discounts and win-back offers.,-0.04558233187768515,0.39132630627197684
13723.0,217,1,199.85,43,35,199.85,0,0,2,At Risk,Provide special discounts and win-back offers.,-0.6969789907964714,0.8323476583593088
13725.0,50,8,1980.56,806,35,247.57,2,0,0,Occasional Customer,Send personalized emails and re-engagement campaigns.,0.1880962147998054,-0.6107559242781554
13726.0,39,2,1079.66,1054,35,539.8299999999999,2,0,0,Occasional Customer,Send personalized emails and re-engagement campaigns.,-0.11841372808749602,-0.27352798122692407
13727.0,29,2,333.48,162,35,166.74,2,0,0,Occasional Customer,Send personalized emails and re-engagement campaigns.,-0.3169255841964886,-0.4816240137703664
13728.0,37,6,1016.14,458,35,169.35666666666663,2,0,0,Occasional Customer,Send personalized emails and re-engagement campaigns.,-0.021580927548465655,-0.6305378379980004
13730.0,136,2,752.6,488,35,376.3,0,0,0,At Risk,Provide special discounts and win-back offers.,-0.3906809525307187,0.3078272120101245
13731.0,219,2,610.59,278,35,305.295,0,0,2,At Risk,Provide special discounts and win-back offers.,-0.5712437046238056,0.8334669087089902
13732.0,28,1,491.86,498,35,491.86,2,0,0,Occasional Customer,Send personalized emails and re-engagement campaigns.,-0.2686849467727508,-0.3244731767985093
13735.0,25,4,2885.24,1130,35,721.3100000000001,2,0,0,Occasional Customer,Send personalized emails and re-engagement campaigns.,0.1755568159229053,-0.3979034453630465
13736.0,5,2,731.9,497,35,365.95,2,0,0,Occasional Customer,Send personalized emails and re-engagement campaigns.,-0.17962890204958062,-0.5687642738727362
13737.0,200,1,339.6,125,35,339.6,0,0,2,At Risk,Provide special discounts and win-back offers.,-0.6272641379027045,0.7658189069076401
13739.0,18,1,216.9,54,35,216.9,2,0,0,Occasional Customer,Send personalized emails and re-engagement campaigns.,-0.3680333061377635,-0.48854573458339473
13740.0,241,1,350.75,425,35,350.75,0,0,2,At Risk,Provide special discounts and win-back offers.,-0.6564885540233324,1.048407467239492
13741.0,72,3,668.4300000000001,218,35,222.81000000000003,2,0,0,Occasional Customer,Send personalized emails and re-engagement campaigns.,-0.29189868521653467,-0.22681243450787056
13742.0,17,12,3131.02,1124,35,260.9183333333333,2,0,0,Occasional Customer,Send personalized emails and re-engagement campaigns.,0.5848912717560512,-1.02444496456415
13743.0,3,7,1341.6,1776,35,191.65714285714284,2,0,0,Occasional Customer,Send personalized emails and re-engagement campaigns.,0.2691067361729315,-0.8759471933415495
13744.0,95,2,1156.36,1249,35,578.18,2,0,0,Occasional Customer,Send personalized emails and re-engagement campaigns.,-0.1754188087127116,0.11627754251063925
13745.0,162,1,300.04,496,35,300.04,0,0,2,At Risk,Provide special discounts and win-back offers.,-0.531536420747834,0.5066750849650332
13747.0,374,1,79.6,8,35,79.6,0,0,2,At Risk,Provide special discounts and win-back offers.,-0.9844188276830379,1.8393787899717113
13748.0,96,5,948.25,439,35,189.65,2,0,0,Occasional Customer,Send personalized emails and re-engagement campaigns.,-0.1780541952991291,-0.1780023351289175
13750.0,54,5,1647.26,516,35,329.452,2,0,0,Occasional Customer,Send personalized emails and re-engagement campaigns.,-0.03190162432212679,-0.40556932267655754
13751.0,288,1,296.25,152,35,296.25,0,0,2,At Risk,Provide special discounts and win-back offers.,-0.7773595082042944,1.3389365775242026
13752.0,124,6,1186.28,876,35,197.7133333333333,2,0,0,Occasional Customer,Send personalized emails and re-engagement campaigns.,-0.09869446395089923,-0.0320518341591563
13753.0,288,1,741.26,512,35,741.26,0,0,2,At Risk,Provide special discounts and win-back offers.,-0.6319251858428113,1.4898291831669557
13754.0,152,2,282.6,214,35,141.29999999999998,0,0,0,At Risk,Provide special discounts and win-back offers.,-0.5185310472035339,0.3308307788109042
13755.0,4,9,2161.35,1264,35,240.15,2,0,0,Occasional Customer,Send personalized emails and re-engagement campaigns.,0.3839493431843885,-0.9631660229708073
13756.0,2,14,5189.52,3188,35,370.68,2,0,0,Occasional Customer,Send personalized emails and re-engagement campaigns.,1.1159744409683843,-1.1379371218101477
13758.0,12,7,3190.55,1844,35,455.79285714285714,2,0,0,Occasional Customer,Send personalized emails and re-engagement campaigns.,0.42684839988466416,-0.7129777105409572
13759.0,33,2,659.4100000000001,287,35,329.70500000000004,2,0,0,Occasional Customer,Send personalized emails and re-engagement campaigns.,-0.2603770391216795,-0.39816820741283315
13760.0,54,2,286.79,197,35,143.395,2,0,0,Occasional Customer,Send personalized emails and re-engagement campaigns.,-0.36047413008737095,-0.3221011622523822
13761.0,50,2,1070.65,642,35,535.325,2,0,0,Occasional Customer,Send personalized emails and re-engagement campaigns.,-0.18553849634528868,-0.2094663212207938
13762.0,219,1,306.72,272,35,306.72,0,0,2,At Risk,Provide special discounts and win-back offers.,-0.6487365822472605,0.8846040547347664
13763.0,63,1,1714.96,728,35,1714.96,2,0,0,Occasional Customer,Send personalized emails and re-engagement campaigns.,-0.014171763433410034,0.3092648492126764
13764.0,71,3,1521.76,932,35,507.2533333333333,2,0,0,Occasional Customer,Send personalized emails and re-engagement campaigns.,-0.10409522799454578,-0.12211253684436252
13767.0,2,37,17220.36,7322,35,465.41513513513513,2,1,0,Occasional Customer,Send personalized emails and re-engagement campaigns.,3.7118497261990098,-2.1473988806457354
13769.0,2,10,2796.51,1163,35,279.651,2,0,0,Occasional Customer,Send personalized emails and re-engagement campaigns.,0.48065440484150335,-1.0134396375720838
13771.0,64,4,2634.45,1477,35,658.6125,2,0,0,Occasional Customer,Send personalized emails and re-engagement campaigns.,0.1256352995039413,-0.15359344787840745
13772.0,34,3,1132.13,546,35,377.3766666666667,2,0,0,Occasional Customer,Send personalized emails and re-engagement campaigns.,-0.13589131921107167,-0.4207512258615595
13774.0,82,1,345.0,192,35,345.0,2,0,0,Occasional Customer,Send personalized emails and re-engagement campaigns.,-0.4262774792216391,-0.017809935019497753
13777.0,1,33,25977.16,12897,35,787.1866666666666,2,-1,0,Occasional Customer,Send personalized emails and re-engagement campaigns.,4.75542865246521,-1.6432166225166804
13778.0,103,1,178.7,70,35,178.7,2,0,0,Occasional Customer,Send personalized emails and re-engagement campaigns.,-0.5133286295666728,0.06603303760809139
13780.0,7,2,360.01,318,35,180.005,2,0,0,Occasional Customer,Send personalized emails and re-engagement campaigns.,-0.2590567231066882,-0.6209149799490846
13781.0,251,1,127.84,30,35,127.84,0,0,2,At Risk,Provide special discounts and win-back offers.,-0.7705576197242799,1.0354426124248999
13782.0,13,6,912.0,371,35,152.0,2,0,0,Occasional Customer,Send personalized emails and re-engagement campaigns.,-0.002334764493402356,-0.7986772740497609
13784.0,10,11,2462.79,2493,35,223.89,2,0,0,Occasional Customer,Send personalized emails and re-engagement campaigns.,0.6484826719625527,-1.0098345681395262
13786.0,367,1,230.4,136,35,230.4,0,0,2,At Risk,Provide special discounts and win-back offers.,-0.923051030875551,1.8439596989497855
13787.0,76,2,309.04,337,35,154.52,2,0,0,Occasional Customer,Send personalized emails and re-engagement campaigns.,-0.37667377036305827,-0.1690850107584821
13790.0,4,1,348.8,748,35,348.8,2,0,0,Occasional Customer,Send personalized emails and re-engagement campaigns.,-0.23388735053778945,-0.5260836722813341
13791.0,128,2,1516.0,1200,35,758.0,0,0,0,At Risk,Provide special discounts and win-back offers.,-0.1812491341615006,0.3954110109962466
13792.0,66,2,195.55,92,35,97.775,2,0,0,Occasional Customer,Send personalized emails and re-engagement campaigns.,-0.4057827251307594,-0.2593208562411099
13798.0,1,57,37153.85,23948,35,651.8219298245614,3,-1,0,Frequent Buyer,Recommend complementary products and loyalty rewards.,8.118499031865346,-2.657098192169852
13799.0,117,2,688.86,402,35,344.43,2,0,0,Occasional Customer,Send personalized emails and re-engagement campaigns.,-0.37926139885764254,0.16889871349258603
13800.0,310,1,558.32,331,35,558.32,0,0,2,At Risk,Provide special discounts and win-back offers.,-0.7313344784076707,1.5738381499092418
13801.0,67,1,324.8,168,35,324.8,2,0,0,Occasional Customer,Send personalized emails and re-engagement campaigns.,-0.40936995749641797,-0.12480025799145503
13802.0,139,3,4599.42,2572,35,1533.14,0,0,0,At Risk,Provide special discounts and win-back offers.,0.34806799200772975,0.7152411352265501
13803.0,255,1,277.07,121,35,277.07,0,0,2,At Risk,Provide special discounts and win-back offers.,-0.7317489924052731,1.1121486811228678
13804.0,31,7,2635.79,1498,35,376.5414285714286,2,0,0,Occasional Customer,Send personalized emails and re-engagement campaigns.,0.3063740619176446,-0.6233470389692803
13805.0,52,2,924.6,1900,35,462.3,2,0,0,Occasional Customer,Send personalized emails and re-engagement campaigns.,-0.06430730294783142,-0.19681770791952186
13806.0,64,1,256.38,56,35,256.38,2,0,0,Occasional Customer,Send personalized emails and re-engagement campaigns.,-0.433435485519653,-0.16906683827158803
13807.0,367,1,112.6,36,35,112.6,0,0,2,At Risk,Provide special discounts and win-back offers.,-0.9620961117379927,1.803927805342449
13808.0,6,5,1747.66,782,35,349.53200000000004,2,0,0,Occasional Customer,Send personalized emails and re-engagement campaigns.,0.0869898317381096,-0.7132243366923942
13809.0,305,1,155.05,29,7,155.05,0,0,2,At Risk,Provide special discounts and win-back offers.,-0.5991267259865564,2.404774011222542
13810.0,29,3,1499.01,312,14,499.67,2,0,0,Occasional Customer,Send personalized emails and re-engagement campaigns.,0.07919215313687435,0.3340154217125699
13811.0,184,3,814.5,68,14,271.5,0,0,2,At Risk,Provide special discounts and win-back offers.,-0.284065859408915,1.2841754081215664
13812.0,42,3,539.0,333,14,179.66666666666666,2,0,0,Occasional Customer,Send personalized emails and re-engagement campaigns.,-0.05559455140683172,0.3109240216615149
13813.0,40,4,1366.86,552,14,341.71500000000003,2,0,0,Occasional Customer,Send personalized emails and re-engagement campaigns.,0.11139225234499335,0.30708077919907606
13814.0,92,2,1579.12,864,14,789.56,0,0,0,At Risk,Provide special discounts and win-back offers.,0.0374386887926653,0.9100419369911021
13815.0,22,4,4027.36,2560,14,1006.84,2,0,0,Occasional Customer,Send personalized emails and re-engagement campaigns.,0.6585787833419938,0.46065482650388834
13816.0,24,2,571.6700000000001,269,14,285.83500000000004,2,0,0,Occasional Customer,Send personalized emails and re-engagement campaigns.,-0.07110442408681257,0.27725411151893203
13817.0,29,2,382.98,211,14,191.49,2,0,0,Occasional Customer,Send personalized emails and re-engagement campaigns.,-0.11407198365419229,0.2779797181213745
13819.0,302,3,1140.35,1109,35,380.1166666666666,0,0,2,At Risk,Provide special discounts and win-back offers.,-0.5053900799042282,1.3774085929538196
13821.0,145,2,385.64,153,35,192.82,0,0,0,At Risk,Provide special discounts and win-back offers.,-0.498894439861607,0.3002250451538958
13822.0,6,2,632.0,611,35,316.0,2,0,0,Occasional Customer,Send personalized emails and re-engagement campaigns.,-0.18287760680077683,-0.5766339537831222
13823.0,19,2,957.66,439,35,478.83,2,0,0,Occasional Customer,Send personalized emails and re-engagement campaigns.,-0.17553186476432947,-0.4388224299757982
13824.0,33,5,1698.94,768,35,339.788,2,0,0,Occasional Customer,Send personalized emails and re-engagement campaigns.,0.03664252086475937,-0.5370469426380273
13826.0,176,1,189.5,82,35,189.5,0,0,2,At Risk,Provide special discounts and win-back offers.,-0.6281633263335709,0.5564068520110672
13827.0,58,3,412.05,141,35,137.35,2,0,0,Occasional Customer,Send personalized emails and re-engagement campaigns.,-0.3090770738350948,-0.35101061577640624
13828.0,22,1,209.49,311,35,209.49,2,0,0,Occasional Customer,Send personalized emails and re-engagement campaigns.,-0.3463912561605422,-0.4594362127648145
13831.0,16,6,2202.99,745,35,367.165,2,0,0,Occasional Customer,Send personalized emails and re-engagement campaigns.,0.15625886058173027,-0.690986226036587
13832.0,19,1,52.2,28,35,52.2,2,0,0,Occasional Customer,Send personalized emails and re-engagement campaigns.,-0.41102058461797086,-0.535704291769621
13833.0,159,1,384.8,118,35,384.8,0,0,2,At Risk,Provide special discounts and win-back offers.,-0.5508646828750872,0.5070000263261
13835.0,25,4,834.57,442,35,208.6425,2,0,0,Occasional Customer,Send personalized emails and re-engagement campaigns.,-0.12370308717556291,-0.592564471612232
13837.0,212,2,271.24,183,35,135.62,0,0,2,At Risk,Provide special discounts and win-back offers.,-0.6214232055253368,0.7283358407877009
13838.0,6,4,691.73,263,35,172.9325,2,0,0,Occasional Customer,Send personalized emails and re-engagement campaigns.,-0.1288785428647214,-0.7352562840073729
13841.0,253,1,85.0,100,35,85.0,0,0,2,At Risk,Provide special discounts and win-back offers.,-0.7756463212321807,1.036221763381284
13842.0,59,9,3385.62,1768,35,376.18,2,0,0,Occasional Customer,Send personalized emails and re-engagement campaigns.,0.4554555579356613,-0.5318698729409895
13844.0,11,1,361.62,196,35,361.62,2,0,0,Occasional Customer,Send personalized emails and re-engagement campaigns.,-0.3064534497785776,-0.485669880115725
13845.0,65,1,312.98,182,35,312.98,2,0,0,Occasional Customer,Send personalized emails and re-engagement campaigns.,-0.4072407920489237,-0.1416969886510821
13846.0,25,3,865.0600000000001,388,35,288.3533333333333,2,0,0,Occasional Customer,Send personalized emails and re-engagement campaigns.,-0.17191079237363477,-0.5143702600008455
13848.0,92,3,1255.0,3700,35,418.3333333333333,2,0,0,Occasional Customer,Send personalized emails and re-engagement campaigns.,0.1512394201426124,0.03943975676024879
13849.0,52,2,1537.95,1016,35,768.975,2,0,0,Occasional Customer,Send personalized emails and re-engagement campaigns.,-0.07574571615017418,-0.11104029077167221
13850.0,129,1,1595.48,944,35,1595.48,0,0,0,At Risk,Provide special discounts and win-back offers.,-0.12423357346055469,0.7146293493201086
13851.0,96,3,2651.46,1705,35,883.82,2,0,0,Occasional Customer,Send personalized emails and re-engagement campaigns.,0.08169195859465381,0.18873726665073165
13853.0,57,1,1090.14,312,35,1090.14,2,0,0,Occasional Customer,Send personalized emails and re-engagement campaigns.,-0.19821143260137597,0.05909012892320825
13854.0,9,25,8109.519999999999,2296,35,324.3808,2,0,0,Occasional Customer,Send personalized emails and re-engagement campaigns.,1.8130527762015995,-1.6857471232129153
13856.0,169,3,388.5,494,35,129.5,0,0,0,At Risk,Provide special discounts and win-back offers.,-0.4514475762550131,0.39291489742512936
13858.0,57,1,216.17,75,35,216.17,2,0,0,Occasional Customer,Send personalized emails and re-engagement campaigns.,-0.429200555133117,-0.2283951220018758
13859.0,326,1,201.16,129,35,201.16,0,0,2,At Risk,Provide special discounts and win-back offers.,-0.8639795264809104,1.561034818006173
13860.0,1,5,1245.9,591,35,249.18,2,0,0,Occasional Customer,Send personalized emails and re-engagement campaigns.,0.0234753516976486,-0.7867448893968373
13862.0,18,8,2209.36,1688,35,276.17,2,0,0,Occasional Customer,Send personalized emails and re-engagement campaigns.,0.3623388142653126,-0.7961578932865213
13863.0,248,1,305.78,224,35,305.78,0,0,2,At Risk,Provide special discounts and win-back offers.,-0.7017069653652365,1.07672188707065
13865.0,58,4,501.56,204,35,125.39,2,0,0,Occasional Customer,Send personalized emails and re-engagement campaigns.,-0.24065684135043686,-0.40656278242578126
13866.0,74,1,145.67000000000002,57,35,145.67000000000002,2,0,0,Occasional Customer,Send personalized emails and re-engagement campaigns.,-0.4753562751463309,-0.1382349303532777
13867.0,31,3,1015.29,513,35,338.43,2,0,0,Occasional Customer,Send personalized emails and re-engagement campaigns.,-0.14897528651794864,-0.45477860451882174
13868.0,7,2,3192.54,1964,35,1596.27,2,0,0,Occasional Customer,Send personalized emails and re-engagement campaigns.,0.3539859006479614,-0.11682756364273932
13869.0,123,4,3104.95,1721,35,776.2375,2,0,0,Occasional Customer,Send personalized emails and re-engagement campaigns.,0.10833949877881209,0.2860126340406392
13870.0,2,8,2770.94,1325,35,346.3675,2,0,0,Occasional Customer,Send personalized emails and re-engagement campaigns.,0.39444386520042707,-0.8819209687870578
13871.0,23,13,6403.25,2806,35,492.5576923076923,2,0,0,Occasional Customer,Send personalized emails and re-engagement campaigns.,1.0794515534027116,-0.900642686272698
13873.0,120,3,389.6,140,35,129.86666666666667,2,0,0,Occasional Customer,Send personalized emails and re-engagement campaigns.,-0.412758597058656,0.05971406340267402
13874.0,358,1,540.45,180,35,540.45,0,0,2,At Risk,Provide special discounts and win-back offers.,-0.8311242601218525,1.8851948164247518
13875.0,54,5,1786.79,1316,35,357.358,2,0,0,Occasional Customer,Send personalized emails and re-engagement campaigns.,0.07483957491553286,-0.380318110824107
13876.0,64,1,122.7,36,35,122.7,2,0,0,Occasional Customer,Send personalized emails and re-engagement campaigns.,-0.46687795042539487,-0.21273351736746982
13877.0,86,1,117.24,108,35,117.24,2,0,0,Occasional Customer,Send personalized emails and re-engagement campaigns.,-0.4955654366700696,-0.06648301573157997
13878.0,55,1,1281.53,475,35,1281.53,2,0,0,Occasional Customer,Send personalized emails and re-engagement campaigns.,-0.1314599556542565,0.11080716017409846
13880.0,21,13,3219.77,1842,35,247.67461538461535,2,0,0,Occasional Customer,Send personalized emails and re-engagement campaigns.,0.7226767774760624,-1.0413978045190786
13881.0,4,20,17159.52,10118,35,857.976,2,0,0,Occasional Customer,Send personalized emails and re-engagement campaigns.,3.121636461026384,-1.0425589969120974
13882.0,3,5,1191.13,953,35,238.22600000000003,2,0,0,Occasional Customer,Send personalized emails and re-engagement campaigns.,0.05690331655239776,-0.7705837452172756
13883.0,11,5,2674.48,1436,35,534.896,2,0,0,Occasional Customer,Send personalized emails and re-engagement campaigns.,0.2462105218407396,-0.5999824517245338
13884.0,7,5,787.6,300,35,157.52,2,0,0,Occasional Customer,Send personalized emails and re-engagement campaigns.,-0.0652731287834386,-0.7856500013979938
13885.0,189,2,506.8,182,35,253.4,0,0,2,At Risk,Provide special discounts and win-back offers.,-0.5490564065251652,0.6143302444612657
13886.0,71,1,243.56,126,35,243.56,2,0,0,Occasional Customer,Send personalized emails and re-engagement campaigns.,-0.43966932970338335,-0.12523406081004448
13887.0,204,1,349.55,147,35,349.55,0,0,2,At Risk,Provide special discounts and win-back offers.,-0.6288972407851687,0.7961214025334795
13888.0,120,2,605.63,258,35,302.815,2,0,0,Occasional Customer,Send personalized emails and re-engagement campaigns.,-0.41327115225674277,0.17228382553010574
13889.0,93,1,416.9,146,35,416.9,2,0,0,Occasional Customer,Send personalized emails and re-engagement campaigns.,-0.43278064331154864,0.07793749751109554
13890.0,1,10,1883.81,831,35,188.38100000000003,2,0,0,Occasional Customer,Send personalized emails and re-engagement campaigns.,0.36906187534270174,-1.0642920648848566
13892.0,27,4,632.97,983,35,158.2425,2,0,0,Occasional Customer,Send personalized emails and re-engagement campaigns.,-0.08562903173576275,-0.5868984017165888
13893.0,298,1,821.1,190,35,821.1,0,0,2,At Risk,Provide special discounts and win-back offers.,-0.6670354415549944,1.576279983260697
13894.0,24,3,564.62,354,35,188.20666666666668,2,0,0,Occasional Customer,Send personalized emails and re-engagement campaigns.,-0.2105646236543173,-0.5561497417432463
13895.0,28,4,2593.07,1365,35,648.2675,2,0,0,Occasional Customer,Send personalized emails and re-engagement campaigns.,0.1667500467583864,-0.39936247381040935
13897.0,50,1,311.16,200,35,311.16,2,0,0,Occasional Customer,Send personalized emails and re-engagement campaigns.,-0.38117278279999184,-0.2419437737402394
13898.0,326,1,155.93,133,35,155.93,0,0,2,At Risk,Provide special discounts and win-back offers.,-0.874043092812669,1.5464633120459714
13899.0,16,2,388.52,156,35,194.26,2,0,0,Occasional Customer,Send personalized emails and re-engagement campaigns.,-0.2882824302339668,-0.5592084797233541
13900.0,183,3,740.95,430,35,246.98333333333332,0,0,2,At Risk,Provide special discounts and win-back offers.,-0.43904238458127737,0.5254788443484486
13901.0,72,5,2867.2,1739,35,573.4399999999999,2,0,0,Occasional Customer,Send personalized emails and re-engagement campaigns.,0.20119846815432732,-0.17356590206021766
13904.0,37,2,332.64,332,35,166.32,2,0,0,Occasional Customer,Send personalized emails and re-engagement campaigns.,-0.31030300549111517,-0.4252289983492362
13908.0,80,4,2369.55,1478,35,592.3875,2,0,0,Occasional Customer,Send personalized emails and re-engagement campaigns.,0.07139859199605778,-0.07038241832680771
13911.0,57,9,2580.91,2731,35,286.7677777777778,2,0,0,Occasional Customer,Send personalized emails and re-engagement campaigns.,0.5033488331908762,-0.5633001228748433
13914.0,12,2,626.45,380,35,313.225,2,0,0,Occasional Customer,Send personalized emails and re-engagement campaigns.,-0.22031486025469443,-0.5419155727566805
13917.0,50,2,272.04,228,35,136.02,2,0,0,Occasional Customer,Send personalized emails and re-engagement campaigns.,-0.3525602360561982,-0.3506461468189362
13918.0,50,2,1212.84,1140,35,606.4200000000001,2,0,0,Occasional Customer,Send personalized emails and re-engagement campaigns.,-0.10648191112044675,-0.17633368556701962
13919.0,59,2,384.81,474,9,192.405,0,0,0,At Risk,Provide special discounts and win-back offers.,-0.0868397200092553,0.6619048418664364
13922.0,352,1,172.25,93,35,172.25,0,0,2,At Risk,Provide special discounts and win-back offers.,-0.9171859532817137,1.7243219108507262
13923.0,54,1,351.13,185,35,351.13,2,0,0,Occasional Customer,Send personalized emails and re-engagement campaigns.,-0.38011875133112855,-0.20261715367320476
13924.0,2,6,1838.85,1575,35,306.475,2,0,0,Occasional Customer,Send personalized emails and re-engagement campaigns.,0.24166243943683086,-0.7914209921222193
13925.0,93,4,678.25,331,35,169.5625,2,0,0,Occasional Customer,Send personalized emails and re-engagement campaigns.,-0.2639320661743249,-0.15518866280237834
13926.0,23,1,223.85,104,35,223.85,2,0,0,Occasional Customer,Send personalized emails and re-engagement campaigns.,-0.3687366729361751,-0.45202061116278713
13927.0,75,1,348.99,214,35,348.99,2,0,0,Occasional Customer,Send personalized emails and re-engagement campaigns.,-0.41140507012711497,-0.06276833917525647
13928.0,11,4,464.57,129,35,116.1425,2,0,0,Occasional Customer,Send personalized emails and re-engagement campaigns.,-0.17687894250058828,-0.7245764167052989
13929.0,169,2,842.65,143,35,421.325,0,0,2,At Risk,Provide special discounts and win-back offers.,-0.47105517000980596,0.5363575045246449
13930.0,58,2,337.34,274,35,168.67,2,0,0,Occasional Customer,Send personalized emails and re-engagement campaigns.,-0.350504228828661,-0.2855418020487463
13931.0,96,2,1237.53,725,35,618.765,2,0,0,Occasional Customer,Send personalized emails and re-engagement campaigns.,-0.2258699117350585,0.12662523329374217
13932.0,295,1,307.4,72,35,307.4,0,0,2,At Risk,Provide special discounts and win-back offers.,-0.7954495301900241,1.387704737205815
13933.0,109,2,608.7900000000001,205,35,304.39500000000004,2,0,0,Occasional Customer,Send personalized emails and re-engagement campaigns.,-0.4010684870970336,0.09848189752480975
13934.0,264,1,922.1,390,35,922.1,0,0,2,At Risk,Provide special discounts and win-back offers.,-0.5649718994354557,1.3860970420132182
13936.0,180,1,376.58,330,35,376.58,0,0,2,At Risk,Provide special discounts and win-back offers.,-0.5622945484214699,0.648328707949025
13937.0,169,1,158.85,123,35,158.85,0,0,2,At Risk,Provide special discounts and win-back offers.,-0.6191457855263596,0.5005890004853276
13938.0,35,1,71.66,70,35,71.66,2,0,0,Occasional Customer,Send personalized emails and re-engagement campaigns.,-0.4276346834651177,-0.4219479392152748
13939.0,23,3,568.55,847,35,189.51666666666665,2,0,0,Occasional Customer,Send personalized emails and re-engagement campaigns.,-0.15115696051852362,-0.5530743332161897
13940.0,17,4,839.14,516,35,209.785,2,0,0,Occasional Customer,Send personalized emails and re-engagement campaigns.,-0.10159971614237528,-0.644096513995462
13941.0,22,5,5112.96,2364,35,1022.592,2,0,0,Occasional Customer,Send personalized emails and re-engagement campaigns.,0.5764875206232571,-0.3313465151076415
13946.0,79,3,561.5699999999999,443,35,187.19,2,0,0,Occasional Customer,Send personalized emails and re-engagement campaigns.,-0.2900524751372415,-0.18816810348081633
13947.0,65,1,90.6,44,35,90.6,2,0,0,Occasional Customer,Send personalized emails and re-engagement campaigns.,-0.4750468173825396,-0.2163112935763543
13948.0,361,1,102.0,40,35,102.0,0,0,2,At Risk,Provide special discounts and win-back offers.,-0.9543388515118681,1.7605719227182093
13949.0,3,6,2427.32,2474,35,404.5533333333333,2,0,0,Occasional Customer,Send personalized emails and re-engagement campaigns.,0.3992341554701919,-0.7310527014811701
13950.0,11,4,745.06,323,35,186.265,2,0,0,Occasional Customer,Send personalized emails and re-engagement campaigns.,-0.12433450332515458,-0.6960681414691211
13951.0,176,3,674.45,459,35,224.8166666666667,0,0,2,At Risk,Provide special discounts and win-back offers.,-0.4323260703713587,0.47173010740918647
13952.0,218,2,3251.071,1431,35,1625.5355,0,0,2,At Risk,Provide special discounts and win-back offers.,-0.042472962837209444,1.2895224081812708
13953.0,7,7,3515.68,2724,35,502.24,2,0,0,Occasional Customer,Send personalized emails and re-engagement campaigns.,0.5661944408989678,-0.7118439612484017
13954.0,2,2,439.92,150,35,219.96,2,0,0,Occasional Customer,Send personalized emails and re-engagement campaigns.,-0.25855458323445685,-0.6440673128313845
13955.0,154,2,322.96,154,35,161.48,0,0,0,At Risk,Provide special discounts and win-back offers.,-0.5227497521628341,0.3497735392990327
13956.0,5,5,1026.42,491,35,205.284,2,0,0,Occasional Customer,Send personalized emails and re-engagement campaigns.,-0.016283707108765463,-0.7779683786325914
13959.0,79,3,598.2,357,35,199.4,2,0,0,Occasional Customer,Send personalized emails and re-engagement campaigns.,-0.2956198377056005,-0.18558593097266096
13960.0,21,2,230.22,142,35,115.11,2,0,0,Occasional Customer,Send personalized emails and re-engagement campaigns.,-0.3216109440546879,-0.5525781583114205
13962.0,22,2,169.55,87,35,84.775,2,0,0,Occasional Customer,Send personalized emails and re-engagement campaigns.,-0.33866339510642923,-0.5570808664944269
13963.0,308,4,664.54,460,35,166.135,0,0,2,At Risk,Provide special discounts and win-back offers.,-0.6001274922713661,1.279312781975186
13967.0,146,1,80.7,42,35,80.7,0,0,0,At Risk,Provide special discounts and win-back offers.,-0.6093403458131227,0.3204269121476533
13969.0,7,18,9053.94,4542,35,502.9966666666666,2,0,0,Occasional Customer,Send personalized emails and re-engagement campaigns.,1.7677150589006636,-1.2137998570338266
13971.0,19,8,2758.26,1844,35,344.7825,2,0,0,Occasional Customer,Send personalized emails and re-engagement campaigns.,0.42602932230614177,-0.7594369043538097
13972.0,71,2,190.25,187,35,95.125,2,0,0,Occasional Customer,Send personalized emails and re-engagement campaigns.,-0.4036622147152101,-0.22508346945107682
13973.0,287,1,264.7,109,35,264.7,0,0,2,At Risk,Provide special discounts and win-back offers.,-0.7880752891512524,1.3212428937094007
13974.0,49,1,413.59,249,35,413.59,2,0,0,Occasional Customer,Send personalized emails and re-engagement campaigns.,-0.3500070564678674,-0.21451673938483426
13975.0,31,6,2526.28,1732,35,421.0466666666667,2,0,0,Occasional Customer,Send personalized emails and re-engagement campaigns.,0.2766378603147519,-0.5521941490333564
13976.0,207,1,357.98,154,35,357.98,0,0,2,At Risk,Provide special discounts and win-back offers.,-0.6310011264514763,0.8189825469582578
13978.0,15,2,196.79,315,35,98.395,2,0,0,Occasional Customer,Send personalized emails and re-engagement campaigns.,-0.2967189803823774,-0.5948997296490202
13979.0,73,1,869.87,639,35,869.87,2,0,0,Occasional Customer,Send personalized emails and re-engagement campaigns.,-0.2375011411471027,0.100585430806041
13980.0,60,1,200.14,172,35,200.14,2,0,0,Occasional Customer,Send personalized emails and re-engagement campaigns.,-0.4265366648876924,-0.21175877853257993
13982.0,39,4,1871.81,1136,35,467.9525,2,0,0,Occasional Customer,Send personalized emails and re-engagement campaigns.,0.04511083797032868,-0.3942529578132711
13983.0,30,12,2603.43,1183,35,216.9525,2,0,0,Occasional Customer,Send personalized emails and re-engagement campaigns.,0.5289397620361046,-0.9558365881190618
13984.0,27,5,920.51,679,35,184.102,2,0,0,Occasional Customer,Send personalized emails and re-engagement campaigns.,-0.04065340576202498,-0.6354867156541572
13985.0,4,15,7060.13,3445,35,470.67533333333336,2,0,0,Occasional Customer,Send personalized emails and re-engagement campaigns.,1.3382250383687668,-1.1232315018662888
13986.0,17,1,320.46,430,35,320.46,2,0,0,Occasional Customer,Send personalized emails and re-engagement campaigns.,-0.2985943831086026,-0.45459023020431866
13988.0,20,6,4147.96,3044,35,691.3266666666667,2,0,0,Occasional Customer,Send personalized emails and re-engagement campaigns.,0.597774717741213,-0.49949903871025725
13989.0,66,2,1266.08,1313,35,633.04,2,0,0,Occasional Customer,Send personalized emails and re-engagement campaigns.,-0.10447206078370666,-0.05751856829661759
13990.0,213,1,311.3,190,35,311.3,0,0,2,At Risk,Provide special discounts and win-back offers.,-0.6474423162628065,0.8445432015633102
13991.0,12,6,855.97,998,35,142.66166666666666,2,0,0,Occasional Customer,Send personalized emails and re-engagement campaigns.,0.06696562194954887,-0.797027458212814
13992.0,30,1,76.8,64,35,76.8,2,0,0,Occasional Customer,Send personalized emails and re-engagement campaigns.,-0.41900252103961966,-0.4537287321137469
13993.0,43,9,3466.36,900,35,385.1511111111111,2,0,0,Occasional Customer,Send personalized emails and re-engagement campaigns.,0.3873383891454414,-0.6512543160848178
13994.0,4,6,2313.14,940,35,385.5233333333333,2,0,0,Occasional Customer,Send personalized emails and re-engagement campaigns.,0.20868362123303774,-0.7604279556906013
13995.0,15,5,1393.69,879,35,278.738,2,0,0,Occasional Customer,Send personalized emails and re-engagement campaigns.,0.048743418886766074,-0.6772101515996737
13999.0,10,12,3901.81,2243,35,325.1508333333333,2,0,0,Occasional Customer,Send personalized emails and re-engagement campaigns.,0.7872179705136311,-1.0220190429590605
14000.0,211,1,635.66,710,35,635.66,0,0,2,At Risk,Provide special discounts and win-back offers.,-0.508241097993418,0.9460479892830492
14001.0,46,3,2043.08,962,35,681.0266666666668,2,0,0,Occasional Customer,Send personalized emails and re-engagement campaigns.,0.003094040055122417,-0.22839231337475294
14002.0,134,2,529.73,877,35,264.865,0,0,0,At Risk,Provide special discounts and win-back offers.,-0.3753920955530872,0.26460326482949614
14004.0,43,7,4582.64,2668,35,654.6628571428572,2,0,0,Occasional Customer,Send personalized emails and re-engagement campaigns.,0.5960401382290041,-0.41422589809975807
14005.0,10,5,2874.72,2478,35,574.944,2,0,0,Occasional Customer,Send personalized emails and re-engagement campaigns.,0.3886908551536898,-0.5724099944701843
14006.0,116,3,962.19,641,35,320.73,2,0,0,Occasional Customer,Send personalized emails and re-engagement campaigns.,-0.2787804401634887,0.10818858108580325
14009.0,198,2,695.61,365,35,347.805,0,0,2,At Risk,Provide special discounts and win-back offers.,-0.5143138418321997,0.7093105828856869
14012.0,278,1,328.8,160,35,328.8,0,0,2,At Risk,Provide special discounts and win-back offers.,-0.7525864500437405,1.2829636280996246
14013.0,110,3,473.02,462,35,157.67333333333332,2,0,0,Occasional Customer,Send personalized emails and re-engagement campaigns.,-0.3489764894952192,0.0086895079455134
14014.0,77,1,505.18,1076,35,505.18,2,0,0,Occasional Customer,Send personalized emails and re-engagement campaigns.,-0.27810278245744163,0.01738873771461399
14015.0,53,1,917.34,378,35,917.34,2,0,0,Occasional Customer,Send personalized emails and re-engagement campaigns.,-0.22425709804138627,-0.02228986965242834
14016.0,162,4,4341.21,2125,10,1085.3025,0,0,2,At Risk,Provide special discounts and win-back offers.,0.4499989779756506,1.5565027206770365
14019.0,47,3,1421.61,1037,35,473.87,2,0,0,Occasional Customer,Send personalized emails and re-engagement campaigns.,-0.06496099836355768,-0.2916194991699381
14020.0,17,2,642.8,441,35,321.4,2,0,0,Occasional Customer,Send personalized emails and re-engagement campaigns.,-0.21892317747412296,-0.5047031226766232
14021.0,155,3,631.9,192,35,210.63333333333333,0,0,0,At Risk,Provide special discounts and win-back offers.,-0.4343478029835411,0.32182086099227014
14022.0,225,1,440.0,487,35,440.0,0,0,2,At Risk,Provide special discounts and win-back offers.,-0.6024803649351884,0.9718147647326733
14023.0,7,2,584.07,345,35,292.035,2,0,0,Occasional Customer,Send personalized emails and re-engagement campaigns.,-0.22255973141789087,-0.582985365615052
14024.0,122,2,327.7,150,35,163.85,2,0,0,Occasional Customer,Send personalized emails and re-engagement campaigns.,-0.47045703480274365,0.1371636411593649
14027.0,61,1,104.82,62,35,104.82,2,0,0,Occasional Customer,Send personalized emails and re-engagement campaigns.,-0.46313792378630253,-0.23803295959791548
14029.0,63,2,467.66,198,35,233.83,2,0,0,Occasional Customer,Send personalized emails and re-engagement campaigns.,-0.3480691907029775,-0.23187681726604417
14030.0,18,8,2360.09,1479,35,295.01125,2,0,0,Occasional Customer,Send personalized emails and re-engagement campaigns.,0.3510017210300442,-0.7926508664004114
14031.0,7,19,17286.86,5788,35,909.8347368421051,2,0,0,Occasional Customer,Send personalized emails and re-engagement campaigns.,2.5731315174129015,-1.0326978756002239
14032.0,2,11,2975.59,2032,35,270.5081818181818,2,0,0,Occasional Customer,Send personalized emails and re-engagement campaigns.,0.6490568589578071,-1.0520055833054907
14034.0,22,3,651.8199999999999,423,35,217.2733333333333,2,0,0,Occasional Customer,Send personalized emails and re-engagement campaigns.,-0.18874691353893325,-0.5581770036745852
14035.0,29,5,1428.02,739,35,285.604,2,0,0,Occasional Customer,Send personalized emails and re-engagement campaigns.,0.013080269415680303,-0.5840149798312899
14036.0,285,1,626.65,268,35,626.65,0,0,2,At Risk,Provide special discounts and win-back offers.,-0.6820862526854992,1.4281172050389581
14037.0,176,2,147.20000000000002,46,35,73.60000000000001,0,0,2,At Risk,Provide special discounts and win-back offers.,-0.597256826214328,0.4650458499043542
14038.0,78,3,1560.38,965,35,520.1266666666667,2,0,0,Occasional Customer,Send personalized emails and re-engagement campaigns.,-0.10697589153003101,-0.07039429979082745
14039.0,33,1,152.2,92,35,152.2,2,0,0,Occasional Customer,Send personalized emails and re-engagement campaigns.,-0.403076284013747,-0.40878484748318705
14040.0,41,12,3614.92,1554,35,301.24333333333334,2,0,0,Occasional Customer,Send personalized emails and re-engagement campaigns.,0.63404839194891,-0.8387666846673352
14041.0,266,1,141.41,94,35,141.41,0,0,2,At Risk,Provide special discounts and win-back offers.,-0.7843588950599581,1.1410397616272527
14044.0,27,4,652.82,308,35,163.205,2,0,0,Occasional Customer,Send personalized emails and re-engagement campaigns.,-0.16196771682491565,-0.5978604761405
14045.0,109,4,1659.75,535,35,414.9375,2,0,0,Occasional Customer,Send personalized emails and re-engagement campaigns.,-0.16128903854703802,0.042282624982631786
14046.0,284,1,154.99,460,35,154.99,0,0,2,At Risk,Provide special discounts and win-back offers.,-0.7679335321710912,1.272330874484789
14047.0,9,5,1308.61,381,35,261.72200000000004,2,0,0,Occasional Customer,Send personalized emails and re-engagement campaigns.,-0.007768076517334208,-0.7327980732977247
14048.0,305,1,409.93,288,35,409.93,0,0,2,At Risk,Provide special discounts and win-back offers.,-0.7627414758098199,1.4916422503066342
14049.0,17,4,5681.72,3870,35,1420.43,2,0,0,Occasional Customer,Send personalized emails and re-engagement campaigns.,0.8061050245814714,-0.15182171526205177
14050.0,32,2,746.36,689,35,373.18,2,0,0,Occasional Customer,Send personalized emails and re-engagement campaigns.,-0.19907702619110587,-0.3827369609451811
14051.0,1,23,15610.39,3756,35,678.7126086956522,2,0,0,Occasional Customer,Send personalized emails and re-engagement campaigns.,2.428112742064563,-1.4161714779871897
14052.0,20,1,225.36,89,35,225.36,2,0,0,Occasional Customer,Send personalized emails and re-engagement campaigns.,-0.3652488919111228,-0.47181363820174127
14053.0,124,2,260.25,215,35,130.125,2,0,0,Occasional Customer,Send personalized emails and re-engagement campaigns.,-0.4761968491522093,0.14045651456196565
14054.0,65,1,92.46,62,35,92.46,2,0,0,Occasional Customer,Send personalized emails and re-engagement campaigns.,-0.4725215491067775,-0.2153697449758776
14055.0,106,1,725.6400000000001,216,35,725.6400000000001,0,0,0,At Risk,Provide special discounts and win-back offers.,-0.37392232727239966,0.2659001146802909
14056.0,1,23,8214.65,4273,35,357.1586956521739,2,0,0,Occasional Customer,Send personalized emails and re-engagement campaigns.,1.9536282588343359,-1.5826672256383643
14057.0,24,17,6217.96,4876,35,365.76235294117646,2,0,0,Occasional Customer,Send personalized emails and re-engagement campaigns.,1.5142710915955095,-1.1122251943630899
14059.0,267,1,183.6,128,35,183.6,0,0,2,At Risk,Provide special discounts and win-back offers.,-0.7722125135810327,1.1620093990325897
14060.0,5,19,6140.42,5386,35,323.18,2,0,0,Occasional Customer,Send personalized emails and re-engagement campaigns.,1.7068487874067357,-1.3512236174054661
14062.0,10,12,10464.85,5593,35,872.0708333333333,2,0,0,Occasional Customer,Send personalized emails and re-engagement campaigns.,1.6948984068877415,-0.720451676357728
14064.0,29,5,1353.74,1788,35,270.748,2,0,0,Occasional Customer,Send personalized emails and re-engagement campaigns.,0.12769507316892212,-0.5696624188055215
14066.0,267,1,152.55,45,35,152.55,0,0,2,At Risk,Provide special discounts and win-back offers.,-0.7890880905835501,1.1503902455566486
14067.0,64,2,374.7,361,35,187.35,2,0,0,Occasional Customer,Send personalized emails and re-engagement campaigns.,-0.3445889414354466,-0.23766399284957443
14068.0,320,1,265.85,73,35,265.85,0,0,2,At Risk,Provide special discounts and win-back offers.,-0.8456707957784894,1.5409294509216118
14071.0,4,8,1438.82,995,35,179.8525,2,0,0,Occasional Customer,Send personalized emails and re-engagement campaigns.,0.2383217316664798,-0.9406113634442802
14073.0,32,1,151.04,130,35,151.04,2,0,0,Occasional Customer,Send personalized emails and re-engagement campaigns.,-0.3973025990827773,-0.415110797846074
14075.0,5,3,942.26,754,35,314.08666666666664,2,0,0,Occasional Customer,Send personalized emails and re-engagement campaigns.,-0.08750003113761184,-0.6319437068153125
14076.0,129,1,122.47,81,35,122.47,0,0,0,At Risk,Provide special discounts and win-back offers.,-0.5674313015437287,0.2213588073645581
14077.0,41,5,499.42,268,35,99.884,2,0,0,Occasional Customer,Send personalized emails and re-engagement campaigns.,-0.1526967009995256,-0.5806083835907087
14078.0,102,6,1049.37,310,35,174.89499999999998,2,0,0,Occasional Customer,Send personalized emails and re-engagement campaigns.,-0.14142607490572062,-0.19793249346574834
14079.0,125,1,375.1,301,35,375.1,0,0,0,At Risk,Provide special discounts and win-back offers.,-0.4765456636598008,0.28064858583019703
14080.0,33,1,45.6,48,35,45.6,2,0,0,Occasional Customer,Send personalized emails and re-engagement campaigns.,-0.4330048729552159,-0.4441344721243373
14081.0,302,2,934.52,596,35,467.26,0,0,2,At Risk,Provide special discounts and win-back offers.,-0.6210620995628362,1.4468748507718383
14082.0,365,1,182.25,110,35,182.25,0,0,2,At Risk,Provide special discounts and win-back offers.,-0.9340282294854217,1.8145443503408665
14083.0,4,9,1018.43,732,35,113.15888888888888,2,0,0,Occasional Customer,Send personalized emails and re-engagement campaigns.,0.22652743476756287,-1.0246713570819408
14085.0,2,18,4448.54,3184,35,247.14111111111112,2,0,0,Occasional Customer,Send personalized emails and re-engagement campaigns.,1.2757747039431686,-1.3999150377573926
14087.0,3,1,194.42,251,35,194.42,2,0,0,Occasional Customer,Send personalized emails and re-engagement campaigns.,-0.32596769438643675,-0.5921094953468518
14088.0,10,13,50491.81,12665,35,3883.9853846153846,2,-1,0,Occasional Customer,Send personalized emails and re-engagement campaigns.,5.6808271784049404,0.7115842768527615
14089.0,57,1,161.0,134,35,161.0,2,0,0,Occasional Customer,Send personalized emails and re-engagement campaigns.,-0.43518478307331543,-0.24514899791084335
14090.0,325,1,76.32000000000001,72,35,76.32000000000001,0,0,2,At Risk,Provide special discounts and win-back offers.,-0.898038458521734,1.512867074569869
14092.0,8,14,4076.91,2066,35,291.2078571428571,2,0,0,Occasional Customer,Send personalized emails and re-engagement campaigns.,0.8901547530500031,-1.1553500483189338
14093.0,12,1,442.85,406,35,442.85,2,0,0,Occasional Customer,Send personalized emails and re-engagement campaigns.,-0.26476137128162514,-0.4487410281362813
14096.0,4,17,65164.79,16352,35,3833.222941176471,2,-1,0,Occasional Customer,Send personalized emails and re-engagement campaigns.,7.293342377561431,0.6591127089909442
14098.0,37,1,147.35,104,35,147.35,2,0,0,Occasional Customer,Send personalized emails and re-engagement campaigns.,-0.40931688277009093,-0.3834635116787671
14099.0,16,11,3104.17,2179,35,282.1972727272727,2,0,0,Occasional Customer,Send personalized emails and re-engagement campaigns.,0.6536885930946387,-0.950928269721512
14100.0,138,1,194.9,64,35,194.9,0,0,0,At Risk,Provide special discounts and win-back offers.,-0.5671869138945993,0.3044915108756813
14101.0,74,6,5976.79,6942,35,996.1316666666668,2,0,0,Occasional Customer,Send personalized emails and re-engagement campaigns.,1.1330301096993352,0.048189680579868124
14102.0,5,5,1360.28,961,35,272.056,2,0,0,Occasional Customer,Send personalized emails and re-engagement campaigns.,0.07124887035493796,-0.7447655169028197
14104.0,155,2,216.21,72,35,108.105,0,0,0,At Risk,Provide special discounts and win-back offers.,-0.5498011468844577,0.33706606971862696
14105.0,239,1,1266.23,800,35,1266.23,0,0,2,At Risk,Provide special discounts and win-back offers.,-0.39654260862264795,1.3386027751591938
14107.0,52,7,2703.23,1793,35,386.1757142857143,2,0,0,Occasional Customer,Send personalized emails and re-engagement campaigns.,0.31250472447706157,-0.47408315420189084
14108.0,31,2,597.91,381,35,298.955,2,0,0,Occasional Customer,Send personalized emails and re-engagement campaigns.,-0.2553535766224141,-0.4200008549071468
14109.0,73,1,144.2,88,35,144.2,2,0,0,Occasional Customer,Send personalized emails and re-engagement campaigns.,-0.4704684243251774,-0.14479318824351156
14110.0,4,12,5683.15,2445,35,473.5958333333333,2,0,0,Occasional Customer,Send personalized emails and re-engagement campaigns.,0.9611294565645506,-0.993495039938062
14111.0,14,4,692.85,458,35,173.2125,2,0,0,Occasional Customer,Send personalized emails and re-engagement campaigns.,-0.1191051610516618,-0.6781506007988191
14112.0,23,7,2915.15,1651,35,416.45,2,0,0,Occasional Customer,Send personalized emails and re-engagement campaigns.,0.36202264923788313,-0.6584307275143025
14113.0,4,4,1840.42,745,35,460.105,2,0,0,Occasional Customer,Send personalized emails and re-engagement campaigns.,0.05323655173584388,-0.6377283465929865
14114.0,274,2,386.53,101,35,193.265,0,0,2,At Risk,Provide special discounts and win-back offers.,-0.71464087550324,1.1593647676649113
14116.0,20,5,1382.74,707,35,276.548,2,0,0,Occasional Customer,Send personalized emails and re-engagement campaigns.,0.019538119567809115,-0.6479178831465434
14117.0,144,1,90.0,72,35,90.0,0,0,0,At Risk,Provide special discounts and win-back offers.,-0.6004350971450192,0.310671029129663
14121.0,4,4,2780.15,2082,35,695.0375,2,0,0,Occasional Customer,Send personalized emails and re-engagement campaigns.,0.3091377145494559,-0.5292689094980221
14124.0,84,1,419.58,1618,35,419.58,2,0,0,Occasional Customer,Send personalized emails and re-engagement campaigns.,-0.24641335123338604,0.04654824048707003
14125.0,11,3,2740.43,1640,35,913.4766666666666,2,0,0,Occasional Customer,Send personalized emails and re-engagement campaigns.,0.22315746606625525,-0.3689269405083762
14126.0,8,3,706.1300000000001,508,35,235.3766666666667,2,0,0,Occasional Customer,Send personalized emails and re-engagement campaigns.,-0.14952685259393259,-0.6436738189778257
14127.0,123,3,709.71,321,35,236.57,2,0,0,Occasional Customer,Send personalized emails and re-engagement campaigns.,-0.3578924396266629,0.11985366893871573
14128.0,61,2,637.5,564,35,318.75,2,0,0,Occasional Customer,Send personalized emails and re-engagement campaigns.,-0.2769863154305987,-0.20994680664080773
14129.0,2,5,1123.86,592,35,224.772,2,0,0,Occasional Customer,Send personalized emails and re-engagement campaigns.,0.00993853250151285,-0.7889588737706068
14130.0,319,1,483.86,258,35,483.86,0,0,2,At Risk,Provide special discounts and win-back offers.,-0.7717921498663575,1.6083479182917715
14132.0,2,11,3586.03,3368,35,326.00272727272727,2,0,0,Occasional Customer,Send personalized emails and re-engagement campaigns.,0.853334256966372,-1.0032001105751955
14133.0,130,3,605.64,348,35,201.88,2,0,0,Occasional Customer,Send personalized emails and re-engagement campaigns.,-0.37872419604252644,0.1550866760622088
14135.0,2,15,4690.31,3850,35,312.68733333333336,2,0,0,Occasional Customer,Send personalized emails and re-engagement campaigns.,1.2080389005467411,-1.2026393469524201
14138.0,2,2,982.38,610,35,491.19000000000005,2,0,0,Occasional Customer,Send personalized emails and re-engagement campaigns.,-0.12432201577451422,-0.5448007915753245
14139.0,46,1,415.82,510,35,415.82,2,0,0,Occasional Customer,Send personalized emails and re-engagement campaigns.,-0.3142697072993202,-0.2288751974219097
14140.0,4,2,935.05,811,35,467.525,2,0,0,Occasional Customer,Send personalized emails and re-engagement campaigns.,-0.11125781476005113,-0.5355846164086857
14141.0,3,4,915.13,355,35,228.7825,2,0,0,Occasional Customer,Send personalized emails and re-engagement campaigns.,-0.08941550402965484,-0.7337279323729183
14142.0,373,1,311.81,313,35,311.81,0,0,2,At Risk,Provide special discounts and win-back offers.,-0.8932860605888684,1.9136571443127879
14143.0,134,1,115.8,30,35,115.8,0,0,0,At Risk,Provide special discounts and win-back offers.,-0.5830452373212512,0.2515699340685595
14145.0,47,4,3742.2,756,35,935.55,2,0,0,Occasional Customer,Send personalized emails and re-engagement campaigns.,0.18793631954654294,-0.18236091067977606
14146.0,9,5,4191.0,2437,35,838.2,2,0,0,Occasional Customer,Send personalized emails and re-engagement campaigns.,0.5152645169060585,-0.48386472597944175
14147.0,78,2,483.4,108,35,241.7,2,0,0,Occasional Customer,Send personalized emails and re-engagement campaigns.,-0.38058665869025626,-0.13094752085781416
14148.0,234,1,157.2,16,35,157.2,0,0,2,At Risk,Provide special discounts and win-back offers.,-0.7376980109978476,0.9313569398992385
14149.0,221,1,446.62,218,35,446.62,0,0,2,At Risk,Provide special discounts and win-back offers.,-0.6257011772603451,0.9422232679223767
14150.0,36,2,658.64,496,35,329.32,2,0,0,Occasional Customer,Send personalized emails and re-engagement campaigns.,-0.24107759642422524,-0.37435873074176557
14152.0,75,2,621.29,711,35,310.645,2,0,0,Occasional Customer,Send personalized emails and re-engagement campaigns.,-0.2850852977350678,-0.11655356763670369
14154.0,239,2,1345.62,465,35,672.81,0,0,2,At Risk,Provide special discounts and win-back offers.,-0.47260663216308707,1.0930789653713961
14155.0,266,1,118.75,25,35,118.75,0,0,2,At Risk,Provide special discounts and win-back offers.,-0.7976541233428672,1.132401392238962
14156.0,10,55,117379.63,57885,10,2134.175090909091,3,-1,1,Frequent Buyer,Recommend complementary products and loyalty rewards.,17.622378446587433,0.3263092322295108
14157.0,20,2,432.88,284,35,216.44,2,0,0,Occasional Customer,Send personalized emails and re-engagement campaigns.,-0.2733059197726093,-0.5227217955906156
14158.0,40,1,507.66,781,35,507.66,2,0,0,Occasional Customer,Send personalized emails and re-engagement campaigns.,-0.2516309116103671,-0.23402600461953954
14159.0,20,11,4693.01,4408,35,426.6372727272728,2,0,0,Occasional Customer,Send personalized emails and re-engagement campaigns.,1.0337683402138083,-0.8207579721514977
14161.0,216,3,1110.52,455,35,370.17333333333335,0,0,2,At Risk,Provide special discounts and win-back offers.,-0.4451276783481621,0.7883467989276396
14162.0,174,2,289.36,142,35,144.68,0,0,2,At Risk,Provide special discounts and win-back offers.,-0.5616795436248571,0.4772646231367545
14163.0,87,4,2445.91,893,35,611.4775,2,0,0,Occasional Customer,Send personalized emails and re-engagement campaigns.,0.000177920526274509,-0.02797633785683414
14164.0,71,2,1631.77,1033,35,815.885,2,0,0,Occasional Customer,Send personalized emails and re-engagement campaigns.,-0.09070738635217511,0.03161158574879795
14165.0,276,1,122.54,54,35,122.54,0,0,2,At Risk,Provide special discounts and win-back offers.,-0.809667206719817,1.200839660855165
14167.0,39,4,574.84,150,35,143.71,2,0,0,Occasional Customer,Send personalized emails and re-engagement campaigns.,-0.20819172652436876,-0.5277500371892744
14171.0,98,1,363.79,167,35,363.79,2,0,0,Occasional Customer,Send personalized emails and re-engagement campaigns.,-0.45083555300516276,0.09446678933827642
14173.0,11,4,450.84,150,35,112.71,2,0,0,Occasional Customer,Send personalized emails and re-engagement campaigns.,-0.1759061344462358,-0.7253971742423242
14174.0,33,1,134.46,94,35,134.46,2,0,0,Occasional Customer,Send personalized emails and re-engagement campaigns.,-0.40697327729064514,-0.4144919229812204
14175.0,60,3,3222.3,1515,35,1074.1,2,0,0,Occasional Customer,Send personalized emails and re-engagement campaigns.,0.18718932251496562,0.010662464821071232
14176.0,297,4,576.9000000000001,209,35,144.22500000000002,0,0,2,At Risk,Provide special discounts and win-back offers.,-0.6207823633027312,1.1934864952513538
14177.0,86,4,559.41,205,35,139.8525,2,0,0,Occasional Customer,Send personalized emails and re-engagement campaigns.,-0.2798999144585548,-0.2147578777267428
14178.0,9,7,1620.93,1505,35,231.5614285714286,2,0,0,Occasional Customer,Send personalized emails and re-engagement campaigns.,0.2526945742848421,-0.825692912194122
14179.0,41,2,719.78,330,35,359.89,2,0,0,Occasional Customer,Send personalized emails and re-engagement campaigns.,-0.25940373802357836,-0.33394377045687174
14180.0,11,25,4748.52,719,35,189.9408,2,0,0,Occasional Customer,Send personalized emails and re-engagement campaigns.,1.3855118072496142,-1.7785592700112713
14184.0,67,1,452.89,127,35,452.89,2,0,0,Occasional Customer,Send personalized emails and re-engagement campaigns.,-0.3843192983038411,-0.0840933828408384
14185.0,331,1,197.65,6,35,197.65,0,0,2,At Risk,Provide special discounts and win-back offers.,-0.887227094782363,1.5909123618590193
14188.0,31,6,2054.36,1162,35,342.3933333333334,2,0,0,Occasional Customer,Send personalized emails and re-engagement campaigns.,0.16651571228037604,-0.5924153122354604
14189.0,2,15,4654.08,3937,35,310.272,2,0,0,Occasional Customer,Send personalized emails and re-engagement campaigns.,1.2153919488475557,-1.2021266176007688
14191.0,2,13,4684.76,3662,35,360.36615384615385,2,0,0,Occasional Customer,Send personalized emails and re-engagement campaigns.,1.0792514018338144,-1.0834835366563227
14193.0,68,2,853.39,445,35,426.695,2,0,0,Occasional Customer,Send personalized emails and re-engagement campaigns.,-0.27006295623895094,-0.12946805759356964
14194.0,5,21,11349.52,5840,35,540.4533333333334,2,0,0,Occasional Customer,Send personalized emails and re-engagement campaigns.,2.2491750052671544,-1.329225753279442
14195.0,202,2,1012.0,760,35,506.0,0,0,2,At Risk,Provide special discounts and win-back offers.,-0.4278010983168919,0.7962614280390146
14196.0,107,1,335.52,142,35,335.52,2,0,0,Occasional Customer,Send personalized emails and re-engagement campaigns.,-0.47496176298536696,0.14483891759605552
14198.0,18,4,701.4,290,35,175.35,2,0,0,Occasional Customer,Send personalized emails and re-engagement campaigns.,-0.14422552188178545,-0.6538933532162962
14199.0,218,1,185.4,28,35,185.4,0,0,2,At Risk,Provide special discounts and win-back offers.,-0.7037128337791418,0.8340520533402503
14201.0,60,7,747.44,590,35,106.77714285714286,2,0,0,Occasional Customer,Send personalized emails and re-engagement campaigns.,-0.014324997328208883,-0.5509890458299928
14204.0,2,1,161.03,82,35,161.03,2,0,0,Occasional Customer,Send personalized emails and re-engagement campaigns.,-0.351757901784999,-0.6127735856727824
14205.0,17,2,466.7,204,35,233.35,2,0,0,Occasional Customer,Send personalized emails and re-engagement campaigns.,-0.2726899738032033,-0.5385804210148937
14206.0,239,1,328.16,276,35,328.16,0,0,2,At Risk,Provide special discounts and win-back offers.,-0.6758133609173086,1.02495122621731
14208.0,95,1,151.74,114,35,151.74,2,0,0,Occasional Customer,Send personalized emails and re-engagement campaigns.,-0.5014767989335763,0.004800218264316533
14209.0,11,6,2073.43,691,35,345.57166666666666,2,0,0,Occasional Customer,Send personalized emails and re-engagement campaigns.,0.1460722129168992,-0.7334292451183765
14210.0,106,6,1905.84,760,35,317.64000000000004,2,0,0,Occasional Customer,Send personalized emails and re-engagement campaigns.,-0.01601441278905355,-0.10928560902796255
14211.0,53,9,2241.1,1242,35,249.0111111111111,2,0,0,Occasional Customer,Send personalized emails and re-engagement campaigns.,0.30835701986277975,-0.6333328539793444
14212.0,90,1,1070.48,1152,35,1070.48,2,0,0,Occasional Customer,Send personalized emails and re-engagement campaigns.,-0.15882565921132563,0.28854658180404036
14214.0,31,5,1004.38,751,35,200.876,2,0,0,Occasional Customer,Send personalized emails and re-engagement campaigns.,-0.030525722384121327,-0.6013481769172941
14215.0,12,6,1789.72,1358,35,298.2866666666667,2,0,0,Occasional Customer,Send personalized emails and re-engagement campaigns.,0.19560559986302267,-0.7319150555956341
14216.0,3,4,1839.3,594,35,459.825,2,0,0,Occasional Customer,Send personalized emails and re-engagement campaigns.,0.03719131776024589,-0.647339723295162
14217.0,2,17,2004.98,689,35,117.94,2,0,0,Occasional Customer,Send personalized emails and re-engagement campaigns.,0.7479932328123255,-1.45846475485222
14218.0,43,1,169.48000000000002,160,35,169.48000000000002,2,0,0,Occasional Customer,Send personalized emails and re-engagement campaigns.,-0.4074158784650558,-0.3352431130058776
14219.0,4,1,89.94,78,35,89.94,2,0,0,Occasional Customer,Send personalized emails and re-engagement campaigns.,-0.37202425239499376,-0.6225372494015438
14220.0,247,2,632.4,272,35,316.2,0,0,2,At Risk,Provide special discounts and win-back offers.,-0.6142394941249366,1.0236567578537012
14221.0,42,9,3432.8,2191,35,381.4222222222222,2,0,0,Occasional Customer,Send personalized emails and re-engagement campaigns.,0.5362229497330173,-0.6351025826404738
14222.0,177,1,683.17,607,35,683.17,0,0,2,At Risk,Provide special discounts and win-back offers.,-0.4538492415389723,0.732833068839903
14223.0,92,3,991.13,585,35,330.37666666666667,2,0,0,Occasional Customer,Send personalized emails and re-engagement campaigns.,-0.24275150566704076,-0.049540836528244335
14224.0,110,4,1050.12,514,35,262.53,2,0,0,Occasional Customer,Send personalized emails and re-engagement campaigns.,-0.2305471876991452,-0.005461643195954237
14226.0,29,5,2232.19,1308,35,446.438,2,0,0,Occasional Customer,Send personalized emails and re-engagement campaigns.,0.15846721722922447,-0.5146509442018621
14227.0,26,10,3350.96,1820,35,335.096,2,0,0,Occasional Customer,Send personalized emails and re-engagement campaigns.,0.5633196011290466,-0.8180220389082632
14229.0,52,3,1547.2,610,35,515.7333333333333,2,0,0,Occasional Customer,Send personalized emails and re-engagement campaigns.,-0.10754220215800991,-0.25192428418436424
14231.0,184,3,925.71,409,35,308.57,0,0,2,At Risk,Provide special discounts and win-back offers.,-0.4207693875113738,0.5529487667965615
14232.0,43,5,2048.07,1941,35,409.614,2,0,0,Occasional Customer,Send personalized emails and re-engagement campaigns.,0.1911296677518107,-0.4228176348154579
14233.0,49,4,1462.72,680,35,365.68,2,0,0,Occasional Customer,Send personalized emails and re-engagement campaigns.,-0.06790624690461586,-0.3724287063823398
14234.0,22,4,775.46,963,35,193.865,2,0,0,Occasional Customer,Send personalized emails and re-engagement campaigns.,-0.06458358834806925,-0.6079825079926321
14235.0,75,5,3144.86,1959,35,628.972,2,0,0,Occasional Customer,Send personalized emails and re-engagement campaigns.,0.2492531892024728,-0.12917329317129778
14236.0,81,2,490.86,310,35,245.43,2,0,0,Occasional Customer,Send personalized emails and re-engagement campaigns.,-0.36087558887308724,-0.10589545261388453
14237.0,373,1,161.0,38,35,161.0,0,0,2,At Risk,Provide special discounts and win-back offers.,-0.9603569516522333,1.8596375844300834
14238.0,326,1,146.85,111,35,146.85,0,0,2,At Risk,Provide special discounts and win-back offers.,-0.8787139700750446,1.543108318855042
14239.0,43,11,2380.85,993,35,216.4409090909091,2,0,0,Occasional Customer,Send personalized emails and re-engagement campaigns.,0.413870637065392,-0.8212820688701133
14240.0,30,2,890.34,418,35,445.17,2,0,0,Occasional Customer,Send personalized emails and re-engagement campaigns.,-0.20588849691711023,-0.37713059357321693
14241.0,184,1,213.7,146,35,213.7,0,0,2,At Risk,Provide special discounts and win-back offers.,-0.6281038089027857,0.6187812315627527
14242.0,235,2,280.55,123,35,140.275,0,0,2,At Risk,Provide special discounts and win-back offers.,-0.6644238083537206,0.8820881571202305
14243.0,9,10,2588.77,1221,35,258.877,2,0,0,Occasional Customer,Send personalized emails and re-engagement campaigns.,0.4590238364077048,-0.9743145748990952
14245.0,220,2,1693.45,976,35,846.725,0,0,2,At Risk,Provide special discounts and win-back offers.,-0.3305169526347601,1.0341386049316699
14246.0,111,3,1474.06,804,35,491.3533333333333,2,0,0,Occasional Customer,Send personalized emails and re-engagement campaigns.,-0.1898065319102529,0.13665984073810122
14247.0,278,1,136.76999999999998,47,35,136.76999999999998,0,0,2,At Risk,Provide special discounts and win-back offers.,-0.810421705489934,1.2186487447267218
14248.0,318,1,302.58,102,35,302.58,0,0,2,At Risk,Provide special discounts and win-back offers.,-0.8304967016843489,1.5400374141792375
14250.0,7,3,1904.05,1200,35,634.6833333333333,2,0,0,Occasional Customer,Send personalized emails and re-engagement campaigns.,0.07738616441815946,-0.49985049886162725
14251.0,2,5,2879.7000000000003,1674,35,575.94,2,0,0,Occasional Customer,Send personalized emails and re-engagement campaigns.,0.30873843350059055,-0.6405303214804157
14256.0,260,2,969.06,414,35,484.53,0,0,2,At Risk,Provide special discounts and win-back offers.,-0.568756997242754,1.1692229639019671
14257.0,64,5,3099.7200000000003,1682,35,619.9440000000001,2,0,0,Occasional Customer,Send personalized emails and re-engagement campaigns.,0.23049952499319246,-0.21101606625213154
14258.0,9,9,12669.98,7100,35,1407.7755555555557,2,0,0,Occasional Customer,Send personalized emails and re-engagement campaigns.,1.9330270860912673,-0.34652042773516684
14259.0,142,1,120.0,68,35,120.0,0,0,0,At Risk,Provide special discounts and win-back offers.,-0.5906634825680155,0.306977700108884
14261.0,51,2,1163.45,406,35,581.725,2,0,0,Occasional Customer,Send personalized emails and re-engagement campaigns.,-0.20078126317197836,-0.19174871837826438
14262.0,8,8,2618.23,1645,35,327.27875,2,0,0,Occasional Customer,Send personalized emails and re-engagement campaigns.,0.40875354221738086,-0.8434352784771671
14264.0,155,2,333.97,70,35,166.985,0,0,0,At Risk,Provide special discounts and win-back offers.,-0.5325012609726423,0.35669574928909586
14265.0,109,2,530.18,330,36,265.09,2,0,0,Occasional Customer,Send personalized emails and re-engagement campaigns.,-0.4072797715789378,0.05197480911642821
14267.0,163,3,1516.24,530,35,505.41333333333336,0,0,2,At Risk,Provide special discounts and win-back offers.,-0.30114019408631537,0.48299082670574206
14270.0,332,1,492.65,197,35,492.65,0,0,2,At Risk,Provide special discounts and win-back offers.,-0.7979827299851328,1.6967085581033667
14271.0,226,1,112.32,88,35,112.32,0,0,2,At Risk,Provide special discounts and win-back offers.,-0.7267628591609494,0.8648487433712276
14272.0,74,2,437.96,599,35,218.98,2,0,0,Occasional Customer,Send personalized emails and re-engagement campaigns.,-0.32377201100991265,-0.15594909609454297
14273.0,51,4,559.97,264,35,139.9925,2,0,0,Occasional Customer,Send personalized emails and re-engagement campaigns.,-0.21605008484762112,-0.4469218451148252
14276.0,99,3,1119.74,744,35,373.2466666666666,2,0,0,Occasional Customer,Send personalized emails and re-engagement campaigns.,-0.2201047247586248,0.014877350290050006
14277.0,15,3,4216.2,1984,13,1405.4,2,0,0,Occasional Customer,Send personalized emails and re-engagement campaigns.,0.6339087526970968,0.6196977596213793
14280.0,197,1,134.04,52,35,134.04,0,0,2,At Risk,Provide special discounts and win-back offers.,-0.6787194387392197,0.6778770870273161
14282.0,3,15,3729.34,2668,35,248.62266666666667,2,0,0,Occasional Customer,Send personalized emails and re-engagement campaigns.,0.9958178368866545,-1.2481371359653537
14284.0,31,2,595.25,161,35,297.625,2,0,0,Occasional Customer,Send personalized emails and re-engagement campaigns.,-0.28132218669774656,-0.42459115951472026
14285.0,21,4,1910.01,541,35,477.5025,2,0,0,Occasional Customer,Send personalized emails and re-engagement campaigns.,0.009312757253852095,-0.5220774763640122
14286.0,24,3,4628.75,4338,35,1542.9166666666667,2,0,0,Occasional Customer,Send personalized emails and re-engagement campaigns.,0.7439543664977795,-0.014752936410015429
14287.0,8,3,176.63,261,35,58.876666666666665,2,0,0,Occasional Customer,Send personalized emails and re-engagement campaigns.,-0.24226348576971643,-0.7090831826168327
14288.0,213,1,426.6,188,35,426.6,0,0,2,At Risk,Provide special discounts and win-back offers.,-0.6208355585614966,0.8818432565793958
14289.0,9,6,911.26,292,35,151.8766666666667,2,0,0,Occasional Customer,Send personalized emails and re-engagement campaigns.,-0.005079934742011973,-0.8268780778932326
14290.0,11,5,2314.65,915,35,462.93,2,0,0,Occasional Customer,Send personalized emails and re-engagement campaigns.,0.15019054042587743,-0.6360402006450699
14291.0,2,11,3883.25,2749,35,353.02272727272725,2,0,0,Occasional Customer,Send personalized emails and re-engagement campaigns.,0.8052314176143694,-1.0033614246476654
14292.0,8,9,4871.93,1663,35,541.3255555555556,2,0,0,Occasional Customer,Send personalized emails and re-engagement campaigns.,0.650508855040904,-0.806890821360973
14293.0,3,4,1046.56,709,35,261.64,2,0,0,Occasional Customer,Send personalized emails and re-engagement campaigns.,-0.03421248533928351,-0.715411486444574
14295.0,40,1,166.20000000000002,84,35,166.20000000000002,2,0,0,Occasional Customer,Send personalized emails and re-engagement campaigns.,-0.412133681222669,-0.35773687896739875
14297.0,18,4,1305.33,865,35,326.3325,2,0,0,Occasional Customer,Send personalized emails and re-engagement campaigns.,-0.012807108906607441,-0.5895471665921795
14298.0,8,44,51527.3,58343,35,1171.075,3,-1,1,Frequent Buyer,Recommend complementary products and loyalty rewards.,12.381634989095069,-0.9521546556427904
14299.0,8,9,3965.62,2149,35,440.6244444444444,2,0,0,Occasional Customer,Send personalized emails and re-engagement campaigns.,0.6312060321143119,-0.8385538502462511
14300.0,19,1,43.2,32,35,43.2,2,0,0,Occasional Customer,Send personalized emails and re-engagement campaigns.,-0.41265062527223434,-0.5385433905143756
14301.0,117,1,640.14,606,35,640.14,0,0,0,At Risk,Provide special discounts and win-back offers.,-0.36638444522780733,0.31889322490048233
14304.0,223,1,383.45,139,35,383.45,0,0,2,At Risk,Provide special discounts and win-back offers.,-0.6528418569556901,0.9336109211570643
14305.0,71,3,1858.96,1089,35,619.6533333333333,2,0,0,Occasional Customer,Send personalized emails and re-engagement campaigns.,-0.045072461601213275,-0.0804636595444786
14306.0,51,2,2093.32,1075,35,1046.66,2,0,0,Occasional Customer,Send personalized emails and re-engagement campaigns.,0.015423698803142085,-0.02384120450413892
14307.0,89,6,2995.72,2058,35,499.2866666666666,2,0,0,Occasional Customer,Send personalized emails and re-engagement campaigns.,0.2638229683214335,-0.130072597045975
14309.0,8,9,2352.53,1633,35,261.39222222222224,2,0,0,Occasional Customer,Send personalized emails and re-engagement campaigns.,0.43632348591522213,-0.9209350604560435
14311.0,243,1,310.26,146,35,310.26,0,0,2,At Risk,Provide special discounts and win-back offers.,-0.7015976451818036,1.0433704758376388
14312.0,47,6,1611.59,1012,35,268.5983333333333,2,0,0,Occasional Customer,Send personalized emails and re-engagement campaigns.,0.08189751584145288,-0.5162373145857477
14314.0,107,1,120.0,296,35,120.0,2,0,0,Occasional Customer,Send personalized emails and re-engagement campaigns.,-0.5072291426034815,0.07794903676427407
14315.0,45,6,2481.13,1021,35,413.5216666666667,2,0,0,Occasional Customer,Send personalized emails and re-engagement campaigns.,0.1670223993297372,-0.47508359814587214
14317.0,65,1,508.58,255,35,508.58,2,0,0,Occasional Customer,Send personalized emails and re-engagement campaigns.,-0.3532240818764336,-0.07697985522039581
14320.0,207,2,477.79,325,35,238.895,0,0,2,At Risk,Provide special discounts and win-back offers.,-0.5660325331207634,0.7321761122154546
14321.0,11,5,1530.75,2406,35,306.15,2,0,0,Occasional Customer,Send personalized emails and re-engagement campaigns.,0.2462534730281445,-0.6651040069698103
14323.0,115,2,605.0600000000001,350,35,302.53000000000003,2,0,0,Occasional Customer,Send personalized emails and re-engagement campaigns.,-0.3945289050052244,0.14059022047240083
14326.0,242,1,183.85,103,35,183.85,0,0,2,At Risk,Provide special discounts and win-back offers.,-0.7343946915377375,0.9949581569563913
14327.0,163,1,311.65,139,35,311.65,0,0,2,At Risk,Provide special discounts and win-back offers.,-0.5719578278041488,0.5103732970290079
14329.0,17,7,5014.84,3095,35,716.4057142857143,2,0,0,Occasional Customer,Send personalized emails and re-engagement campaigns.,0.7264136365882126,-0.5557358154414046
14331.0,124,2,462.66,252,35,231.33,2,0,0,Occasional Customer,Send personalized emails and re-engagement campaigns.,-0.44176076621156857,0.1749587690423696
14332.0,23,3,866.31,481,35,288.77,2,0,0,Occasional Customer,Send personalized emails and re-engagement campaigns.,-0.15769616928625876,-0.5258070712588082
14333.0,68,1,415.2,58,35,415.2,2,0,0,Occasional Customer,Send personalized emails and re-engagement campaigns.,-0.4027397952295737,-0.090932494037391
14334.0,17,8,2552.21,1731,35,319.02625,2,0,0,Occasional Customer,Send personalized emails and re-engagement campaigns.,0.3984353529660856,-0.7850778311604694
14335.0,16,2,468.26,379,14,234.13,2,0,0,Occasional Customer,Send personalized emails and re-engagement campaigns.,-0.06070104419469687,0.2087248548492135
14336.0,17,4,1614.91,1759,35,403.7275,2,0,0,Occasional Customer,Send personalized emails and re-engagement campaigns.,0.12584199143466673,-0.5519358938626074
14338.0,161,2,588.22,335,35,294.11,0,0,0,At Risk,Provide special discounts and win-back offers.,-0.4736043756148987,0.4441513936915928
14339.0,243,1,309.52,168,35,309.52,0,0,2,At Risk,Provide special discounts and win-back offers.,-0.6992126421163091,1.0435454458749467
14340.0,219,1,134.7,58,35,134.7,0,0,2,At Risk,Provide special discounts and win-back offers.,-0.7136541022691929,0.8248656205369355
14341.0,45,8,2182.28,1403,35,272.785,2,0,0,Occasional Customer,Send personalized emails and re-engagement campaigns.,0.28296402676274923,-0.6228726733663578
14342.0,21,4,668.5600000000001,347,35,167.14,2,0,0,Occasional Customer,Send personalized emails and re-engagement campaigns.,-0.14599150074781006,-0.6357295393147393
14344.0,127,8,889.9300000000001,477,35,111.24125,2,0,0,Occasional Customer,Send personalized emails and re-engagement campaigns.,-0.0691478318679725,-0.15751515232582158
14345.0,39,1,108.98,50,35,108.98,2,0,0,Occasional Customer,Send personalized emails and re-engagement campaigns.,-0.4277787072208536,-0.383573700486679
14346.0,121,2,1021.58,605,35,510.79,0,0,0,At Risk,Provide special discounts and win-back offers.,-0.3126353006261486,0.2549584973431423
14348.0,260,1,409.57,183,35,409.57,0,0,2,At Risk,Provide special discounts and win-back offers.,-0.7018322867943553,1.1895569698249848
14349.0,10,1,133.5,86,35,133.5,2,0,0,Occasional Customer,Send personalized emails and re-engagement campaigns.,-0.3707143008929726,-0.5682817395603336
14350.0,274,1,282.93,183,35,282.93,0,0,2,At Risk,Provide special discounts and win-back offers.,-0.754083956122326,1.2418771690113917
14351.0,165,1,51.0,12,35,51.0,0,0,2,At Risk,Provide special discounts and win-back offers.,-0.6506468638095593,0.43690615628342316
14352.0,157,4,1078.96,538,35,269.74,0,0,0,At Risk,Provide special discounts and win-back offers.,-0.3011247928918691,0.31086874771795375
14353.0,215,1,90.6,64,35,90.6,0,0,2,At Risk,Provide special discounts and win-back offers.,-0.7167156555979352,0.7840319660788695
14354.0,6,2,163.62,210,35,81.81,2,0,0,Occasional Customer,Send personalized emails and re-engagement campaigns.,-0.2992228814140197,-0.6624163065618892
14355.0,366,1,174.4,92,35,174.4,0,0,2,At Risk,Provide special discounts and win-back offers.,-0.9395744585893632,1.8183294946886184
14356.0,80,2,701.23,277,35,350.615,2,0,0,Occasional Customer,Send personalized emails and re-engagement campaigns.,-0.33176451087988823,-0.07804942067249983
14357.0,43,1,225.77,148,35,225.77,2,0,0,Occasional Customer,Send personalized emails and re-engagement campaigns.,-0.39570770607185324,-0.31724079862807397
14359.0,19,3,912.18,371,35,304.06,2,0,0,Occasional Customer,Send personalized emails and re-engagement campaigns.,-0.15842949788288968,-0.5492827730765327
14360.0,32,4,2128.23,1151,35,532.0575,2,0,0,Occasional Customer,Send personalized emails and re-engagement campaigns.,0.08566094769351777,-0.4179158276773739
14362.0,22,1,161.2,100,35,161.2,2,0,0,Occasional Customer,Send personalized emails and re-engagement campaigns.,-0.3821585098087069,-0.47905046581912636
14364.0,109,8,3717.35,1967,35,464.66875,2,0,0,Occasional Customer,Send personalized emails and re-engagement campaigns.,0.376374628391743,-0.10976184995127114
14367.0,8,16,9261.52,4438,35,578.845,2,0,0,Occasional Customer,Send personalized emails and re-engagement campaigns.,1.6656422521414396,-1.0753870275155044
14368.0,320,1,155.0,36,35,155.0,0,0,2,At Risk,Provide special discounts and win-back offers.,-0.8757750156139892,1.504335463178428
14371.0,295,1,100.5,34,35,100.5,0,0,2,At Risk,Provide special discounts and win-back offers.,-0.8480282595720816,1.3199879094847724
14373.0,358,1,76.55,17,35,76.55,0,0,2,At Risk,Provide special discounts and win-back offers.,-0.9580566616723598,1.7318976388931224
14375.0,185,1,257.68,194,35,257.68,0,0,2,At Risk,Provide special discounts and win-back offers.,-0.6139134096308726,0.6405943666184795
14377.0,191,2,617.05,219,35,308.525,0,0,2,At Risk,Provide special discounts and win-back offers.,-0.5315945523093656,0.6467735280263436
14379.0,44,2,348.1,292,35,174.05,2,0,0,Occasional Customer,Send personalized emails and re-engagement campaigns.,-0.32403721669834107,-0.3767357193288998
14381.0,52,1,202.68,146,35,202.68,2,0,0,Occasional Customer,Send personalized emails and re-engagement campaigns.,-0.41595463168490276,-0.26475777347486945
14382.0,26,1,626.0699999999999,1237,35,626.0699999999999,2,0,0,Occasional Customer,Send personalized emails and re-engagement campaigns.,-0.14829000911285647,-0.2804177005184717
14383.0,38,3,1247.69,817,35,415.8966666666667,2,0,0,Occasional Customer,Send personalized emails and re-engagement campaigns.,-0.09692386409647888,-0.37571899699237193
14385.0,9,3,202.11,159,35,67.37,2,0,0,Occasional Customer,Send personalized emails and re-engagement campaigns.,-0.25266552220902605,-0.7014154424367429
14386.0,297,1,142.4,54,35,142.4,0,0,2,At Risk,Provide special discounts and win-back offers.,-0.8392033538900219,1.3472662384629603
14387.0,33,3,1770.56,819,35,590.1866666666666,2,0,0,Occasional Customer,Send personalized emails and re-engagement campaigns.,-0.025334349484145192,-0.3490197607632408
14388.0,10,8,3212.84,1941,35,401.605,2,0,0,Occasional Customer,Send personalized emails and re-engagement campaigns.,0.49102015341925803,-0.7951514633107232
14389.0,65,2,1043.46,729,35,521.73,2,0,0,Occasional Customer,Send personalized emails and re-engagement campaigns.,-0.2038731699208857,-0.11237117660737868
14390.0,10,9,4652.82,2136,35,516.98,2,0,0,Occasional Customer,Send personalized emails and re-engagement campaigns.,0.6839124245004299,-0.7945130825892981
14393.0,218,1,67.95,13,35,67.95,0,0,2,At Risk,Provide special discounts and win-back offers.,-0.7327961261900557,0.7957353843431103
14395.0,2,9,3507.71,1693,35,389.74555555555554,2,0,0,Occasional Customer,Send personalized emails and re-engagement campaigns.,0.5496656311178063,-0.9077713307491008
14396.0,65,2,487.99,225,35,243.995,2,0,0,Occasional Customer,Send personalized emails and re-engagement campaigns.,-0.3451572110712517,-0.21463973852954998
14397.0,3,19,2612.96,1890,35,137.52421052631578,2,0,0,Occasional Customer,Send personalized emails and re-engagement campaigns.,1.0433403980211167,-1.524626413605052
14400.0,149,1,574.7,454,35,574.7,0,0,2,At Risk,Provide special discounts and win-back offers.,-0.4513377015232464,0.5081633149227444
14401.0,4,13,4051.48,4507,35,311.6523076923077,2,0,0,Occasional Customer,Send personalized emails and re-engagement campaigns.,1.1248914850173304,-1.0759598066087595
14403.0,130,4,1475.81,519,35,368.9525,2,0,0,Occasional Customer,Send personalized emails and re-engagement campaigns.,-0.2169775093104194,0.1656787754745349
14404.0,34,6,1474.32,839,35,245.72,2,0,0,Occasional Customer,Send personalized emails and re-engagement campaigns.,0.0701747583275413,-0.6147361247981273
14406.0,119,1,156.75,77,35,156.75,0,0,0,At Risk,Provide special discounts and win-back offers.,-0.5436504066500368,0.16571993776976282
14407.0,107,6,2157.73,1415,35,359.62166666666667,2,0,0,Occasional Customer,Send personalized emails and re-engagement campaigns.,0.08190919840818528,-0.07454059081271018
14408.0,11,7,2606.53,1616,35,372.3614285714286,2,0,0,Occasional Customer,Send personalized emails and re-engagement campaigns.,0.35001986672822266,-0.7560613579612536
14409.0,71,6,2059.4500000000003,1230,35,343.2416666666668,2,0,0,Occasional Customer,Send personalized emails and re-engagement campaigns.,0.10982812611515336,-0.32415815935730347
14410.0,92,9,1105.07,571,35,122.78555555555556,2,0,0,Occasional Customer,Send personalized emails and re-engagement campaigns.,0.07191576023190871,-0.4371561495732173
14411.0,311,1,1063.0,196,35,1063.0,0,0,2,At Risk,Provide special discounts and win-back offers.,-0.6311752648307688,1.741391593613842
14412.0,43,2,770.03,786,35,385.015,2,0,0,Occasional Customer,Send personalized emails and re-engagement campaigns.,-0.20217066611740148,-0.3036248819940555
14413.0,362,1,122.7,68,35,122.7,0,0,2,At Risk,Provide special discounts and win-back offers.,-0.9478922907367685,1.7744693518104133
14414.0,92,7,1496.98,2512,35,213.8542857142857,2,0,0,Occasional Customer,Send personalized emails and re-engagement campaigns.,0.22371124212191795,-0.26021768967852094
14415.0,1,13,5900.28,3011,35,453.86769230769227,2,0,0,Occasional Customer,Send personalized emails and re-engagement campaigns.,1.0998879969883801,-1.0607026577770273
14416.0,22,2,490.22,326,35,245.11,2,0,0,Occasional Customer,Send personalized emails and re-engagement campaigns.,-0.2631402259140099,-0.4990209054922902
14418.0,4,3,1937.25,1711,35,645.75,2,0,0,Occasional Customer,Send personalized emails and re-engagement campaigns.,0.14567862115119193,-0.5064103321717821
14419.0,11,6,1058.06,487,35,176.34333333333333,2,0,0,Occasional Customer,Send personalized emails and re-engagement campaigns.,0.02797877906442674,-0.8007002235460698
14420.0,99,1,387.52,334,35,387.52,2,0,0,Occasional Customer,Send personalized emails and re-engagement campaigns.,-0.4275264534493097,0.1119649781348253
14421.0,57,2,813.11,365,35,406.555,2,0,0,Occasional Customer,Send personalized emails and re-engagement campaigns.,-0.26746618582918946,-0.2110338344681567
14422.0,1,6,4263.64,2906,35,710.6066666666667,2,0,0,Occasional Customer,Send personalized emails and re-engagement campaigns.,0.6233922795143129,-0.6215360404094374
14423.0,218,1,265.2,120,35,265.2,0,0,2,At Risk,Provide special discounts and win-back offers.,-0.6744432067431368,0.8616275928482179
14424.0,18,1,322.08,48,35,322.08,2,0,0,Occasional Customer,Send personalized emails and re-engagement campaigns.,-0.3442472119211279,-0.45459823486504297
14426.0,24,10,4481.67,2699,35,448.167,2,0,0,Occasional Customer,Send personalized emails and re-engagement campaigns.,0.7612005437318793,-0.7678004705173183
14427.0,50,2,363.34,228,35,181.67,2,0,0,Occasional Customer,Send personalized emails and re-engagement campaigns.,-0.33896729424179806,-0.3353979218885249
14428.0,7,5,1244.83,436,35,248.966,2,0,0,Occasional Customer,Send personalized emails and re-engagement campaigns.,-0.004406883688212927,-0.7497453429492966
14431.0,303,1,470.36,130,35,470.36,0,0,2,At Risk,Provide special discounts and win-back offers.,-0.7637872530098877,1.4949008708036118
14432.0,10,6,2255.51,2070,35,375.91833333333335,2,0,0,Occasional Customer,Send personalized emails and re-engagement campaigns.,0.32491714063718335,-0.7027336077280864
14434.0,22,6,1372.8,368,35,228.8,2,0,0,Occasional Customer,Send personalized emails and re-engagement campaigns.,0.025509184015759395,-0.7099513363627992
14436.0,99,1,89.06,129,35,89.06,2,0,0,Occasional Customer,Send personalized emails and re-engagement campaigns.,-0.5208301984430097,0.011450928310886965
14437.0,366,1,63.0,60,35,63.0,0,0,2,At Risk,Provide special discounts and win-back offers.,-0.9692255109222617,1.7816516281930808
14438.0,306,1,131.9,82,35,131.9,0,0,2,At Risk,Provide special discounts and win-back offers.,-0.8530324413929177,1.4043916701153838
14439.0,320,1,2661.24,526,15,2661.24,0,0,2,At Risk,Provide special discounts and win-back offers.,-0.054671146769277056,3.0398479765300124
14440.0,8,5,2357.6800000000003,588,35,471.53600000000006,2,0,0,Occasional Customer,Send personalized emails and re-engagement campaigns.,0.12130064673327806,-0.6590642798926174
14441.0,1,4,1712.89,446,35,428.2225,2,0,0,Occasional Customer,Send personalized emails and re-engagement campaigns.,0.009723596013444613,-0.6746620553936113
14442.0,205,2,1589.82,482,6,794.91,0,0,2,At Risk,Provide special discounts and win-back offers.,-0.11687982722383242,1.9438095845607095
14443.0,54,4,1420.2,938,35,355.05,2,0,0,Occasional Customer,Send personalized emails and re-engagement campaigns.,-0.050596558189136685,-0.33800169966650434
14446.0,1,4,1039.58,933,35,259.895,2,0,0,Occasional Customer,Send personalized emails and re-engagement campaigns.,-0.005668100629169704,-0.7251413843042952
14447.0,19,5,1163.23,571,35,232.646,2,0,0,Occasional Customer,Send personalized emails and re-engagement campaigns.,-0.016275379546046645,-0.6731542163845209
14448.0,9,2,375.35,104,35,187.675,2,0,0,Occasional Customer,Send personalized emails and re-engagement campaigns.,-0.2849012683338129,-0.6090531040218377
14449.0,19,4,907.1,757,35,226.775,2,0,0,Occasional Customer,Send personalized emails and re-engagement campaigns.,-0.06957208997269258,-0.6202003688684686
14450.0,181,3,483.25,241,35,161.08333333333334,0,0,2,At Risk,Provide special discounts and win-back offers.,-0.48891864302208676,0.4790157975283487
14451.0,60,2,662.59,389,35,331.295,2,0,0,Occasional Customer,Send personalized emails and re-engagement campaigns.,-0.29196606553967863,-0.21572090558252993
14452.0,11,2,264.44,119,35,132.22,2,0,0,Occasional Customer,Send personalized emails and re-engagement campaigns.,-0.3029234524437296,-0.6139608706084072
14453.0,190,1,119.93,49,35,119.93,0,0,2,At Risk,Provide special discounts and win-back offers.,-0.6709662762213446,0.6265861944792548
14456.0,5,9,3062.4,2908,35,340.26666666666665,2,0,0,Occasional Customer,Send personalized emails and re-engagement campaigns.,0.6487747505691105,-0.8849321527918458
14457.0,311,1,113.64,88,35,113.64,0,0,2,At Risk,Provide special discounts and win-back offers.,-0.8647186434786073,1.4319237966416045
14459.0,155,1,1837.92,760,35,1837.92,0,0,0,At Risk,Provide special discounts and win-back offers.,-0.13147922357272748,0.9629988974088989
14460.0,110,3,434.34,881,35,144.78,2,0,0,Occasional Customer,Send personalized emails and re-engagement campaigns.,-0.30494941463405667,0.012147734619498318
14461.0,148,3,2103.06,766,35,701.02,0,0,0,At Risk,Provide special discounts and win-back offers.,-0.17835186095021616,0.45477311188140473
14462.0,66,11,2004.02,964,35,182.1836363636364,2,0,0,Occasional Customer,Send personalized emails and re-engagement campaigns.,0.3428502849582671,-0.6830859658259155
14463.0,98,3,529.62,179,35,176.54,2,0,0,Occasional Customer,Send personalized emails and re-engagement campaigns.,-0.35550873454861326,-0.07014688364322967
14465.0,247,3,1058.62,405,35,352.8733333333334,0,0,2,At Risk,Provide special discounts and win-back offers.,-0.5076405736614223,0.9881092543813886
14466.0,29,7,2272.4,1006,35,324.62857142857143,2,0,0,Occasional Customer,Send personalized emails and re-engagement campaigns.,0.2201116335025962,-0.665938009963481
14467.0,18,4,598.76,278,35,149.69,2,0,0,Occasional Customer,Send personalized emails and re-engagement campaigns.,-0.15659615160798893,-0.6632136972721383
14470.0,12,2,461.19,193,35,230.595,2,0,0,Occasional Customer,Send personalized emails and re-engagement campaigns.,-0.2666558230991806,-0.5730401730250578
14472.0,104,8,1936.84,1160,35,242.105,2,0,0,Occasional Customer,Send personalized emails and re-engagement campaigns.,0.13764892058513495,-0.2462563505394242
14473.0,74,2,234.34000000000003,88,35,117.17000000000002,2,0,0,Occasional Customer,Send personalized emails and re-engagement campaigns.,-0.4134855349390941,-0.1995862926148497
14474.0,46,1,547.66,140,35,547.66,2,0,0,Occasional Customer,Send personalized emails and re-engagement campaigns.,-0.3265887690596609,-0.193154187036805
14475.0,72,3,925.85,447,35,308.6166666666667,2,0,0,Occasional Customer,Send personalized emails and re-engagement campaigns.,-0.2341534746736936,-0.1929605717070793
14476.0,257,1,215.7,132,35,215.7,0,0,2,At Risk,Provide special discounts and win-back offers.,-0.7480091613202403,1.105815342772143
14477.0,20,4,1309.6,720,35,327.4,2,0,0,Occasional Customer,Send personalized emails and re-engagement campaigns.,-0.03245840396818617,-0.5785685729142925
14479.0,254,2,316.25,117,35,158.125,0,0,2,At Risk,Provide special discounts and win-back offers.,-0.6907120074481159,1.0145998266560143
14480.0,11,1,279.05,143,35,279.05,2,0,0,Occasional Customer,Send personalized emails and re-engagement campaigns.,-0.33183454862634365,-0.5134074503489282
14481.0,165,2,636.51,489,35,318.255,0,0,2,At Risk,Provide special discounts and win-back offers.,-0.45502054382357654,0.4817844241907608
14482.0,18,6,2068.15,1646,35,344.69166666666666,2,0,0,Occasional Customer,Send personalized emails and re-engagement campaigns.,0.245203317725253,-0.6690963372123374
14483.0,282,1,137.1,97,35,137.1,0,0,2,At Risk,Provide special discounts and win-back offers.,-0.8110394346396643,1.24636366277882
14484.0,50,1,321.92,210,35,321.92,2,0,0,Occasional Customer,Send personalized emails and re-engagement campaigns.,-0.37750570767513447,-0.23827089228344606
14485.0,39,1,165.75,71,35,165.75,2,0,0,Occasional Customer,Send personalized emails and re-engagement campaigns.,-0.4121229141425416,-0.36479403932030036
14487.0,27,6,1196.33,735,35,199.3883333333333,2,0,0,Occasional Customer,Send personalized emails and re-engagement campaigns.,0.04363254240725992,-0.6807261933055424
14488.0,68,1,1064.28,799,35,1064.28,2,0,0,Occasional Customer,Send personalized emails and re-engagement campaigns.,-0.16551552108954595,0.13322456853012216
14489.0,207,1,463.38,299,35,463.38,0,0,2,At Risk,Provide special discounts and win-back offers.,-0.5896117297933995,0.8558469887705292
14491.0,175,2,340.93,139,35,170.465,0,0,2,At Risk,Provide special discounts and win-back offers.,-0.5559770314625937,0.4924873537790096
14493.0,7,5,2383.24,1285,35,476.648,2,0,0,Occasional Customer,Send personalized emails and re-engagement campaigns.,0.2064646756630133,-0.6507314167587791
14494.0,26,1,139.56,92,35,139.56,2,0,0,Occasional Customer,Send personalized emails and re-engagement campaigns.,-0.39463222165068734,-0.4595431709815897
14495.0,51,2,123.8,62,35,61.9,2,0,0,Occasional Customer,Send personalized emails and re-engagement campaigns.,-0.3955528292127622,-0.37186599558074995
14496.0,312,2,538.8100000000001,159,35,269.40500000000003,0,0,2,At Risk,Provide special discounts and win-back offers.,-0.7470389529365631,1.4392152615899452
14497.0,309,1,475.37,235,35,475.37,0,0,2,At Risk,Provide special discounts and win-back offers.,-0.7601756862353087,1.5385007168081175
14498.0,43,5,1957.32,1098,35,391.464,2,0,0,Occasional Customer,Send personalized emails and re-engagement campaigns.,0.08419721684244091,-0.4453221275506171
14499.0,26,3,815.32,501,35,271.77333333333337,2,0,0,Occasional Customer,Send personalized emails and re-engagement campaigns.,-0.16641682347536005,-0.51128138925828
14500.0,88,3,356.85,117,35,118.95,2,0,0,Occasional Customer,Send personalized emails and re-engagement campaigns.,-0.3673401569885155,-0.15780325449173752
14501.0,184,2,251.21,161,35,125.605,0,0,2,At Risk,Provide special discounts and win-back offers.,-0.5814170982145737,0.5379155942506154
14502.0,20,11,2470.67,1498,35,224.60636363636365,2,0,0,Occasional Customer,Send personalized emails and re-engagement campaigns.,0.5171909057813379,-0.9616166042760256
14503.0,3,6,3543.26,2004,35,590.5433333333334,2,0,0,Occasional Customer,Send personalized emails and re-engagement campaigns.,0.4483306754363132,-0.6702014774112892
14504.0,47,4,673.26,308,35,168.315,2,0,0,Occasional Customer,Send personalized emails and re-engagement campaigns.,-0.19231445722909754,-0.4627205879222196
14505.0,17,8,5905.64,2759,35,738.205,2,0,0,Occasional Customer,Send personalized emails and re-engagement campaigns.,0.8061923581498802,-0.6000513797565671
14506.0,17,5,2012.17,730,35,402.434,2,0,0,Occasional Customer,Send personalized emails and re-engagement campaigns.,0.08911868045895623,-0.6215851275316767
14507.0,24,6,1383.18,600,35,230.53,2,0,0,Occasional Customer,Send personalized emails and re-engagement campaigns.,0.050188229256346126,-0.6915978509252545
14508.0,22,2,276.42,131,35,138.21,2,0,0,Occasional Customer,Send personalized emails and re-engagement campaigns.,-0.31763784125500255,-0.5384030493554963
14511.0,11,5,1314.81,784,35,262.962,2,0,0,Occasional Customer,Send personalized emails and re-engagement campaigns.,0.03643397778526613,-0.7114182656845541
14512.0,188,2,275.28,122,35,137.64,0,0,2,At Risk,Provide special discounts and win-back offers.,-0.5888733225803559,0.5678663681300472
14513.0,101,3,455.59,361,35,151.86333333333334,2,0,0,Occasional Customer,Send personalized emails and re-engagement campaigns.,-0.34818459777799987,-0.05521179412936504
14514.0,61,3,1055.35,589,35,351.7833333333333,2,0,0,Occasional Customer,Send personalized emails and re-engagement campaigns.,-0.18409590660731553,-0.24875660511496805
14515.0,18,6,2102.09,1134,35,350.34833333333336,2,0,0,Occasional Customer,Send personalized emails and re-engagement campaigns.,0.18884373251046604,-0.6766252226556606
14517.0,33,2,330.45,91,35,165.225,2,0,0,Occasional Customer,Send personalized emails and re-engagement campaigns.,-0.3321361637891106,-0.4568023358817005
14518.0,64,1,174.37,278,35,174.37,2,0,0,Occasional Customer,Send personalized emails and re-engagement campaigns.,-0.42672049962598796,-0.19144049819760223
14520.0,2,2,270.6,146,35,135.3,2,0,0,Occasional Customer,Send personalized emails and re-engagement campaigns.,-0.2842282677541092,-0.6724212218265663
14522.0,24,4,974.54,525,35,243.635,2,0,0,Occasional Customer,Send personalized emails and re-engagement campaigns.,-0.09746099668721181,-0.5852649817436678
14523.0,108,1,241.09,251,35,241.09,2,0,0,Occasional Customer,Send personalized emails and re-engagement campaigns.,-0.4858995054901952,0.12298015251136173
14524.0,32,9,1867.68,676,35,207.52,2,0,0,Occasional Customer,Send personalized emails and re-engagement campaigns.,0.24549561370915046,-0.8008143946067355
14525.0,20,9,4332.2,2696,35,481.3555555555556,2,0,0,Occasional Customer,Send personalized emails and re-engagement campaigns.,0.7059264827681637,-0.7317364459083412
14527.0,3,55,8508.82,2089,35,154.7058181818182,2,-1,0,Occasional Customer,Send personalized emails and re-engagement campaigns.,3.5148395595548676,-3.3958154429492375
14528.0,37,1,364.22,278,35,364.22,2,0,0,Occasional Customer,Send personalized emails and re-engagement campaigns.,-0.3386088564080886,-0.30995507225192254
14529.0,60,3,620.04,348,35,206.68,2,0,0,Occasional Customer,Send personalized emails and re-engagement campaigns.,-0.26311930137648537,-0.3099120389036233
14530.0,26,6,2925.91,1410,35,487.6516666666666,2,0,0,Occasional Customer,Send personalized emails and re-engagement campaigns.,0.28448842647939726,-0.5666312454035571
14532.0,236,4,932.85,284,35,233.2125,0,0,2,At Risk,Provide special discounts and win-back offers.,-0.474777014844563,0.8197851232227261
14533.0,25,7,1949.72,4019,35,278.5314285714286,2,0,0,Occasional Customer,Send personalized emails and re-engagement campaigns.,0.5481416433748908,-0.6535687212403987
14534.0,3,18,4447.05,2047,35,247.0583333333333,2,0,0,Occasional Customer,Send personalized emails and re-engagement campaigns.,1.1418735988334352,-1.4147172955145948
14535.0,60,3,2864.19,1831,35,954.73,2,0,0,Occasional Customer,Send personalized emails and re-engagement campaigns.,0.18061923443607544,-0.024471600544055252
14536.0,260,1,171.8,40,35,171.8,0,0,2,At Risk,Provide special discounts and win-back offers.,-0.7738019515957746,1.109864673074804
14537.0,58,1,355.56,120,35,355.56,2,0,0,Occasional Customer,Send personalized emails and re-engagement campaigns.,-0.3931495799229012,-0.17574178174704916
14538.0,65,2,388.25,155,35,194.125,2,0,0,Occasional Customer,Send personalized emails and re-engagement campaigns.,-0.3681434494895843,-0.23261674576185054
14539.0,16,2,537.48,428,35,268.74,2,0,0,Occasional Customer,Send personalized emails and re-engagement campaigns.,-0.23448793034880835,-0.5292042966286373
14540.0,10,3,996.26,421,35,332.08666666666664,2,0,0,Occasional Customer,Send personalized emails and re-engagement campaigns.,-0.12781122150944962,-0.5986911859874007
14541.0,59,8,1461.65,647,35,182.70625,2,0,0,Occasional Customer,Send personalized emails and re-engagement campaigns.,0.11036871082152053,-0.5793875781031357
14542.0,186,1,103.25,19,35,103.25,0,0,2,At Risk,Provide special discounts and win-back offers.,-0.6718296774569187,0.5939535488287648
14543.0,29,16,3630.33,679,35,226.895625,2,0,0,Occasional Customer,Send personalized emails and re-engagement campaigns.,0.7695332304761484,-1.174018126438246
14544.0,24,2,2024.45,1543,35,1012.225,2,0,0,Occasional Customer,Send personalized emails and re-engagement campaigns.,0.10348889479388028,-0.2065175023319566
14546.0,5,5,2578.09,1317,35,515.618,2,0,0,Occasional Customer,Send personalized emails and re-engagement campaigns.,0.23263906932488093,-0.6492525927660245
14547.0,4,8,4007.54,2668,35,500.9425,2,0,0,Occasional Customer,Send personalized emails and re-engagement campaigns.,0.6535986563119583,-0.7821926276230201
14548.0,151,2,652.8,256,35,326.4,0,0,0,At Risk,Provide special discounts and win-back offers.,-0.45690620631867435,0.3867838168194413
14549.0,311,1,289.24,136,35,289.24,0,0,2,At Risk,Provide special discounts and win-back offers.,-0.8182634569677025,1.4896931622510803
14550.0,11,2,765.62,394,35,382.81,2,0,0,Occasional Customer,Send personalized emails and re-engagement campaigns.,-0.19634095877608979,-0.5250750706514603
14551.0,18,2,186.23,106,35,93.115,2,0,0,Occasional Customer,Send personalized emails and re-engagement campaigns.,-0.3274650027692706,-0.5806028020857972
14552.0,152,1,165.07,91,35,165.07,0,0,0,At Risk,Provide special discounts and win-back offers.,-0.5937649484269755,0.38867064975541565
14553.0,19,5,859.27,493,35,171.85399999999998,2,0,0,Occasional Customer,Send personalized emails and re-engagement campaigns.,-0.055295766691193585,-0.6967892312606793
14554.0,10,4,2381.04,1478,35,595.26,2,0,0,Occasional Customer,Send personalized emails and re-engagement campaigns.,0.18649095854924513,-0.5360153330619645
14555.0,57,2,324.14,130,35,162.07,2,0,0,Occasional Customer,Send personalized emails and re-engagement campaigns.,-0.3675812676035751,-0.29712658637659545
14557.0,85,1,788.38,510,35,788.38,2,0,0,Occasional Customer,Send personalized emails and re-engagement campaigns.,-0.2909844950847273,0.15176263357024422
14560.0,7,22,2237.77,1260,35,101.71681818181818,2,0,0,Occasional Customer,Send personalized emails and re-engagement campaigns.,1.1050736475357155,-1.6865906644098083
14561.0,76,3,1080.76,1014,35,360.25333333333333,2,0,0,Occasional Customer,Send personalized emails and re-engagement campaigns.,-0.15602118355944922,-0.13783502569968
14562.0,4,18,5074.77,1834,35,281.9316666666667,2,0,0,Occasional Customer,Send personalized emails and re-engagement campaigns.,1.1621330676233028,-1.3947288071478092
14565.0,96,4,3099.12,1540,35,774.78,2,0,0,Occasional Customer,Send personalized emails and re-engagement campaigns.,0.1305956598375562,0.10209106729715457
14566.0,111,1,1432.0,800,6,1432.0,0,0,2,At Risk,Provide special discounts and win-back offers.,0.11234128733996815,1.5752645430477419
14567.0,57,2,1530.36,412,35,765.1800000000001,2,0,0,Occasional Customer,Send personalized emails and re-engagement campaigns.,-0.15521721805502356,-0.0903584996122864
14569.0,1,1,227.39,79,35,227.39,2,0,0,Occasional Customer,Send personalized emails and re-engagement campaigns.,-0.33503288557439437,-0.5980071214160944
14570.0,281,2,218.06,95,35,109.03,0,0,2,At Risk,Provide special discounts and win-back offers.,-0.7518068570781261,1.1777802239022648
14572.0,3,7,2832.84,1428,35,404.6914285714286,2,0,0,Occasional Customer,Send personalized emails and re-engagement campaigns.,0.36131178125433705,-0.8004891121505389
14573.0,180,9,1653.42,544,35,183.7133333333333,2,0,0,Occasional Customer,Send personalized emails and re-engagement campaigns.,-0.028506936534826426,0.17368073205673856
14576.0,372,1,35.400000000000006,12,35,35.400000000000006,0,0,2,At Risk,Provide special discounts and win-back offers.,-0.9909893850321496,1.8118079456168708
14577.0,13,4,859.71,353,35,214.9275,2,0,0,Occasional Customer,Send personalized emails and re-engagement campaigns.,-0.11184053569248824,-0.6720115702384665
14578.0,3,1,168.63,240,35,168.63,2,0,0,Occasional Customer,Send personalized emails and re-engagement campaigns.,-0.333249653046517,-0.6006684066077388
14581.0,17,1,138.6,217,35,138.6,2,0,0,Occasional Customer,Send personalized emails and re-engagement campaigns.,-0.3656861938597147,-0.517496318491188
14582.0,41,1,114.11,73,35,114.11,2,0,0,Occasional Customer,Send personalized emails and re-engagement campaigns.,-0.42716430997148425,-0.3681461105438093
14583.0,6,5,1052.55,792,35,210.51,2,0,0,Occasional Customer,Send personalized emails and re-engagement campaigns.,0.019652593912812297,-0.7637239592470828
14584.0,169,4,1042.26,383,35,260.565,0,0,0,At Risk,Provide special discounts and win-back offers.,-0.3425858275918542,0.3846932490860093
14585.0,50,1,157.05,91,35,157.05,2,0,0,Occasional Customer,Send personalized emails and re-engagement campaigns.,-0.42971616267665425,-0.29390359227664414
14586.0,277,1,237.36,444,35,237.36,0,0,2,At Risk,Provide special discounts and win-back offers.,-0.7392331120425097,1.2520382297021844
14587.0,19,9,1601.14,761,35,177.9044444444445,2,0,0,Occasional Customer,Send personalized emails and re-engagement campaigns.,0.254231221307055,-0.8978817612674447
14589.0,372,1,39.75,5,35,39.75,0,0,2,At Risk,Provide special discounts and win-back offers.,-0.9907904763968062,1.8130846918467411
14591.0,15,4,1447.14,1297,35,361.785,2,0,0,Occasional Customer,Send personalized emails and re-engagement campaigns.,0.05745240596014227,-0.5888403862420087
14592.0,35,3,570.46,415,35,190.1533333333333,2,0,0,Occasional Customer,Send personalized emails and re-engagement campaigns.,-0.22066075326635776,-0.480999211561997
14593.0,22,3,617.99,332,35,205.99666666666667,2,0,0,Occasional Customer,Send personalized emails and re-engagement campaigns.,-0.20341528895964353,-0.5637735931997925
14594.0,7,2,379.83,185,35,189.915,2,0,0,Occasional Customer,Send personalized emails and re-engagement campaigns.,-0.2715656676870499,-0.6201112725318217
14595.0,20,6,1740.6,978,35,290.1,2,0,0,Occasional Customer,Send personalized emails and re-engagement campaigns.,0.13385597845424557,-0.6888132265113932
14597.0,11,2,883.15,577,35,441.575,2,0,0,Occasional Customer,Send personalized emails and re-engagement campaigns.,-0.15757109780927442,-0.5019973512370959
14598.0,44,1,221.97,189,35,221.97,2,0,0,Occasional Customer,Send personalized emails and re-engagement campaigns.,-0.393453084710769,-0.31103224188405176
14600.0,306,1,393.33,125,35,393.33,0,0,2,At Risk,Provide special discounts and win-back offers.,-0.7871791645933696,1.4898612458968472
14601.0,11,1,213.96,168,35,213.96,2,0,0,Occasional Customer,Send personalized emails and re-engagement campaigns.,-0.3440800550475093,-0.5340144860044602
14603.0,275,1,660.0,400,35,660.0,0,0,2,At Risk,Provide special discounts and win-back offers.,-0.6427133346149181,1.3747401862157007
14606.0,1,93,12156.65,6224,35,130.71666666666667,2,-1,0,Occasional Customer,Send personalized emails and re-engagement campaigns.,6.408682067169672,-5.349789907276771
14607.0,16,14,16569.5,11766,35,1183.5357142857142,2,0,0,Occasional Customer,Send personalized emails and re-engagement campaigns.,2.966239294861333,-0.5120059486447907
14608.0,4,4,1785.15,437,35,446.2875,2,0,0,Occasional Customer,Send personalized emails and re-engagement campaigns.,0.011524662605202166,-0.648429898274901
14609.0,72,4,601.56,7026,35,150.39,2,0,0,Occasional Customer,Send personalized emails and re-engagement campaigns.,0.5402464421656675,-0.17580700767236665
14616.0,243,3,406.08,104,35,135.36,0,0,2,At Risk,Provide special discounts and win-back offers.,-0.6150252552795434,0.8808989264058955
14618.0,9,3,553.44,264,35,184.48,2,0,0,Occasional Customer,Send personalized emails and re-engagement campaigns.,-0.19797862624210144,-0.6591252742133954
14619.0,246,1,394.44,152,35,394.44,0,0,2,At Risk,Provide special discounts and win-back offers.,-0.6861848808199057,1.0907429939090079
14620.0,206,2,412.78,214,35,206.39,0,0,2,At Risk,Provide special discounts and win-back offers.,-0.5869872694225817,0.7125603272984367
14621.0,1,5,1788.36,993,35,357.672,2,0,0,Occasional Customer,Send personalized emails and re-engagement campaigns.,0.12366016698754198,-0.7396122250569732
14622.0,185,1,320.58000000000004,146,35,320.58000000000004,0,0,2,At Risk,Provide special discounts and win-back offers.,-0.6048511831116197,0.6600587609009209
14623.0,32,5,889.25,419,35,177.85,2,0,0,Occasional Customer,Send personalized emails and re-engagement campaigns.,-0.08208918781666796,-0.6093338923674335
14624.0,57,2,225.85,162,35,112.925,2,0,0,Occasional Customer,Send personalized emails and re-engagement campaigns.,-0.37849524725195594,-0.31293916534776034
14625.0,196,2,899.63,335,35,449.815,0,0,2,At Risk,Provide special discounts and win-back offers.,-0.48417282442572007,0.7294861813518833
14626.0,24,4,2791.27,1403,35,697.8175,2,0,0,Occasional Customer,Send personalized emails and re-engagement campaigns.,0.19886805236127023,-0.4077510233856171
14628.0,91,2,671.96,272,35,335.98,2,0,0,Occasional Customer,Send personalized emails and re-engagement campaigns.,-0.35459635233652403,-0.009701234403833855
14629.0,4,2,959.01,380,35,479.505,2,0,0,Occasional Customer,Send personalized emails and re-engagement campaigns.,-0.15778961392776755,-0.5397054936461892
14631.0,51,3,1006.98,622,35,335.66,2,0,0,Occasional Customer,Send personalized emails and re-engagement campaigns.,-0.16984253722120704,-0.3203490620572146
14632.0,263,1,114.56,96,35,114.56,0,0,2,At Risk,Provide special discounts and win-back offers.,-0.7854966181997256,1.1123832562661984
14633.0,266,1,344.90000000000003,96,35,344.90000000000003,0,0,2,At Risk,Provide special discounts and win-back offers.,-0.7367585412313562,1.2069738798436376
14636.0,36,2,609.85,241,35,304.925,2,0,0,Occasional Customer,Send personalized emails and re-engagement campaigns.,-0.27798250640548355,-0.3873129128840025
14638.0,51,1,443.6,166,35,443.6,2,0,0,Occasional Customer,Send personalized emails and re-engagement campaigns.,-0.355922492872141,-0.19302987039196828
14639.0,52,6,2984.49,1431,35,497.415,2,0,0,Occasional Customer,Send personalized emails and re-engagement campaigns.,0.2500823468978785,-0.38924870718905696
14640.0,24,6,2125.08,886,35,354.18,2,0,0,Occasional Customer,Send personalized emails and re-engagement campaigns.,0.1523936783433644,-0.6398641985959951
14641.0,22,1,110.46,90,35,110.46,2,0,0,Occasional Customer,Send personalized emails and re-engagement campaigns.,-0.39513202591027585,-0.4956701217852649
14642.0,59,1,96.12,76,35,96.12,2,0,0,Occasional Customer,Send personalized emails and re-engagement campaigns.,-0.46028249280986033,-0.2539193366690194
14643.0,170,2,693.8100000000001,815,35,346.90500000000003,0,0,2,At Risk,Provide special discounts and win-back offers.,-0.4167287970885794,0.5308301367159322
14644.0,68,2,830.76,258,35,415.38,2,0,0,Occasional Customer,Send personalized emails and re-engagement campaigns.,-0.2951688556553112,-0.1367716904816122
14645.0,157,2,597.09,381,35,298.545,0,0,0,At Risk,Provide special discounts and win-back offers.,-0.4604302995681867,0.4198339255052907
14646.0,2,73,280206.02,196915,23,3838.4386301369855,1,-1,1,High Value Loyal,"Offer VIP rewards, exclusive products, and premium membership.",45.57732416046736,3.652609460016548
14647.0,201,1,243.22,95,35,243.22,0,0,2,At Risk,Provide special discounts and win-back offers.,-0.6548130195821119,0.7407091198992438
14649.0,5,4,1417.29,1018,35,354.3225,2,0,0,Occasional Customer,Send personalized emails and re-engagement campaigns.,0.038095965621342466,-0.6634075517051192
14651.0,67,2,654.6,344,35,327.3,2,0,0,Occasional Customer,Send personalized emails and re-engagement campaigns.,-0.3097727586344754,-0.1712382939463304
14652.0,77,1,114.18,53,35,114.18,2,0,0,Occasional Customer,Send personalized emails and re-engagement campaigns.,-0.48803126432016597,-0.12850843315279403
14653.0,1,7,1947.55,950,35,278.2214285714286,2,0,0,Occasional Customer,Send personalized emails and re-engagement campaigns.,0.2302500456775645,-0.8715201070012475
14655.0,8,4,1932.23,1089,35,483.0575,2,0,0,Occasional Customer,Send personalized emails and re-engagement campaigns.,0.0965339371627867,-0.5964450329709263
14656.0,169,2,291.05,120,35,145.525,0,0,2,At Risk,Provide special discounts and win-back offers.,-0.5558520704966164,0.44380005724796107
14657.0,18,4,848.22,466,35,212.055,2,0,0,Occasional Customer,Send personalized emails and re-engagement campaigns.,-0.10806732541005908,-0.6375678423856345
14658.0,5,2,247.15,47,35,123.575,2,0,0,Occasional Customer,Send personalized emails and re-engagement campaigns.,-0.3041070895129832,-0.6582040571677759
14659.0,9,9,2529.93,1195,35,281.1033333333333,2,0,0,Occasional Customer,Send personalized emails and re-engagement campaigns.,0.39862018948594224,-0.9145325758626379
14660.0,87,2,285.74,228,35,142.87,2,0,0,Occasional Customer,Send personalized emails and re-engagement campaigns.,-0.41070564294509126,-0.10169971270755392
14661.0,27,1,107.95,35,35,107.95,2,0,0,Occasional Customer,Send personalized emails and re-engagement campaigns.,-0.41024256371305673,-0.46418723972383336
14662.0,29,4,771.17,602,35,192.7925,2,0,0,Occasional Customer,Send personalized emails and re-engagement campaigns.,-0.1183909911671889,-0.5685008121922319
14664.0,20,2,637.89,466,35,318.945,2,0,0,Occasional Customer,Send personalized emails and re-engagement campaigns.,-0.22162808588392954,-0.485052684003177
14665.0,61,5,1835.7,740,35,367.14,2,0,0,Occasional Customer,Send personalized emails and re-engagement campaigns.,0.0013193697225329414,-0.3409415686939851
14666.0,24,1,195.25,161,35,195.25,2,0,0,Occasional Customer,Send personalized emails and re-engagement campaigns.,-0.3703951071651519,-0.4535415390800079
14667.0,11,25,9241.2,5385,35,369.648,2,0,0,Occasional Customer,Send personalized emails and re-engagement campaigns.,2.2500016518761186,-1.5884667652136344
14669.0,242,3,1269.99,775,35,423.33,0,0,2,At Risk,Provide special discounts and win-back offers.,-0.4309407729901945,0.9860024015630283
14670.0,280,2,411.53,337,35,205.765,0,0,2,At Risk,Provide special discounts and win-back offers.,-0.6932461583110928,1.2079863124057715
14672.0,235,2,765.55,454,35,382.775,0,0,2,At Risk,Provide special discounts and win-back offers.,-0.5537408432483656,0.9693270563677115
14673.0,3,5,1736.4,1004,35,347.28000000000003,2,0,0,Occasional Customer,Send personalized emails and re-engagement campaigns.,0.11656514874164489,-0.729861010259108
14675.0,16,1,604.75,341,35,604.75,2,0,0,Occasional Customer,Send personalized emails and re-engagement campaigns.,-0.24113674062870635,-0.37087194480475827
14676.0,31,6,2548.24,2500,35,424.7066666666667,2,0,0,Occasional Customer,Send personalized emails and re-engagement campaigns.,0.3679506505460031,-0.5363488979555295
14680.0,25,16,28754.11,13476,35,1797.131875,2,-1,0,Occasional Customer,Send personalized emails and re-engagement campaigns.,4.159738213680539,-0.21093413854723983
14681.0,71,3,498.95,76,35,166.31666666666666,2,0,0,Occasional Customer,Send personalized emails and re-engagement campaigns.,-0.32727102883768944,-0.2556009874033116
14682.0,188,2,52.0,80,35,26.0,0,0,2,At Risk,Provide special discounts and win-back offers.,-0.6269977714186314,0.5297843380543393
14684.0,26,5,1236.28,853,35,247.256,2,0,0,Occasional Customer,Send personalized emails and re-engagement campaigns.,0.012316367710689126,-0.6158477604454131
14687.0,107,1,628.38,470,35,628.38,0,0,0,At Risk,Provide special discounts and win-back offers.,-0.3686641725415996,0.2458575321495785
14688.0,8,21,5630.87,3621,35,268.13666666666666,2,0,0,Occasional Customer,Send personalized emails and re-engagement campaigns.,1.5690311577607348,-1.494746125953383
14689.0,209,1,112.8,76,35,112.8,0,0,2,At Risk,Provide special discounts and win-back offers.,-0.7003933840936205,0.7514485149064595
14690.0,44,2,371.7,170,35,185.85,2,0,0,Occasional Customer,Send personalized emails and re-engagement campaigns.,-0.3347047575131934,-0.37509340274564806
14691.0,31,5,2114.33,707,35,422.866,2,0,0,Occasional Customer,Send personalized emails and re-engagement campaigns.,0.07373980447762153,-0.5212387821819779
14692.0,137,4,591.55,265,35,147.8875,2,0,0,Occasional Customer,Send personalized emails and re-engagement campaigns.,-0.35244652757761313,0.12920911663618548
14693.0,265,1,172.9,34,35,172.9,0,0,2,At Risk,Provide special discounts and win-back offers.,-0.7823764511549438,1.1434400248685204
14696.0,4,7,2078.95,1630,35,296.99285714285713,2,0,0,Occasional Customer,Send personalized emails and re-engagement campaigns.,0.3161016527249392,-0.831478871030507
14697.0,218,2,188.61,181,35,94.305,0,0,2,At Risk,Provide special discounts and win-back offers.,-0.643717561728267,0.7544965751363428
14698.0,2,5,1250.76,615,35,250.152,2,0,0,Occasional Customer,Send personalized emails and re-engagement campaigns.,0.02511739274835482,-0.7792717547252221
14699.0,214,1,109.13,77,35,109.13,0,0,2,At Risk,Provide special discounts and win-back offers.,-0.7092645588016454,0.7836111113333887
14700.0,32,3,2235.3,1342,35,745.1,2,0,0,Occasional Customer,Send personalized emails and re-engagement campaigns.,0.09328028583025866,-0.2925059483184614
14701.0,11,9,2549.37,932,35,283.2633333333333,2,0,0,Occasional Customer,Send personalized emails and re-engagement campaigns.,0.36642185323300086,-0.9052804908672615
14702.0,1,17,3292.14,1454,35,193.65529411764703,2,0,0,Occasional Customer,Send personalized emails and re-engagement campaigns.,0.9348955748255767,-1.4138465666919153
14703.0,15,1,318.17,183,35,318.17,2,0,0,Occasional Customer,Send personalized emails and re-engagement campaigns.,-0.3245852320806197,-0.47331957391025037
14704.0,11,9,1546.91,1082,35,171.8788888888889,2,0,0,Occasional Customer,Send personalized emails and re-engagement campaigns.,0.300021666802698,-0.9476064619882228
14705.0,199,1,179.0,100,35,179.0,0,0,2,At Risk,Provide special discounts and win-back offers.,-0.6659275417260091,0.7066740190415296
14708.0,3,3,1126.37,621,35,375.45666666666665,2,0,0,Occasional Customer,Send personalized emails and re-engagement campaigns.,-0.07744452758988797,-0.6266584091491697
14709.0,15,13,4921.04,2484,35,378.5415384615384,2,0,0,Occasional Customer,Send personalized emails and re-engagement campaigns.,0.9395804936616546,-1.0109110318806585
14710.0,14,4,606.13,378,35,151.5325,2,0,0,Occasional Customer,Send personalized emails and re-engagement campaigns.,-0.13767764593247533,-0.6873418945291964
14711.0,10,11,2868.8,978,35,260.8,2,0,0,Occasional Customer,Send personalized emails and re-engagement campaigns.,0.5049590493264243,-1.0226708055306537
14712.0,29,3,917.07,315,35,305.69,2,0,0,Occasional Customer,Send personalized emails and re-engagement campaigns.,-0.18061383946940268,-0.48311263331730553
14713.0,9,11,2666.36,1615,35,242.39636363636365,2,0,0,Occasional Customer,Send personalized emails and re-engagement campaigns.,0.564386019284155,-1.0251681659693563
14714.0,24,1,160.19,229,35,160.19,2,0,0,Occasional Customer,Send personalized emails and re-engagement campaigns.,-0.3706520301837442,-0.4636135567695464
14715.0,25,4,867.38,521,35,216.845,2,0,0,Occasional Customer,Send personalized emails and re-engagement campaigns.,-0.11101168254543896,-0.5881686028216007
14716.0,43,2,329.68,604,35,164.84,2,0,0,Occasional Customer,Send personalized emails and re-engagement campaigns.,-0.2888864291035723,-0.38059867326520713
14719.0,2,5,1602.13,1032,35,320.42600000000004,2,0,0,Occasional Customer,Send personalized emails and re-engagement campaigns.,0.10821482564432322,-0.7457908687917671
14720.0,6,3,663.81,219,35,221.27,2,0,0,Occasional Customer,Send personalized emails and re-engagement campaigns.,-0.18498389097561635,-0.6673088767229225
14722.0,147,1,187.92,120,35,187.92,0,0,0,At Risk,Provide special discounts and win-back offers.,-0.5769419324563075,0.36328450795218253
14723.0,10,6,1158.3,695,35,193.05,2,0,0,Occasional Customer,Send personalized emails and re-engagement campaigns.,0.06310062722106301,-0.7971851353925503
14725.0,25,1,718.08,593,35,718.08,2,0,0,Occasional Customer,Send personalized emails and re-engagement campaigns.,-0.20010346148849306,-0.26942505135778777
14727.0,274,1,268.58,62,35,268.58,0,0,2,At Risk,Provide special discounts and win-back offers.,-0.7714892329322963,1.2349498616585697
14729.0,374,1,313.49,197,35,313.49,0,0,2,At Risk,Provide special discounts and win-back offers.,-0.9080053445102002,1.918681523108714
14730.0,1,8,2005.06,1132,35,250.6325,2,0,0,Occasional Customer,Send personalized emails and re-engagement campaigns.,0.3078007539873167,-0.9300576487339601
14731.0,47,3,380.02,256,35,126.67333333333332,2,0,0,Occasional Customer,Send personalized emails and re-engagement campaigns.,-0.28168969585595965,-0.42584932768918815
14732.0,8,8,2702.49,1405,35,337.81125000000003,2,0,0,Occasional Customer,Send personalized emails and re-engagement campaigns.,0.3880992296458164,-0.8437959599195999
14733.0,16,12,9585.91,3764,35,798.8258333333333,2,0,0,Occasional Customer,Send personalized emails and re-engagement campaigns.,1.403128083686255,-0.7468535543082438
14735.0,4,32,6065.69,2264,35,189.5528125,2,0,0,Occasional Customer,Send personalized emails and re-engagement campaigns.,2.06302996365053,-2.1601082749104332
14737.0,4,3,1164.55,345,35,388.1833333333333,2,0,0,Occasional Customer,Send personalized emails and re-engagement campaigns.,-0.1065365058340131,-0.6208126294937703
14738.0,43,7,1314.45,601,35,187.77857142857144,2,0,0,Occasional Customer,Send personalized emails and re-engagement campaigns.,0.06504574517840485,-0.6329264039300639
14739.0,4,7,3902.28,3820,35,557.4685714285714,2,0,0,Occasional Customer,Send personalized emails and re-engagement campaigns.,0.7328630473254834,-0.6899258832375758
14740.0,197,3,1448.21,735,35,482.7366666666667,0,0,2,At Risk,Provide special discounts and win-back offers.,-0.34084240527214477,0.705707514582466
14741.0,12,6,1400.34,841,35,233.39,2,0,0,Occasional Customer,Send personalized emails and re-engagement campaigns.,0.09931637794624197,-0.7659814247039836
14744.0,16,7,1099.98,627,35,157.14,2,0,0,Occasional Customer,Send personalized emails and re-engagement campaigns.,0.09290820515939244,-0.8242259466833918
14745.0,113,5,1220.26,1038,35,244.052,2,0,0,Occasional Customer,Send personalized emails and re-engagement campaigns.,-0.1092744042865068,-0.033549020743982444
14747.0,249,1,328.2,84,35,328.2,0,0,2,At Risk,Provide special discounts and win-back offers.,-0.7143881821215036,1.0880102300164245
14748.0,29,5,1415.75,1223,35,283.15,2,0,0,Occasional Customer,Send personalized emails and re-engagement campaigns.,0.06813080576213255,-0.5757884058180625
14752.0,44,1,389.64,260,35,389.64,2,0,0,Occasional Customer,Send personalized emails and re-engagement campaigns.,-0.3461703257187699,-0.2553974074386186
14753.0,87,1,563.15,211,35,563.15,2,0,0,Occasional Customer,Send personalized emails and re-engagement campaigns.,-0.3814216658630697,0.08652413799879306
14754.0,45,2,638.05,486,35,319.025,2,0,0,Occasional Customer,Send personalized emails and re-engagement campaigns.,-0.2599450875071006,-0.3179879905867362
14755.0,10,11,5010.28,2219,35,455.48,2,0,0,Occasional Customer,Send personalized emails and re-engagement campaigns.,0.8210453110909026,-0.9163953894856475
14756.0,15,1,738.96,416,35,738.96,2,0,0,Occasional Customer,Send personalized emails and re-engagement campaigns.,-0.19955113369242775,-0.33266356447876017
14757.0,75,1,420.5,160,35,420.5,2,0,0,Occasional Customer,Send personalized emails and re-engagement campaigns.,-0.401036064176645,-0.040628831726926176
14758.0,145,4,1484.06,419,35,371.015,2,0,0,Occasional Customer,Send personalized emails and re-engagement campaigns.,-0.2521185627772252,0.2645218144969584
14759.0,5,3,1625.97,569,35,541.99,2,0,0,Occasional Customer,Send personalized emails and re-engagement campaigns.,-0.026332029260431076,-0.556981728386547
14760.0,297,1,89.2,40,35,89.2,0,0,2,At Risk,Provide special discounts and win-back offers.,-0.8532144584917323,1.3297745747914236
14761.0,59,2,255.9,118,35,127.95,2,0,0,Occasional Customer,Send personalized emails and re-engagement campaigns.,-0.3823891030939106,-0.2954167708493487
14762.0,264,1,300.52,341,35,300.52,0,0,2,At Risk,Provide special discounts and win-back offers.,-0.7153573956675224,1.1838865571848836
14764.0,47,1,278.3,190,35,278.3,2,0,0,Occasional Customer,Send personalized emails and re-engagement campaigns.,-0.38510436638420387,-0.2727726533661164
14765.0,29,3,254.11,135,35,84.70333333333333,2,0,0,Occasional Customer,Send personalized emails and re-engagement campaigns.,-0.28170005267043796,-0.5625724474382962
14766.0,8,6,2473.37,1349,35,412.2283333333333,2,0,0,Occasional Customer,Send personalized emails and re-engagement campaigns.,0.2646125815997889,-0.7160453159615852
14768.0,17,2,192.6,52,35,96.3,2,0,0,Occasional Customer,Send personalized emails and re-engagement campaigns.,-0.33116690610624994,-0.5872230431732058
14769.0,3,8,10674.75,7436,35,1334.34375,2,0,0,Occasional Customer,Send personalized emails and re-engagement campaigns.,1.7825711590822222,-0.3696552902339431
14770.0,232,2,876.42,490,35,438.21,0,0,2,At Risk,Provide special discounts and win-back offers.,-0.5281698004873895,0.9685228303534091
14772.0,112,1,139.26,82,35,139.26,2,0,0,Occasional Customer,Send personalized emails and re-engagement campaigns.,-0.5357541196608105,0.11348526102200289
14775.0,58,3,1011.9,1174,35,337.3,2,0,0,Occasional Customer,Send personalized emails and re-engagement campaigns.,-0.11647005721842112,-0.2627166274236544
14776.0,51,11,2538.3,3134,35,230.75454545454548,2,0,0,Occasional Customer,Send personalized emails and re-engagement campaigns.,0.6623592599363194,-0.7215076635760371
14778.0,127,2,730.86,306,35,365.43,0,0,0,At Risk,Provide special discounts and win-back offers.,-0.40043353462686765,0.2407684677876149
14779.0,281,3,386.15,84,35,128.71666666666667,0,0,2,At Risk,Provide special discounts and win-back offers.,-0.6815716297879794,1.1315600652613447
14780.0,55,2,447.68,310,35,223.84,2,0,0,Occasional Customer,Send personalized emails and re-engagement campaigns.,-0.3250120936160051,-0.28643454459331313
14782.0,320,1,200.1,114,35,200.1,0,0,2,At Risk,Provide special discounts and win-back offers.,-0.8562101110368942,1.5204102176647565
14784.0,26,2,289.99,237,35,144.995,2,0,0,Occasional Customer,Send personalized emails and re-engagement campaigns.,-0.3098026710557539,-0.507473279777446
14785.0,10,2,77.4,84,35,38.7,2,0,0,Occasional Customer,Send personalized emails and re-engagement campaigns.,-0.33321211432759285,-0.6525248966365316
14788.0,7,2,679.4399999999999,421,35,339.72,2,0,0,Occasional Customer,Send personalized emails and re-engagement campaigns.,-0.19952667397199955,-0.5656251280857266
14789.0,29,1,197.64,116,35,197.64,2,0,0,Occasional Customer,Send personalized emails and re-engagement campaigns.,-0.38320264548398414,-0.42028342685304776
14790.0,17,4,745.06,699,35,186.265,2,0,0,Occasional Customer,Send personalized emails and re-engagement campaigns.,-0.09038837806410287,-0.6489835081385638
14792.0,64,1,6.2,2,35,6.2,2,0,0,Occasional Customer,Send personalized emails and re-engagement campaigns.,-0.4979486455971555,-0.2511006147630092
14793.0,21,1,228.99,91,35,228.99,2,0,0,Occasional Customer,Send personalized emails and re-engagement campaigns.,-0.3657980559931181,-0.4639339969752662
14794.0,3,7,1319.91,673,35,188.55857142857144,2,0,0,Occasional Customer,Send personalized emails and re-engagement campaigns.,0.1389656244389705,-0.8979269131252342
14795.0,166,1,131.45000000000002,17,35,131.45000000000002,0,0,2,At Risk,Provide special discounts and win-back offers.,-0.6329653499674501,0.4697190533849485
14796.0,1,17,8022.49,6025,35,471.9111764705882,2,0,0,Occasional Customer,Send personalized emails and re-engagement campaigns.,1.8203236862428296,-1.1922131424207338
14798.0,53,3,173.74,150,35,57.91333333333333,2,0,0,Occasional Customer,Send personalized emails and re-engagement campaigns.,-0.3287135524762653,-0.41151674714756636
14799.0,51,1,157.7,146,35,157.7,2,0,0,Occasional Customer,Send personalized emails and re-engagement campaigns.,-0.42479833560367164,-0.2859901466817603
14800.0,48,12,4339.74,3655,35,361.645,2,0,0,Occasional Customer,Send personalized emails and re-engagement campaigns.,0.9241188405199773,-0.7261741865809064
14801.0,61,1,193.14,175,35,193.14,2,0,0,Occasional Customer,Send personalized emails and re-engagement campaigns.,-0.42944401385523556,-0.20730261810505768
14803.0,162,3,845.55,370,35,281.85,0,0,0,At Risk,Provide special discounts and win-back offers.,-0.39920969190754574,0.39635454901829875
14804.0,9,1,353.27,121,35,353.27,2,0,0,Occasional Customer,Send personalized emails and re-engagement campaigns.,-0.31386181912833183,-0.5031201826627647
14805.0,15,4,554.65,115,35,138.6625,2,0,0,Occasional Customer,Send personalized emails and re-engagement campaigns.,-0.1753801215488164,-0.6901931430748636
14806.0,75,1,193.39,330,35,193.39,2,0,0,Occasional Customer,Send personalized emails and re-engagement campaigns.,-0.43414150975744786,-0.11097038603264564
14808.0,40,8,2741.17,2147,35,342.64625,2,0,0,Occasional Customer,Send personalized emails and re-engagement campaigns.,0.4256215686422395,-0.6145755854063283
14810.0,41,11,2087.88,1016,35,189.80727272727276,2,0,0,Occasional Customer,Send personalized emails and re-engagement campaigns.,0.3962892937057061,-0.845521170655901
14813.0,370,2,155.43,67,35,77.715,0,0,2,At Risk,Provide special discounts and win-back offers.,-0.9091555866191349,1.7601059281036262
14815.0,37,2,778.5,744,35,389.25,2,0,0,Occasional Customer,Send personalized emails and re-engagement campaigns.,-0.1960319280950433,-0.3430004604534379
14816.0,197,1,271.85,5,35,271.85,0,0,2,At Risk,Provide special discounts and win-back offers.,-0.6521036171868577,0.7216185280628155
14817.0,200,2,1110.34,655,35,555.17,0,0,2,At Risk,Provide special discounts and win-back offers.,-0.42211187447841714,0.7973737376339158
14818.0,74,3,657.8,324,35,219.26666666666665,2,0,0,Occasional Customer,Send personalized emails and re-engagement campaigns.,-0.28411594637951987,-0.2127015858774484
14819.0,64,2,272.07,109,35,136.035,2,0,0,Occasional Customer,Send personalized emails and re-engagement campaigns.,-0.3891609502208099,-0.2595535812976298
14820.0,21,4,507.29,253,35,126.8225,2,0,0,Occasional Customer,Send personalized emails and re-engagement campaigns.,-0.17416330206263245,-0.6517900146300041
14821.0,367,1,48.8,20,35,48.8,0,0,2,At Risk,Provide special discounts and win-back offers.,-0.9788071349507491,1.7829658387398606
14823.0,180,3,321.43,88,35,107.14333333333332,0,0,2,At Risk,Provide special discounts and win-back offers.,-0.5246433909517203,0.4508988453515425
14824.0,10,4,1127.71,525,35,281.9275,2,0,0,Occasional Customer,Send personalized emails and re-engagement campaigns.,-0.05830909494464091,-0.6650238766078763
14825.0,4,12,2226.91,991,35,185.5758333333333,2,0,0,Occasional Customer,Send personalized emails and re-engagement campaigns.,0.5191805166377154,-1.1464613783282602
14828.0,197,3,2139.76,2172,35,713.2533333333334,0,0,0,At Risk,Provide special discounts and win-back offers.,-0.09018672955913411,0.8121367588255123
14829.0,29,4,697.55,452,35,174.3875,2,0,0,Occasional Customer,Send personalized emails and re-engagement campaigns.,-0.14369936464693006,-0.5778506069938397
14830.0,53,1,197.13,169,35,197.13,2,0,0,Occasional Customer,Send personalized emails and re-engagement campaigns.,-0.416199673084137,-0.259455143890703
14834.0,18,6,1720.3,734,35,286.71666666666664,2,0,0,Occasional Customer,Send personalized emails and re-engagement campaigns.,0.10685998115907551,-0.708012526421153
14836.0,10,3,102.45,45,35,34.15,2,0,0,Occasional Customer,Send personalized emails and re-engagement campaigns.,-0.2795939907918559,-0.7083323309887539
14837.0,90,4,1649.5,1436,35,412.375,2,0,0,Occasional Customer,Send personalized emails and re-engagement campaigns.,-0.02674790588566533,-0.06830799113760803
14840.0,268,1,62.85,31,35,62.85,0,0,2,At Risk,Provide special discounts and win-back offers.,-0.813222194887864,1.1277451825301856
14841.0,53,6,3295.76,1778,35,549.2933333333334,2,0,0,Occasional Customer,Send personalized emails and re-engagement campaigns.,0.3177238310759978,-0.3565989096865607
14842.0,44,4,2824.69,1166,35,706.1725,2,0,0,Occasional Customer,Send personalized emails and re-engagement campaigns.,0.14236067554697593,-0.2759274988347711
14844.0,64,4,3189.81,1833,35,797.4525,2,0,0,Occasional Customer,Send personalized emails and re-engagement campaigns.,0.2264035572100516,-0.09767790746679397
14847.0,149,1,309.4,120,35,309.4,0,0,2,At Risk,Provide special discounts and win-back offers.,-0.5519173805570904,0.4159564162602752
14849.0,22,25,7930.54,5694,35,317.2216,2,0,0,Occasional Customer,Send personalized emails and re-engagement campaigns.,2.1740542341733518,-1.5391155229769644
14850.0,312,1,325.75,293,35,325.75,0,0,2,At Risk,Provide special discounts and win-back offers.,-0.7931418522317595,1.5111414578837317
14851.0,23,2,511.35,325,35,255.675,2,0,0,Occasional Customer,Send personalized emails and re-engagement campaigns.,-0.2617372088723962,-0.4888443385286802
14852.0,58,6,2836.69,1747,35,472.7816666666667,2,0,0,Occasional Customer,Send personalized emails and re-engagement campaigns.,0.2633158252581733,-0.35252734177386486
14853.0,24,2,475.8,82,35,237.9,2,0,0,Occasional Customer,Send personalized emails and re-engagement campaigns.,-0.2969026748993138,-0.492694686950042
14854.0,78,7,2759.83,1832,35,394.26142857142855,2,0,0,Occasional Customer,Send personalized emails and re-engagement campaigns.,0.27978078455397065,-0.29690774136465514
14855.0,119,2,645.65,267,35,322.825,2,0,0,Occasional Customer,Send personalized emails and re-engagement campaigns.,-0.4046401126804964,0.17247082753232632
14856.0,36,3,1311.38,714,35,437.1266666666666,2,0,0,Occasional Customer,Send personalized emails and re-engagement campaigns.,-0.09794202538303973,-0.38368523940824223
14857.0,60,2,1173.12,464,35,586.56,2,0,0,Occasional Customer,Send personalized emails and re-engagement campaigns.,-0.20723932680672416,-0.1290426784519028
14859.0,13,4,1353.74,671,35,338.435,2,0,0,Occasional Customer,Send personalized emails and re-engagement campaigns.,-0.022047656139765465,-0.6222461783949398
14860.0,19,1,170.32,232,35,170.32,2,0,0,Occasional Customer,Send personalized emails and re-engagement campaigns.,-0.3598121573230803,-0.4936088203775866
14861.0,52,1,125.79,117,35,125.79,2,0,0,Occasional Customer,Send personalized emails and re-engagement campaigns.,-0.4372238184429882,-0.29020368548331066
14862.0,26,2,841.1999999999999,772,35,420.6,2,0,0,Occasional Customer,Send personalized emails and re-engagement campaigns.,-0.16554945844040025,-0.4053319739491574
14863.0,29,1,266.76,132,35,266.76,2,0,0,Occasional Customer,Send personalized emails and re-engagement campaigns.,-0.36525324643340606,-0.39759867784951575
14865.0,7,2,52.2,108,35,26.1,2,0,0,Occasional Customer,Send personalized emails and re-engagement campaigns.,-0.32929433617313936,-0.6762806374855506
14866.0,11,12,14389.9,6752,35,1199.1583333333333,2,0,0,Occasional Customer,Send personalized emails and re-engagement campaigns.,2.1379518861054594,-0.5493465740022009
14867.0,186,3,710.28,328,35,236.76,0,0,2,At Risk,Provide special discounts and win-back offers.,-0.4594871635613244,0.540036855448961
14868.0,3,8,2953.59,1405,35,369.19875,2,0,0,Occasional Customer,Send personalized emails and re-engagement campaigns.,0.41781709001358697,-0.8647243076809087
14869.0,9,2,725.7,550,35,362.85,2,0,0,Occasional Customer,Send personalized emails and re-engagement campaigns.,-0.18089780013092963,-0.5421351594638201
14870.0,262,1,327.25,119,35,327.25,0,0,2,At Risk,Provide special discounts and win-back offers.,-0.7316870687115725,1.1750259394310858
14871.0,3,4,522.38,185,35,130.595,2,0,0,Occasional Customer,Send personalized emails and re-engagement campaigns.,-0.1511746786641041,-0.7717304661662412
14873.0,210,1,519.68,168,35,519.68,0,0,2,At Risk,Provide special discounts and win-back offers.,-0.5966135448964673,0.8916092312502895
14875.0,108,2,1465.3200000000002,558,35,732.6600000000001,2,0,0,Occasional Customer,Send personalized emails and re-engagement campaigns.,-0.23088744814446396,0.24151904736509122
14878.0,13,9,1485.54,802,35,165.06,2,0,0,Occasional Customer,Send personalized emails and re-engagement campaigns.,0.25908910206734925,-0.9423145994643223
14880.0,77,3,706.19,373,35,235.39666666666668,2,0,0,Occasional Customer,Send personalized emails and re-engagement campaigns.,-0.2774489292499448,-0.18622658369594627
14881.0,20,1,255.4,316,35,255.4,2,0,0,Occasional Customer,Send personalized emails and re-engagement campaigns.,-0.3318700017970546,-0.4578077749353305
14882.0,27,2,589.7,158,35,294.85,2,0,0,Occasional Customer,Send personalized emails and re-engagement campaigns.,-0.27599070327624264,-0.45224038419085166
14883.0,19,6,761.59,790,35,126.93166666666669,2,0,0,Occasional Customer,Send personalized emails and re-engagement campaigns.,0.022628727785121833,-0.7601778397221822
14885.0,132,1,765.3199999999999,724,35,765.3199999999999,0,0,2,At Risk,Provide special discounts and win-back offers.,-0.3479285266226245,0.46165085035013514
14886.0,253,1,364.8,160,35,364.8,0,0,2,At Risk,Provide special discounts and win-back offers.,-0.7035408600821514,1.1279604964790093
14887.0,79,1,1862.0,1100,35,1862.0,0,0,0,At Risk,Provide special discounts and win-back offers.,0.03727075535394552,0.4705546740113868
14888.0,207,1,369.2,184,35,369.2,0,0,2,At Risk,Provide special discounts and win-back offers.,-0.6249021933973031,0.8231813046061064
14889.0,336,1,135.9,90,35,135.9,0,0,2,At Risk,Provide special discounts and win-back offers.,-0.8999701433196438,1.6058310299205207
14890.0,254,1,125.65,51,35,125.65,0,0,2,At Risk,Provide special discounts and win-back offers.,-0.773506255294473,1.0551285083354618
14891.0,148,2,554.38,505,35,277.19,0,0,0,At Risk,Provide special discounts and win-back offers.,-0.43773580181385174,0.3550397140920586
14893.0,10,2,1237.85,799,35,618.9250000000001,2,0,0,Occasional Customer,Send personalized emails and re-engagement campaigns.,-0.07733090763385553,-0.4452407799809496
14894.0,85,1,655.75,265,35,655.75,2,0,0,Occasional Customer,Send personalized emails and re-engagement campaigns.,-0.3503363222985735,0.10419569703286281
14895.0,8,20,11138.71,4851,35,556.9355,2,0,0,Occasional Customer,Send personalized emails and re-engagement campaigns.,2.0611134347881443,-1.2709435009403036
14896.0,205,2,468.77,279,35,234.385,0,0,2,At Risk,Provide special discounts and win-back offers.,-0.5694691967510848,0.7164698747194802
14897.0,8,4,1366.38,468,35,341.595,2,0,0,Occasional Customer,Send personalized emails and re-engagement campaigns.,-0.036159403134037864,-0.6582841250921908
14898.0,23,6,1303.52,1020,35,217.25333333333333,2,0,0,Occasional Customer,Send personalized emails and re-engagement campaigns.,0.09323068357993768,-0.6953251727961149
14901.0,11,9,1421.29,661,35,157.92111111111112,2,0,0,Occasional Customer,Send personalized emails and re-engagement campaigns.,0.24057940175743742,-0.9611986762535331
14902.0,26,1,332.66,218,35,332.66,2,0,0,Occasional Customer,Send personalized emails and re-engagement campaigns.,-0.33503678716491964,-0.39463679416887576
14903.0,21,5,2810.63,1536,35,562.126,2,0,0,Occasional Customer,Send personalized emails and re-engagement campaigns.,0.2549850865046186,-0.5215052727211933
14904.0,2,2,1025.44,1985,35,512.72,2,0,0,Occasional Customer,Send personalized emails and re-engagement campaigns.,0.04191749727149091,-0.5116964170656636
14905.0,158,2,616.15,287,35,308.075,0,0,0,At Risk,Provide special discounts and win-back offers.,-0.47014569709616744,0.42791212777993987
14907.0,3,7,3501.1,1691,35,500.1571428571429,2,0,0,Occasional Customer,Send personalized emails and re-engagement campaigns.,0.45132904097978466,-0.7587792106152762
14908.0,74,1,277.8,132,35,277.8,2,0,0,Occasional Customer,Send personalized emails and re-engagement campaigns.,-0.43588146935291544,-0.09403367678061372
14910.0,3,4,434.35,238,35,108.5875,2,0,0,Occasional Customer,Send personalized emails and re-engagement campaigns.,-0.15442745867356938,-0.7785313528305723
14911.0,1,201,143825.06,80265,10,715.5475621890547,3,-1,1,Frequent Buyer,Recommend complementary products and loyalty rewards.,30.08291963107804,-7.3567982644204575
14912.0,17,2,867.85,971,18,433.925,2,0,0,Occasional Customer,Send personalized emails and re-engagement campaigns.,0.029827516670077967,0.15034855475956221
14913.0,36,4,1227.43,1743,35,306.8575,2,0,0,Occasional Customer,Send personalized emails and re-engagement campaigns.,0.05164131195465879,-0.4599068505838605
14915.0,91,2,307.48,112,35,153.74,2,0,0,Occasional Customer,Send personalized emails and re-engagement campaigns.,-0.42745916698837183,-0.07358919567820602
14916.0,71,4,1268.98,1136,35,317.245,2,0,0,Occasional Customer,Send personalized emails and re-engagement campaigns.,-0.07140448478191125,-0.23433925569226338
14918.0,116,2,1610.15,675,35,805.075,0,0,0,At Risk,Provide special discounts and win-back offers.,-0.20873787207046188,0.32124392604520596
14920.0,213,2,977.77,509,35,488.885,0,0,2,At Risk,Provide special discounts and win-back offers.,-0.4799661932471987,0.85914519341732
14921.0,30,2,1316.07,953,35,658.035,2,0,0,Occasional Customer,Send personalized emails and re-engagement campaigns.,-0.08031701857197493,-0.2959459938157719
14923.0,51,1,749.1,418,35,749.1,2,0,0,Occasional Customer,Send personalized emails and re-engagement campaigns.,-0.2555167611397408,-0.08935030093122674
14924.0,246,1,310.05,64,35,310.05,0,0,2,At Risk,Provide special discounts and win-back offers.,-0.7160580001182958,1.06175645159391
14929.0,32,1,223.88,136,35,223.88,2,0,0,Occasional Customer,Send personalized emails and re-engagement campaigns.,-0.379649658215016,-0.39140985338849693
14930.0,109,3,2372.86,1166,6,790.9533333333334,0,0,2,At Risk,Provide special discounts and win-back offers.,0.2262940120200847,1.2695616827502807
14931.0,5,5,1257.68,417,6,251.536,2,0,0,Occasional Customer,Send personalized emails and re-engagement campaigns.,0.259992623119306,0.27378561049511135
14932.0,366,1,363.53,80,6,363.53,0,0,2,At Risk,Provide special discounts and win-back offers.,-0.6348556382639847,2.915634428085381
14934.0,82,2,1890.94,1042,6,945.47,0,0,2,At Risk,Provide special discounts and win-back offers.,0.19312018693359417,1.1846815176217351
14935.0,297,1,1784.71,935,6,1784.71,0,0,2,At Risk,Provide special discounts and win-back offers.,-0.0924156111048072,2.931985510269646
14936.0,34,8,8137.02,4085,6,1017.1275,2,0,0,Occasional Customer,Send personalized emails and re-engagement campaigns.,1.3865722372693632,0.6847783365736109
14937.0,57,3,1621.88,484,6,540.6266666666667,0,0,0,At Risk,Provide special discounts and win-back offers.,0.14079714545449076,0.8238869759636526
14944.0,30,12,5900.25,2815,35,491.6875,2,0,0,Occasional Customer,Send personalized emails and re-engagement campaigns.,0.9789899352936788,-0.8053074226829562
14946.0,14,1,100.9,22,35,100.9,2,0,0,Occasional Customer,Send personalized emails and re-engagement campaigns.,-0.39224863807677607,-0.5533789941821733
14947.0,72,2,290.82,179,35,145.41,2,0,0,Occasional Customer,Send personalized emails and re-engagement campaigns.,-0.391245671467316,-0.2017713635181689
14948.0,23,6,1101.97,673,35,183.66166666666663,2,0,0,Occasional Customer,Send personalized emails and re-engagement campaigns.,0.03416126897282292,-0.7144547200884833
14950.0,19,1,371.2,136,35,371.2,2,0,0,Occasional Customer,Send personalized emails and re-engagement campaigns.,-0.32421077610719823,-0.43036677943247265
14951.0,79,1,311.69,311,35,311.69,2,0,0,Occasional Customer,Send personalized emails and re-engagement campaigns.,-0.4153189795824098,-0.04635344469126897
14952.0,60,11,8099.49,3355,35,736.3172727272727,2,0,0,Occasional Customer,Send personalized emails and re-engagement campaigns.,1.1196416951069785,-0.44209391131740416
14953.0,25,1,289.82,225,35,289.82,2,0,0,Occasional Customer,Send personalized emails and re-engagement campaigns.,-0.34256867430785487,-0.4150442486089974
14954.0,12,1,336.17,127,35,336.17,2,0,0,Occasional Customer,Send personalized emails and re-engagement campaigns.,-0.3220247511676681,-0.48854529646499434
14957.0,253,1,58.49,34,35,58.49,0,0,2,At Risk,Provide special discounts and win-back offers.,-0.7894890255077268,1.026393180641709
14958.0,147,3,499.68,129,35,166.56,0,0,0,At Risk,Provide special discounts and win-back offers.,-0.4446455249108315,0.25213120912138876
14959.0,64,4,695.42,494,35,173.855,2,0,0,Occasional Customer,Send personalized emails and re-engagement campaigns.,-0.19597694087864545,-0.3439223313636173
14960.0,8,2,221.27,221,35,110.635,2,0,0,Occasional Customer,Send personalized emails and re-engagement campaigns.,-0.29261444357864325,-0.6392478590386309
14961.0,11,9,7044.68,3708,35,782.7422222222223,2,0,0,Occasional Customer,Send personalized emails and re-engagement campaigns.,1.065045522602615,-0.650487006369889
14962.0,271,1,126.7,44,35,126.7,0,0,2,At Risk,Provide special discounts and win-back offers.,-0.8017281222230365,1.1686661305432868
14963.0,10,5,1487.8,1176,35,297.56,2,0,0,Occasional Customer,Send personalized emails and re-engagement campaigns.,0.10067359896065893,-0.6980826028330642
14964.0,247,1,206.21,143,35,206.21,0,0,2,At Risk,Provide special discounts and win-back offers.,-0.7326733485595421,1.0362850634752225
14965.0,96,2,599.0,365,35,299.5,2,0,0,Occasional Customer,Send personalized emails and re-engagement campaigns.,-0.36278168734788957,0.013198407349911675
14966.0,15,1,191.32,187,35,191.32,2,0,0,Occasional Customer,Send personalized emails and re-engagement campaigns.,-0.3536480908715879,-0.5143221888112415
14967.0,50,1,463.8,140,35,463.8,2,0,0,Occasional Customer,Send personalized emails and re-engagement campaigns.,-0.3526159794185269,-0.19364490881842358
14968.0,30,1,147.59,127,35,147.59,2,0,0,Occasional Customer,Send personalized emails and re-engagement campaigns.,-0.3952011499588191,-0.42961743743827374
14970.0,68,4,1592.06,250,35,398.015,2,0,0,Occasional Customer,Send personalized emails and re-engagement campaigns.,-0.13496396827340035,-0.24241005766501955
14971.0,35,3,1116.57,644,35,372.19,2,0,0,Occasional Customer,Send personalized emails and re-engagement campaigns.,-0.12800798960469523,-0.4140232499822648
14972.0,128,1,114.77,28,35,114.77,0,0,0,At Risk,Provide special discounts and win-back offers.,-0.5737577313473102,0.2112000426374463
14973.0,107,3,1314.45,369,35,438.15,2,0,0,Occasional Customer,Send personalized emails and re-engagement campaigns.,-0.2531635832143189,0.08348265095345704
14974.0,37,1,114.39,44,35,114.39,2,0,0,Occasional Customer,Send personalized emails and re-engagement campaigns.,-0.42396356726450546,-0.39526773202294607
14975.0,57,1,279.94,380,35,279.94,2,0,0,Occasional Customer,Send personalized emails and re-engagement campaigns.,-0.37890343962917766,-0.20199646588423562
14976.0,57,7,790.86,234,35,112.98,2,0,0,Occasional Customer,Send personalized emails and re-engagement campaigns.,-0.04696370210956558,-0.5753093913932171
14978.0,72,5,1931.42,525,35,386.284,2,0,0,Occasional Customer,Send personalized emails and re-engagement campaigns.,-0.032132154873948354,-0.2646825336687255
14981.0,246,1,102.12,97,35,102.12,0,0,2,At Risk,Provide special discounts and win-back offers.,-0.7606235201024323,0.9950441216568057
14984.0,19,2,213.27,60,35,106.635,2,0,0,Occasional Customer,Send personalized emails and re-engagement campaigns.,-0.33041284784118063,-0.5702872483603392
14985.0,198,2,296.75,260,35,148.375,0,0,2,At Risk,Provide special discounts and win-back offers.,-0.5859020794951777,0.6407172509648921
14987.0,16,2,326.4,128,35,163.2,2,0,0,Occasional Customer,Send personalized emails and re-engagement campaigns.,-0.30078568287274815,-0.5701109644438039
14988.0,212,1,334.54,141,35,334.54,0,0,2,At Risk,Provide special discounts and win-back offers.,-0.6461016568404647,0.844479159349654
14995.0,39,2,233.23,103,35,116.615,2,0,0,Occasional Customer,Send personalized emails and re-engagement campaigns.,-0.35497536457985024,-0.4328144716380394
14997.0,46,3,546.1999999999999,1120,35,182.06666666666663,2,0,0,Occasional Customer,Send personalized emails and re-engagement campaigns.,-0.15953856084050386,-0.3971657109239821
14998.0,170,2,429.87,270,35,214.935,0,0,2,At Risk,Provide special discounts and win-back offers.,-0.5193750198523706,0.47647800351253017
15000.0,48,1,490.52,218,35,490.52,2,0,0,Occasional Customer,Send personalized emails and re-engagement campaigns.,-0.3340762754475285,-0.1968550578399506
15002.0,116,4,1641.76,862,35,410.44,2,0,0,Occasional Customer,Send personalized emails and re-engagement campaigns.,-0.13658900162756007,0.09351629666145932
15004.0,147,1,1246.32,630,35,1246.32,0,0,2,At Risk,Provide special discounts and win-back offers.,-0.27128842026388883,0.7156388349585651
15005.0,16,28,6316.57,4247,35,225.5917857142857,2,0,0,Occasional Customer,Send personalized emails and re-engagement campaigns.,2.0672154802300664,-1.813276489297909
15006.0,51,1,502.09,302,35,502.09,2,0,0,Occasional Customer,Send personalized emails and re-engagement campaigns.,-0.3264988358074029,-0.17152596505951742
15007.0,159,1,156.91,69,35,156.91,0,0,2,At Risk,Provide special discounts and win-back offers.,-0.6096080393342281,0.4322786774803598
15009.0,12,3,1261.78,642,35,420.5933333333333,2,0,0,Occasional Customer,Send personalized emails and re-engagement campaigns.,-0.07326974295715287,-0.5507278154785208
15010.0,36,1,308.94,184,35,308.94,2,0,0,Occasional Customer,Send personalized emails and re-engagement campaigns.,-0.3607766351826479,-0.3362944025001705
15012.0,54,2,423.04,231,35,211.52,2,0,0,Occasional Customer,Send personalized emails and re-engagement campaigns.,-0.33623680833964625,-0.2987049800165363
15014.0,43,2,260.17,151,35,130.085,2,0,0,Occasional Customer,Send personalized emails and re-engagement campaigns.,-0.3518915027385082,-0.40074479735354523
15016.0,173,1,170.04,76,35,170.04,0,0,2,At Risk,Provide special discounts and win-back offers.,-0.6285107365180609,0.5299926942759866
15017.0,34,1,125.58,63,35,125.58,2,0,0,Occasional Customer,Send personalized emails and re-engagement campaigns.,-0.4142703743376358,-0.41128531882214525
15018.0,39,3,496.21,189,35,165.40333333333334,2,0,0,Occasional Customer,Send personalized emails and re-engagement campaigns.,-0.2624153608911792,-0.46711196397754556
15019.0,267,1,266.0,159,35,266.0,0,0,2,At Risk,Provide special discounts and win-back offers.,-0.7494282452447042,1.1892773127651655
15021.0,9,9,1914.82,847,35,212.75777777777776,2,0,0,Occasional Customer,Send personalized emails and re-engagement campaigns.,0.3067271730126518,-0.9487966737390057
15022.0,12,4,905.04,543,35,226.26,2,0,0,Occasional Customer,Send personalized emails and re-engagement campaigns.,-0.0832811556834279,-0.6710809645563263
15023.0,3,11,6802.76,2871,35,618.4327272727273,2,0,0,Occasional Customer,Send personalized emails and re-engagement campaigns.,1.0520491914506245,-0.8813935408041298
15024.0,10,10,1661.33,920,35,166.13299999999998,2,0,0,Occasional Customer,Send personalized emails and re-engagement campaigns.,0.34657623776687724,-1.0118624536787655
15025.0,33,1,377.01,189,35,377.01,2,0,0,Occasional Customer,Send personalized emails and re-engagement campaigns.,-0.3394704092207602,-0.33415630584762634
15026.0,80,3,469.0,285,35,156.33333333333334,2,0,0,Occasional Customer,Send personalized emails and re-engagement campaigns.,-0.3212381582935141,-0.1951007005104102
15027.0,31,4,1066.15,565,35,266.5375,2,0,0,Occasional Customer,Send personalized emails and re-engagement campaigns.,-0.09440153139267812,-0.5297291515787574
15028.0,8,4,627.13,459,35,156.7825,2,0,0,Occasional Customer,Send personalized emails and re-engagement campaigns.,-0.11625691548659749,-0.7239533877645611
15030.0,72,2,518.28,372,35,259.14,2,0,0,Occasional Customer,Send personalized emails and re-engagement campaigns.,-0.33494680376192365,-0.16014552272694543
15031.0,4,4,668.14,401,35,167.035,2,0,0,Occasional Customer,Send personalized emails and re-engagement campaigns.,-0.11210689629338955,-0.7480786044371455
15032.0,256,3,4959.1,2968,35,1653.0333333333335,0,0,2,At Risk,Provide special discounts and win-back offers.,0.24727507681852945,1.5439472225001465
15033.0,5,10,2586.67,1695,35,258.66700000000003,2,0,0,Occasional Customer,Send personalized emails and re-engagement campaigns.,0.5204559179330096,-0.9921347570173051
15034.0,16,8,4308.61,2422,35,538.57625,2,0,0,Occasional Customer,Send personalized emails and re-engagement campaigns.,0.6313645664190496,-0.6919590727371226
15035.0,90,1,252.73,245,35,252.73,2,0,0,Occasional Customer,Send personalized emails and re-engagement campaigns.,-0.45460817627305045,0.00664051294845387
15036.0,72,3,465.55,327,35,155.18333333333334,2,0,0,Occasional Customer,Send personalized emails and re-engagement campaigns.,-0.3037602905759724,-0.24803657067718995
15038.0,59,6,705.49,217,35,117.58166666666666,2,0,0,Occasional Customer,Send personalized emails and re-engagement campaigns.,-0.11425580063495286,-0.5078230901770029
15039.0,10,47,19914.44,9209,35,423.7114893617021,2,-1,0,Occasional Customer,Send personalized emails and re-engagement campaigns.,4.659131938427826,-2.58313106789998
15041.0,170,1,180.35,104,35,180.35,0,0,2,At Risk,Provide special discounts and win-back offers.,-0.6179762365710652,0.5138597471631711
15042.0,199,1,135.93,30,35,135.93,0,0,2,At Risk,Provide special discounts and win-back offers.,-0.6840899960267502,0.6914074075714995
15043.0,31,1,537.0,300,35,537.0,2,0,0,Occasional Customer,Send personalized emails and re-engagement campaigns.,-0.28607257187586976,-0.29358755262545205
15044.0,19,17,7700.23,2795,35,452.954705882353,2,0,0,Occasional Customer,Send personalized emails and re-engagement campaigns.,1.3914690300197425,-1.142319141525838
15045.0,152,2,735.66,114,35,367.83,0,0,0,At Risk,Provide special discounts and win-back offers.,-0.4627023943811742,0.4046128120628317
15046.0,9,15,5213.77,3451,35,347.58466666666664,2,0,0,Occasional Customer,Send personalized emails and re-engagement campaigns.,1.1901466583019495,-1.1472127359540918
15047.0,270,1,343.62,222,35,343.62,0,0,2,At Risk,Provide special discounts and win-back offers.,-0.7289168768029579,1.2355997019889693
15048.0,65,4,384.05,195,35,96.0125,2,0,0,Occasional Customer,Send personalized emails and re-engagement campaigns.,-0.2656552395540668,-0.3704790175422517
15049.0,274,1,121.17000000000002,63,35,121.17000000000002,0,0,2,At Risk,Provide special discounts and win-back offers.,-0.8056867123849928,1.1872327386037829
15050.0,25,3,1782.09,1224,35,594.03,2,0,0,Occasional Customer,Send personalized emails and re-engagement campaigns.,0.03614961895382949,-0.39339585015901674
15051.0,23,3,1391.61,1011,35,463.87,2,0,0,Occasional Customer,Send personalized emails and re-engagement campaigns.,-0.032571746347502234,-0.45554628251659535
15052.0,319,1,215.78,82,35,215.78,0,0,2,At Risk,Provide special discounts and win-back offers.,-0.8546531855863856,1.5182183877191548
15053.0,5,3,697.79,986,35,232.59666666666664,2,0,0,Occasional Customer,Send personalized emails and re-engagement campaigns.,-0.0900931790770509,-0.6556218320615416
15054.0,12,2,302.1,198,35,151.05,2,0,0,Occasional Customer,Send personalized emails and re-engagement campaigns.,-0.2897602919104116,-0.5995159347624683
15057.0,275,2,1489.5,668,35,744.75,0,0,2,At Risk,Provide special discounts and win-back offers.,-0.48614741423430224,1.3609262962583173
15058.0,25,11,2124.99,1069,35,193.18090909090915,2,0,0,Occasional Customer,Send personalized emails and re-engagement campaigns.,0.43145367624447856,-0.9497490499533594
15059.0,41,9,1337.72,604,35,148.63555555555556,2,0,0,Occasional Customer,Send personalized emails and re-engagement campaigns.,0.17816606927872225,-0.7660437731392804
15060.0,8,4,303.09,263,35,75.7725,2,0,0,Occasional Customer,Send personalized emails and re-engagement campaigns.,-0.17369083205905467,-0.7563580081803323
15061.0,4,48,54534.14,28920,35,1136.1279166666666,3,-1,0,Frequent Buyer,Recommend complementary products and loyalty rewards.,9.386730279759554,-1.7292310562611886
15062.0,71,4,987.86,763,35,246.965,2,0,0,Occasional Customer,Send personalized emails and re-engagement campaigns.,-0.14482307657723123,-0.26627672925622065
15063.0,213,1,370.8,56,35,370.8,0,0,2,At Risk,Provide special discounts and win-back offers.,-0.6491680883210745,0.8612858401463686
15065.0,38,4,3158.13,1383,35,789.5325,2,0,0,Occasional Customer,Send personalized emails and re-engagement campaigns.,0.21300054090402817,-0.2822929060386179
15066.0,53,1,893.59,317,35,893.59,2,0,0,Occasional Customer,Send personalized emails and re-engagement campaigns.,-0.2368761415768895,-0.03113044961294389
15067.0,78,3,1744.76,954,35,581.5866666666667,2,0,0,Occasional Customer,Send personalized emails and re-engagement campaigns.,-0.08595982866902646,-0.049445963694401844
15068.0,46,2,553.36,364,35,276.68,2,0,0,Occasional Customer,Send personalized emails and re-engagement campaigns.,-0.2883617022711624,-0.3277649959663051
15069.0,179,1,1109.53,520,35,1109.53,0,0,2,At Risk,Provide special discounts and win-back offers.,-0.3679683063152652,0.882595082255234
15070.0,373,1,106.2,36,35,106.2,0,0,2,At Risk,Provide special discounts and win-back offers.,-0.9733456319233756,1.8418539389949524
15071.0,94,2,982.07,269,35,491.035,2,0,0,Occasional Customer,Send personalized emails and re-engagement campaigns.,-0.3136550930578077,0.06203374638656997
15073.0,10,3,1043.41,491,35,347.80333333333334,2,0,0,Occasional Customer,Send personalized emails and re-engagement campaigns.,-0.11397324985869489,-0.591962028005867
15074.0,105,1,748.87,455,35,748.87,0,0,0,At Risk,Provide special discounts and win-back offers.,-0.3391071590265766,0.2712603929171036
15075.0,78,1,773.03,447,35,773.03,2,0,0,Occasional Customer,Send personalized emails and re-engagement campaigns.,-0.2904943175169624,0.09893944882798973
15076.0,173,1,880.85,571,35,880.85,0,0,2,At Risk,Provide special discounts and win-back offers.,-0.40551191059299424,0.7695038218805089
15078.0,7,32,9743.11,5105,35,304.4721875,2,0,0,Occasional Customer,Send personalized emails and re-engagement campaigns.,2.6466517141481845,-2.01303998806438
15079.0,213,4,895.61,389,35,223.9025,0,0,2,At Risk,Provide special discounts and win-back offers.,-0.4291418057226045,0.6651361777959232
15081.0,22,5,504.8,190,35,100.96,2,0,0,Occasional Customer,Send personalized emails and re-engagement campaigns.,-0.13032731369609937,-0.7083484365356112
15083.0,257,1,88.2,38,35,88.2,0,0,2,At Risk,Provide special discounts and win-back offers.,-0.7886147489942046,1.0627553599054917
15087.0,282,1,306.94,470,35,306.94,0,0,2,At Risk,Provide special discounts and win-back offers.,-0.7281473658400777,1.3083926095236773
15088.0,21,2,1160.07,460,35,580.035,2,0,0,Occasional Customer,Send personalized emails and re-engagement campaigns.,-0.14620885432624062,-0.3912888219264342
15089.0,10,6,2420.84,1359,35,403.47333333333336,2,0,0,Occasional Customer,Send personalized emails and re-engagement campaigns.,0.2576389548304208,-0.7058053318058164
15090.0,308,1,381.32,208,35,381.32,0,0,2,At Risk,Provide special discounts and win-back offers.,-0.7835802312471156,1.5008691091374176
15091.0,68,1,480.71,346,35,480.71,2,0,0,Occasional Customer,Send personalized emails and re-engagement campaigns.,-0.3540137102981849,-0.06429074822793522
15092.0,215,2,457.81,135,35,228.905,0,0,2,At Risk,Provide special discounts and win-back offers.,-0.6041056048319307,0.7785900633537343
15093.0,18,6,4597.02,3760,35,766.1700000000001,2,0,0,Occasional Customer,Send personalized emails and re-engagement campaigns.,0.725996127580413,-0.4712872701149323
15095.0,104,4,1370.6,1079,35,342.65,2,0,0,Occasional Customer,Send personalized emails and re-engagement campaigns.,-0.12084201646911603,-0.0064170430688426814
15096.0,43,1,219.39,120,35,219.39,2,0,0,Occasional Customer,Send personalized emails and re-engagement campaigns.,-0.40044751841457665,-0.31983452150829766
15097.0,4,1,248.08,170,35,248.08,2,0,0,Occasional Customer,Send personalized emails and re-engagement campaigns.,-0.3245188428148271,-0.5695927675458498
15098.0,182,3,39916.5,121,35,13305.5,0,-1,0,At Risk,Provide special discounts and win-back offers.,4.26365967254929,5.007965660458008
15099.0,84,1,410.48,343,35,410.48,2,0,0,Occasional Customer,Send personalized emails and re-engagement campaigns.,-0.3967363710468318,0.019573120912394795
15100.0,334,3,876.0,80,35,292.0,0,0,2,At Risk,Provide special discounts and win-back offers.,-0.7090164305677327,1.5410111882193516
15101.0,9,2,317.53,241,35,158.765,2,0,0,Occasional Customer,Send personalized emails and re-engagement campaigns.,-0.27758489002198544,-0.6161278968861189
15103.0,31,2,703.36,329,35,351.68,2,0,0,Occasional Customer,Send personalized emails and re-engagement campaigns.,-0.24569838098015637,-0.4033693815188131
15104.0,197,2,1027.44,637,35,513.72,0,0,2,At Risk,Provide special discounts and win-back offers.,-0.4316666360096831,0.7631898668622831
15105.0,18,7,2298.93,1211,35,328.4185714285714,2,0,0,Occasional Customer,Send personalized emails and re-engagement campaigns.,0.2641935260945763,-0.7339463911997619
15106.0,18,5,1422.52,1181,35,284.504,2,0,0,Occasional Customer,Send personalized emails and re-engagement campaigns.,0.08180878222781013,-0.6494171153558026
15107.0,311,6,319.5,169,35,53.25,0,0,2,At Risk,Provide special discounts and win-back offers.,-0.5656230959150365,1.1471043913527708
15108.0,142,4,1300.25,499,11,325.0625,0,0,2,At Risk,Provide special discounts and win-back offers.,-0.04069438296754489,1.0873591207591617
15109.0,246,1,484.95,131,35,484.95,0,0,2,At Risk,Provide special discounts and win-back offers.,-0.6675572164932633,1.1196572034213776
15110.0,24,4,996.1,246,35,249.025,2,0,0,Occasional Customer,Send personalized emails and re-engagement campaigns.,-0.12758617338543238,-0.5886126520071012
15111.0,29,3,1567.48,710,35,522.4933333333333,2,0,0,Occasional Customer,Send personalized emails and re-engagement campaigns.,-0.05605374724635846,-0.40104097447513526
15113.0,10,3,3609.33,2386,35,1203.11,2,0,0,Occasional Customer,Send personalized emails and re-engagement campaigns.,0.4165632508044592,-0.2618374893056021
15114.0,30,10,2760.56,3096,35,276.056,2,0,0,Occasional Customer,Send personalized emails and re-engagement campaigns.,0.6568594606380419,-0.7918445136949883
15115.0,18,1,340.11,157,35,340.11,2,0,0,Occasional Customer,Send personalized emails and re-engagement campaigns.,-0.32738018242242717,-0.44670537668961113
15116.0,18,4,1352.75,648,35,338.1875,2,0,0,Occasional Customer,Send personalized emails and re-engagement campaigns.,-0.03296013932272498,-0.589435134554253
15117.0,15,5,1551.78,1948,35,310.356,2,0,0,Occasional Customer,Send personalized emails and re-engagement campaigns.,0.188581908966767,-0.6455360363208507
15118.0,134,1,244.8,1440,35,244.8,0,0,0,At Risk,Provide special discounts and win-back offers.,-0.3891199385190648,0.3199165920904101
15119.0,246,1,266.4,88,35,266.4,0,0,2,At Risk,Provide special discounts and win-back offers.,-0.7234289978180393,1.0480735128565406
15120.0,134,1,358.82,296,35,358.82,0,0,0,At Risk,Provide special discounts and win-back offers.,-0.4955560921373653,0.33528036491866997
15121.0,50,2,457.72,199,35,228.86,2,0,0,Occasional Customer,Send personalized emails and re-engagement campaigns.,-0.32828672681709503,-0.32018182402300926
15122.0,114,3,1633.78,800,35,544.5933333333334,2,0,0,Occasional Customer,Send personalized emails and re-engagement campaigns.,-0.1758384836114959,0.17490995156804395
15123.0,7,2,2199.31,1195,35,1099.655,2,0,0,Occasional Customer,Send personalized emails and re-engagement campaigns.,0.11672386299802057,-0.29720154720648173
15124.0,23,2,184.19,233,35,92.095,2,0,0,Occasional Customer,Send personalized emails and re-engagement campaigns.,-0.321139487979623,-0.5452178930436729
15125.0,25,15,11528.48,6193,35,768.5653333333333,2,0,0,Occasional Customer,Send personalized emails and re-engagement campaigns.,1.963858162286104,-0.7924711400157902
15127.0,66,1,406.53,251,35,406.53,2,0,0,Occasional Customer,Send personalized emails and re-engagement campaigns.,-0.37907059707319385,-0.10343577763326108
15128.0,60,4,1471.0,1343,35,367.75,2,0,0,Occasional Customer,Send personalized emails and re-engagement campaigns.,-0.007847226660381082,-0.28586951691277224
15129.0,50,11,3447.4,1794,35,313.40000000000003,2,0,0,Occasional Customer,Send personalized emails and re-engagement campaigns.,0.5811723333445635,-0.7182397953642388
15130.0,170,1,330.11,197,35,330.11,0,0,2,At Risk,Provide special discounts and win-back offers.,-0.5723052626969165,0.564109368596251
15132.0,18,5,977.93,679,35,195.586,2,0,0,Occasional Customer,Send personalized emails and re-engagement campaigns.,-0.020355333673185382,-0.6912975756296225
15133.0,128,3,982.42,680,35,327.4733333333333,2,0,0,Occasional Customer,Send personalized emails and re-engagement campaigns.,-0.29132045540461854,0.19124204742794515
15134.0,15,8,1387.99,887,35,173.49875,2,0,0,Occasional Customer,Send personalized emails and re-engagement campaigns.,0.2035056685867902,-0.8718267382145056
15135.0,239,1,139.05,43,35,139.05,0,0,2,At Risk,Provide special discounts and win-back offers.,-0.7469175882328508,0.9593204473592337
15136.0,3,4,1286.7,776,35,321.675,2,0,0,Occasional Customer,Send personalized emails and re-engagement campaigns.,-0.0007452100174829444,-0.6928717385601437
15139.0,240,2,178.96,208,35,89.48,0,0,2,At Risk,Provide special discounts and win-back offers.,-0.6778015519237535,0.9000554705952972
15140.0,52,7,2354.25,1572,35,336.32142857142856,2,0,0,Occasional Customer,Send personalized emails and re-engagement campaigns.,0.2557716913754096,-0.497441526127696
15142.0,46,1,498.74,365,35,498.74,2,0,0,Occasional Customer,Send personalized emails and re-engagement campaigns.,-0.3118224615178192,-0.20475573289101218
15143.0,226,1,259.45,150,35,259.45,0,0,2,At Risk,Provide special discounts and win-back offers.,-0.6853074993781998,0.9136624721475315
15144.0,8,17,6580.44,3050,35,387.0847058823529,2,0,0,Occasional Customer,Send personalized emails and re-engagement campaigns.,1.3551787813529297,-1.2429181125339854
15145.0,4,4,1194.73,756,35,298.6825,2,0,0,Occasional Customer,Send personalized emails and re-engagement campaigns.,-0.014531384416878125,-0.6947310134999684
15146.0,165,2,1327.16,1473,35,663.58,0,0,0,At Risk,Provide special discounts and win-back offers.,-0.23781588372387868,0.6156756429720185
15147.0,240,1,623.5,366,35,623.5,0,0,2,At Risk,Provide special discounts and win-back offers.,-0.5982299924119733,1.1289541103911354
15148.0,11,1,301.29,187,35,301.29,2,0,0,Occasional Customer,Send personalized emails and re-engagement campaigns.,-0.32154306225604506,-0.5053762323513087
15149.0,134,1,520.8000000000001,128,35,520.8000000000001,0,0,0,At Risk,Provide special discounts and win-back offers.,-0.4773789614414236,0.3845684794442682
15150.0,17,10,5314.47,3658,35,531.447,2,0,0,Occasional Customer,Send personalized emails and re-engagement campaigns.,0.9521548282690613,-0.7617837506548683
15152.0,10,13,4745.69,2704,35,365.0530769230769,2,0,0,Occasional Customer,Send personalized emails and re-engagement campaigns.,0.9596275057307252,-1.0461150909200478
15153.0,31,1,329.25,198,35,329.25,2,0,0,Occasional Customer,Send personalized emails and re-engagement campaigns.,-0.3462884590807748,-0.36278576110272337
15154.0,75,1,296.42,104,35,296.42,2,0,0,Occasional Customer,Send personalized emails and re-engagement campaigns.,-0.43642847049109473,-0.08186517539583552
15156.0,1,3,961.49,597,35,320.49666666666667,2,0,0,Occasional Customer,Send personalized emails and re-engagement campaigns.,-0.09691782461512156,-0.6593618119690564
15157.0,4,3,1936.07,2392,35,645.3566666666667,2,0,0,Occasional Customer,Send personalized emails and re-engagement campaigns.,0.2246947088629425,-0.49371180959545286
15158.0,45,1,401.4,198,35,401.4,2,0,0,Occasional Customer,Send personalized emails and re-engagement campaigns.,-0.35226630645375584,-0.24609114208858412
15159.0,2,30,18641.01,11441,35,621.3670000000001,2,1,0,Occasional Customer,Send personalized emails and re-engagement campaigns.,3.9081203545039847,-1.6290746566561511
15160.0,357,1,158.16,84,35,158.16,0,0,2,At Risk,Provide special discounts and win-back offers.,-0.9296450587941335,1.7529217284555092
15163.0,18,2,304.47,186,35,152.235,2,0,0,Occasional Customer,Send personalized emails and re-engagement campaigns.,-0.3005620541084246,-0.5593476100088117
15164.0,69,3,843.05,360,35,281.01666666666665,2,0,0,Occasional Customer,Send personalized emails and re-engagement campaigns.,-0.24939833128688954,-0.22409989065044605
15165.0,373,1,487.75,160,35,487.75,0,0,2,At Risk,Provide special discounts and win-back offers.,-0.8701157719662519,1.9677486288367234
15167.0,321,1,163.0,67,35,163.0,0,0,2,At Risk,Provide special discounts and win-back offers.,-0.8719360109376768,1.5141767721057475
15168.0,26,1,106.56,52,35,106.56,2,0,0,Occasional Customer,Send personalized emails and re-engagement campaigns.,-0.4069634369223482,-0.4709834307739
15171.0,331,1,1289.5,290,35,1289.5,0,0,2,At Risk,Provide special discounts and win-back offers.,-0.6000571957287835,1.9498397191530312
15172.0,9,5,1624.05,1611,35,324.81,2,0,0,Occasional Customer,Send personalized emails and re-engagement campaigns.,0.16629095383354,-0.6866156908972105
15174.0,323,1,135.75,145,35,135.75,0,0,2,At Risk,Provide special discounts and win-back offers.,-0.8724658004472576,1.5201552182131657
15175.0,72,1,224.14,454,35,224.14,2,0,0,Occasional Customer,Send personalized emails and re-engagement campaigns.,-0.4076900939536529,-0.11867503556110329
15178.0,260,1,40.5,30,35,40.5,0,0,2,At Risk,Provide special discounts and win-back offers.,-0.8055280160986412,1.0671571693229513
15179.0,18,5,2206.95,1938,35,441.39,2,0,0,Occasional Customer,Send personalized emails and re-engagement campaigns.,0.24710338637240242,-0.577949549471552
15180.0,367,1,87.5,36,35,87.5,0,0,2,At Risk,Provide special discounts and win-back offers.,-0.9679388248074139,1.7957996402552914
15181.0,66,3,689.4799999999999,544,35,229.82666666666665,2,0,0,Occasional Customer,Send personalized emails and re-engagement campaigns.,-0.24169971664258047,-0.25825213033974453
15182.0,154,2,622.85,253,35,311.425,0,0,0,At Risk,Provide special discounts and win-back offers.,-0.46659381662818283,0.40172458764450375
15184.0,29,2,406.76,223,35,203.38,2,0,0,Occasional Customer,Send personalized emails and re-engagement campaigns.,-0.2989249190511745,-0.4682357637697755
15185.0,70,1,310.62,666,35,310.62,2,0,0,Occasional Customer,Send personalized emails and re-engagement campaigns.,-0.3596635836351763,-0.10000770490694633
15186.0,14,2,411.41,215,35,205.705,2,0,0,Occasional Customer,Send personalized emails and re-engagement campaigns.,-0.274763167250534,-0.567606556582372
15187.0,2,16,4777.18,1887,35,298.57375,2,0,0,Occasional Customer,Send personalized emails and re-engagement campaigns.,1.0404259704101095,-1.2970752377121844
15189.0,1,41,16225.39,6149,35,395.74121951219513,2,1,0,Occasional Customer,Send personalized emails and re-engagement campaigns.,3.729925206202093,-2.4237687653747892
15192.0,120,3,1044.32,918,35,348.1066666666666,2,0,0,Occasional Customer,Send personalized emails and re-engagement campaigns.,-0.24315780908731235,0.14949814810856984
15193.0,61,1,499.32,144,35,499.32,2,0,0,Occasional Customer,Send personalized emails and re-engagement campaigns.,-0.36177563499970367,-0.10873617368752424
15194.0,3,15,7616.53,5703,35,507.76866666666666,2,0,0,Occasional Customer,Send personalized emails and re-engagement campaigns.,1.64470199160126,-1.070038912310152
15195.0,3,1,3861.0,1404,35,3861.0,2,0,0,Occasional Customer,Send personalized emails and re-engagement campaigns.,0.6615528984334601,0.6169728740525116
15197.0,11,3,1079.61,469,35,359.87000000000006,2,0,0,Occasional Customer,Send personalized emails and re-engagement campaigns.,-0.11377993387525354,-0.5815566269367034
15198.0,92,2,193.64,120,35,96.82,2,0,0,Occasional Customer,Send personalized emails and re-engagement campaigns.,-0.4451046248347321,-0.08578467050278009
15199.0,59,4,1268.7,396,35,317.175,2,0,0,Occasional Customer,Send personalized emails and re-engagement campaigns.,-0.13793180878459965,-0.32830718286753013
15201.0,87,5,1236.54,1210,35,247.308,2,0,0,Occasional Customer,Send personalized emails and re-engagement campaigns.,-0.0453847534227455,-0.20244790896901324
15203.0,26,6,1827.8,1753,35,304.6333333333333,2,0,0,Occasional Customer,Send personalized emails and re-engagement campaigns.,0.22228688568722516,-0.6287620971048637
15204.0,357,1,316.58,258,35,316.58,0,0,2,At Risk,Provide special discounts and win-back offers.,-0.8725428722292496,1.8075022296614622
15205.0,85,2,653.24,378,35,326.62,2,0,0,Occasional Customer,Send personalized emails and re-engagement campaigns.,-0.3353023460624955,-0.050828715735862035
15206.0,10,4,420.3,162,35,105.075,2,0,0,Occasional Customer,Send personalized emails and re-engagement campaigns.,-0.176150423086558,-0.7345433990820567
15208.0,1,5,870.12,316,35,174.024,2,0,0,Occasional Customer,Send personalized emails and re-engagement campaigns.,-0.04552162483918593,-0.8193296876447805
15210.0,225,1,331.18,228,35,331.18,0,0,2,At Risk,Provide special discounts and win-back offers.,-0.6579171081660389,0.9316944112712462
15211.0,60,2,894.4100000000001,240,35,447.205,2,0,0,Occasional Customer,Send personalized emails and re-engagement campaigns.,-0.2747718150473928,-0.17981211710200515
15212.0,241,1,101.8,36,35,101.8,0,0,2,At Risk,Provide special discounts and win-back offers.,-0.7596554682306095,0.9604586970201582
15213.0,319,2,328.35,272,35,164.175,0,0,2,At Risk,Provide special discounts and win-back offers.,-0.7766240537890322,1.452860507585751
15214.0,2,8,1661.44,1254,35,207.68,2,0,0,Occasional Customer,Send personalized emails and re-engagement campaigns.,0.2908174631571221,-0.9380662085248606
15215.0,47,3,734.94,225,35,244.98,2,0,0,Occasional Customer,Send personalized emails and re-engagement campaigns.,-0.2423772137268431,-0.38571025911165324
15216.0,88,1,96.6,28,35,96.6,2,0,0,Occasional Customer,Send personalized emails and re-engagement campaigns.,-0.5129223320011999,-0.0613416639178466
15218.0,11,11,5756.89,3329,35,523.3536363636364,2,0,0,Occasional Customer,Send personalized emails and re-engagement campaigns.,1.008352430052246,-0.8599120177766529
15219.0,176,1,305.75,45,35,305.75,0,0,2,At Risk,Provide special discounts and win-back offers.,-0.6054037956485306,0.5933549475863503
15220.0,52,6,1778.96,1393,35,296.49333333333334,2,0,0,Occasional Customer,Send personalized emails and re-engagement campaigns.,0.1336088369342155,-0.46526990213739744
15221.0,366,1,403.25,43,35,403.25,0,0,2,At Risk,Provide special discounts and win-back offers.,-0.8919990593780881,1.8915148439268787
15222.0,319,1,585.0,440,35,585.0,0,0,2,At Risk,Provide special discounts and win-back offers.,-0.7270935413975249,1.6445301293937318
15223.0,226,2,755.75,213,35,377.875,0,0,2,At Risk,Provide special discounts and win-back offers.,-0.5685738742166829,0.9031505435421038
15224.0,358,2,322.08,152,35,161.04,0,0,2,At Risk,Provide special discounts and win-back offers.,-0.8549445677085635,1.709543107435049
15225.0,234,1,409.4,226,35,409.4,0,0,2,At Risk,Provide special discounts and win-back offers.,-0.6545813540554605,1.0169847832364012
15226.0,311,1,154.41,71,35,154.41,0,0,2,At Risk,Provide special discounts and win-back offers.,-0.8572043716169143,1.4448060211283111
15227.0,37,5,1219.4,750,35,243.88,2,0,0,Occasional Customer,Send personalized emails and re-engagement campaigns.,-0.019212556209344842,-0.5456889067534305
15228.0,66,4,3386.71,2255,35,846.6775,2,0,0,Occasional Customer,Send personalized emails and re-engagement campaigns.,0.2932585852952779,-0.05894624188574419
15230.0,239,2,429.6,351,35,214.8,0,0,2,At Risk,Provide special discounts and win-back offers.,-0.6222369222702354,0.9379439301799776
15232.0,113,2,612.06,686,35,306.03,2,0,0,Occasional Customer,Send personalized emails and re-engagement campaigns.,-0.35117717222772116,0.13475857400027108
15234.0,277,1,197.0,196,35,197.0,0,0,2,At Risk,Provide special discounts and win-back offers.,-0.7774552843952639,1.2342946681498124
15235.0,218,12,2247.51,1324,35,187.2925,2,0,0,Occasional Customer,Send personalized emails and re-engagement campaigns.,0.21141731741244196,0.2871812849615114
15236.0,299,1,321.05,269,35,321.05,0,0,2,At Risk,Provide special discounts and win-back offers.,-0.7758795288502398,1.4225034043379159
15237.0,2,4,1412.32,1071,35,353.08,2,0,0,Occasional Customer,Send personalized emails and re-engagement campaigns.,0.04860504115742342,-0.6828484131723896
15238.0,29,3,1071.99,692,35,357.33,2,0,0,Occasional Customer,Send personalized emails and re-engagement campaigns.,-0.1180592557232027,-0.45823239026781126
15239.0,10,2,780.59,594,35,390.295,2,0,0,Occasional Customer,Send personalized emails and re-engagement campaigns.,-0.16923776542511035,-0.5254722004779458
15240.0,45,5,1706.57,1369,35,341.314,2,0,0,Occasional Customer,Send personalized emails and re-engagement campaigns.,0.0877345784693893,-0.4451669883641226
15241.0,67,8,1756.44,1818,35,219.555,2,0,0,Occasional Customer,Send personalized emails and re-engagement campaigns.,0.25881196964818415,-0.48942566958659134
15243.0,74,1,316.68,185,35,316.68,2,0,0,Occasional Customer,Send personalized emails and re-engagement campaigns.,-0.4206704156845523,-0.08044429509951893
15244.0,65,2,631.57,405,35,315.785,2,0,0,Occasional Customer,Send personalized emails and re-engagement campaigns.,-0.30285768671130814,-0.18726788521699192
15245.0,134,3,2515.84,1784,35,838.6133333333333,0,0,0,At Risk,Provide special discounts and win-back offers.,0.012664349163039714,0.4279899351016653
15246.0,238,2,514.15,247,35,257.075,0,0,2,At Risk,Provide special discounts and win-back offers.,-0.6201111686173522,0.9434384278606301
15247.0,122,1,356.0,160,35,356.0,0,0,0,At Risk,Provide special discounts and win-back offers.,-0.49250154113069694,0.2518068391850562
15249.0,32,13,6688.46,3577,35,514.496923076923,2,0,0,Occasional Customer,Send personalized emails and re-engagement campaigns.,1.1766483314435088,-0.8163264544527937
15251.0,9,11,10484.99,6171,35,953.180909090909,2,0,0,Occasional Customer,Send personalized emails and re-engagement campaigns.,1.7213425488549317,-0.6366800767204343
15252.0,36,2,740.78,522,35,370.39,2,0,0,Occasional Customer,Send personalized emails and re-engagement campaigns.,-0.22582620084120214,-0.36015035073012824
15253.0,16,5,918.2,866,35,183.64,2,0,0,Occasional Customer,Send personalized emails and re-engagement campaigns.,-0.0012514834108780246,-0.705461884346096
15254.0,127,1,300.36,275,35,300.36,0,0,0,At Risk,Provide special discounts and win-back offers.,-0.500218910178906,0.2692883327520709
15255.0,67,1,890.85,489,35,890.85,2,0,0,Occasional Customer,Send personalized emails and re-engagement campaigns.,-0.24029357867295675,0.06455390366968657
15256.0,149,1,98.45,55,35,98.45,0,0,0,At Risk,Provide special discounts and win-back offers.,-0.6085773118933278,0.34641923822776766
15257.0,283,1,317.15,46,35,317.15,0,0,2,At Risk,Provide special discounts and win-back offers.,-0.77668267534435,1.3103747965578678
15258.0,169,2,623.16,142,35,311.58,0,0,2,At Risk,Provide special discounts and win-back offers.,-0.5038495557819878,0.49968112444264406
15260.0,100,7,1810.77,885,35,258.68142857142857,2,0,0,Occasional Customer,Send personalized emails and re-engagement campaigns.,0.04949118423509388,-0.22029002178895496
15261.0,135,1,254.82,270,35,254.82,0,0,0,At Risk,Provide special discounts and win-back offers.,-0.5244137816409246,0.30777836632967376
15262.0,324,1,178.95000000000002,73,35,178.95000000000002,0,0,2,At Risk,Provide special discounts and win-back offers.,-0.8724056494732534,1.5394542820537396
15263.0,107,1,156.51,89,35,156.51,2,0,0,Occasional Customer,Send personalized emails and re-engagement campaigns.,-0.5227919155548455,0.08587105887657785
15264.0,64,1,393.74,265,35,393.74,2,0,0,Occasional Customer,Send personalized emails and re-engagement campaigns.,-0.3771672257164303,-0.12064662463290976
15265.0,151,2,1506.12,612,35,753.0600000000001,0,0,2,At Risk,Provide special discounts and win-back offers.,-0.28848098619669776,0.5360078364846321
15266.0,338,1,119.3,18,35,119.3,0,0,2,At Risk,Provide special discounts and win-back offers.,-0.91545670577404,1.6124314256200816
15267.0,22,5,1717.36,944,35,343.472,2,0,0,Occasional Customer,Send personalized emails and re-engagement campaigns.,0.076808652279039,-0.6057177626906954
15269.0,24,1,408.8,26,35,408.8,2,0,0,Occasional Customer,Send personalized emails and re-engagement campaigns.,-0.33637775774757767,-0.38693153775376743
15270.0,16,7,2379.49,1521,35,339.9271428571428,2,0,0,Occasional Customer,Send personalized emails and re-engagement campaigns.,0.3106472444518834,-0.7370064101112453
15271.0,7,15,2507.07,1262,35,167.138,2,0,0,Occasional Customer,Send personalized emails and re-engagement campaigns.,0.7327753686548691,-1.2859841311690052
15272.0,57,2,721.94,310,35,360.97,2,0,0,Occasional Customer,Send personalized emails and re-engagement campaigns.,-0.2874329188399425,-0.22729686075506514
15274.0,4,2,716.57,619,35,358.285,2,0,0,Occasional Customer,Send personalized emails and re-engagement campaigns.,-0.16610348159303578,-0.5756918408649059
15275.0,38,1,615.14,498,35,615.14,2,0,0,Occasional Customer,Send personalized emails and re-engagement campaigns.,-0.25625438851842586,-0.2178868337438938
15276.0,66,1,135.31,64,35,135.31,2,0,0,Occasional Customer,Send personalized emails and re-engagement campaigns.,-0.4639411830460357,-0.19478944101162057
15277.0,47,1,255.9,205,35,255.9,2,0,0,Occasional Customer,Send personalized emails and re-engagement campaigns.,-0.3885749951987303,-0.27974378864941474
15279.0,355,1,290.51,189,35,290.51,0,0,2,At Risk,Provide special discounts and win-back offers.,-0.8833786232437838,1.7844267110025576
15280.0,172,1,113.12,154,35,113.12,0,0,2,At Risk,Provide special discounts and win-back offers.,-0.6310671595043477,0.5063637394370386
15281.0,59,9,2332.15,1211,35,259.1277777777778,2,0,0,Occasional Customer,Send personalized emails and re-engagement campaigns.,0.30260840519418086,-0.5898173405031718
15286.0,50,1,240.55,55,35,240.55,2,0,0,Occasional Customer,Send personalized emails and re-engagement campaigns.,-0.41446385325547247,-0.2675421253779205
15287.0,22,2,486.69,433,35,243.345,2,0,0,Occasional Customer,Send personalized emails and re-engagement campaigns.,-0.2512282052541148,-0.4975939701402443
15288.0,43,5,2306.52,775,35,461.304,2,0,0,Occasional Customer,Send personalized emails and re-engagement campaigns.,0.08106393523440655,-0.4259452907832466
15289.0,29,3,939.78,1008,35,313.26,2,0,0,Occasional Customer,Send personalized emails and re-engagement campaigns.,-0.09731417441783372,-0.4674468397329664
15290.0,5,18,7943.22,4501,35,441.29,2,0,0,Occasional Customer,Send personalized emails and re-engagement campaigns.,1.6836664435146689,-1.2585809385796551
15291.0,26,15,4668.3,2103,35,311.22,2,0,0,Occasional Customer,Send personalized emails and re-engagement campaigns.,0.9642537939961519,-1.0762527196191716
15292.0,201,1,180.94,56,35,180.94,0,0,2,At Risk,Provide special discounts and win-back offers.,-0.6738437184940899,0.7198059259663278
15296.0,51,6,3672.86,1766,35,612.1433333333333,2,0,0,Occasional Customer,Send personalized emails and re-engagement campaigns.,0.35463441120649536,-0.3466018820550561
15297.0,10,3,641.94,292,35,213.98,2,0,0,Occasional Customer,Send personalized emails and re-engagement campaigns.,-0.18564939594210683,-0.641776721387637
15298.0,2,12,4799.9,3116,35,399.9916666666666,2,0,0,Occasional Customer,Send personalized emails and re-engagement campaigns.,0.9726293078834682,-1.0262708126421862
15299.0,67,7,4507.01,2948,35,643.8585714285715,2,0,0,Occasional Customer,Send personalized emails and re-engagement campaigns.,0.5828202665355722,-0.2531140472870397
15300.0,64,1,496.44,292,35,496.44,2,0,0,Occasional Customer,Send personalized emails and re-engagement campaigns.,-0.35012253195753323,-0.08688031870996653
15301.0,51,12,5070.35,2775,35,422.5291666666667,2,0,0,Occasional Customer,Send personalized emails and re-engagement campaigns.,0.8746445121773977,-0.6962161101829442
15303.0,290,1,574.02,248,35,574.02,0,0,2,At Risk,Provide special discounts and win-back offers.,-0.7047952288753351,1.4440292625836002
15304.0,61,8,694.4000000000001,104,35,86.80000000000001,2,0,0,Occasional Customer,Send personalized emails and re-engagement campaigns.,-0.021955694552198323,-0.6141885980872338
15306.0,64,3,1174.35,810,35,391.45,2,0,0,Occasional Customer,Send personalized emails and re-engagement campaigns.,-0.14889782339674024,-0.21093839974469084
15307.0,96,1,205.3,37,35,205.3,2,0,0,Occasional Customer,Send personalized emails and re-engagement campaigns.,-0.49958626903942344,0.02735994569808203
15308.0,274,1,310.47,175,35,310.47,0,0,2,At Risk,Provide special discounts and win-back offers.,-0.7486031782925927,1.2506447168965777
15311.0,1,91,60767.9,38194,35,667.7791208791209,3,-1,1,Frequent Buyer,Recommend complementary products and loyalty rewards.,13.259478864974625,-3.975536385591328
15312.0,75,4,924.85,516,35,231.2125,2,0,0,Occasional Customer,Send personalized emails and re-engagement campaigns.,-0.18677855559425163,-0.24984871061869435
15313.0,110,1,52.0,25,35,52.0,2,0,0,Occasional Customer,Send personalized emails and re-engagement campaigns.,-0.5594386523928565,0.07082065472126754
15314.0,199,1,327.97,313,35,327.97,0,0,2,At Risk,Provide special discounts and win-back offers.,-0.6064917800925569,0.7589292965827169
15315.0,64,2,570.5,862,35,285.25,2,0,0,Occasional Customer,Send personalized emails and re-engagement campaigns.,-0.2572020662090437,-0.19552128958296902
15316.0,327,1,165.0,100,35,165.0,0,0,2,At Risk,Provide special discounts and win-back offers.,-0.8773943133260051,1.555444996271538
15318.0,4,1,312.62,642,35,312.62,2,0,0,Occasional Customer,Send personalized emails and re-engagement campaigns.,-0.2546305730368053,-0.539797531088782
15319.0,284,1,204.5,175,35,204.5,0,0,2,At Risk,Provide special discounts and win-back offers.,-0.7895368419970252,1.282992739384225
15320.0,44,1,267.13,326,35,267.13,2,0,0,Occasional Customer,Send personalized emails and re-engagement campaigns.,-0.3670161115470145,-0.29382616180216037
15321.0,71,3,2748.31,1181,35,916.1033333333334,2,0,0,Occasional Customer,Send personalized emails and re-engagement campaigns.,0.07315913695065085,0.023313572017685188
15322.0,86,1,679.68,416,35,679.68,2,0,0,Occasional Customer,Send personalized emails and re-engagement campaigns.,-0.3288404915155184,0.12145712104268334
15325.0,104,1,162.29,232,35,162.29,2,0,0,Occasional Customer,Send personalized emails and re-engagement campaigns.,-0.4999444104534508,0.07043841044000447
15326.0,334,1,311.71,386,35,311.71,0,0,2,At Risk,Provide special discounts and win-back offers.,-0.8213855493457984,1.6550092466443365
15327.0,53,1,208.75,116,35,208.75,2,0,0,Occasional Customer,Send personalized emails and re-engagement campaigns.,-0.4196554673897205,-0.2566910460139705
15329.0,39,3,1049.7,486,35,349.90000000000003,2,0,0,Occasional Customer,Send personalized emails and re-engagement campaigns.,-0.1609659760604994,-0.39800771917126726
15330.0,32,2,714.96,1312,35,357.48,2,0,0,Occasional Customer,Send personalized emails and re-engagement campaigns.,-0.13133501927812968,-0.3762402828689659
15332.0,366,4,1661.06,652,21,415.265,0,0,2,At Risk,Provide special discounts and win-back offers.,-0.4390659081759499,2.258154768462503
15333.0,208,1,1028.56,344,35,1028.56,0,0,2,At Risk,Provide special discounts and win-back offers.,-0.45444645984896637,1.0463844490437177
15334.0,157,3,351.67,274,35,117.22333333333334,0,0,0,At Risk,Provide special discounts and win-back offers.,-0.4619540465057398,0.30454568819573125
15335.0,54,1,173.97,80,35,173.97,2,0,0,Occasional Customer,Send personalized emails and re-engagement campaigns.,-0.43356269451645146,-0.26196590041550216
15339.0,66,2,574.07,416,35,287.035,2,0,0,Occasional Customer,Send personalized emails and re-engagement campaigns.,-0.31176640624117524,-0.18999734879171376
15341.0,81,1,2020.52,812,35,2020.52,0,0,0,At Risk,Provide special discounts and win-back offers.,0.03744054603767601,0.529793734107156
15342.0,130,1,406.09,283,35,406.09,0,0,0,At Risk,Provide special discounts and win-back offers.,-0.47955731453225037,0.32367710625267476
15343.0,87,1,364.5,84,35,364.5,2,0,0,Occasional Customer,Send personalized emails and re-engagement campaigns.,-0.4424252540076415,0.019801651900959807
15344.0,1,3,563.94,116,35,187.98,2,0,0,Occasional Customer,Send personalized emails and re-engagement campaigns.,-0.20089937822919693,-0.7140412117778352
15345.0,46,1,393.54,81,35,393.54,2,0,0,Occasional Customer,Send personalized emails and re-engagement campaigns.,-0.36932252591225784,-0.24417495937848432
15346.0,333,1,252.42,144,35,252.42,0,0,2,At Risk,Provide special discounts and win-back offers.,-0.8616901399096485,1.6245821908275868
15347.0,366,1,201.6,130,35,201.6,0,0,2,At Risk,Provide special discounts and win-back offers.,-0.9288258303457514,1.8278538416860657
15348.0,72,1,158.04,84,35,158.04,2,0,0,Occasional Customer,Send personalized emails and re-engagement campaigns.,-0.46608511686782755,-0.14705318841711398
15349.0,158,2,473.81,327,35,236.905,0,0,0,At Risk,Provide special discounts and win-back offers.,-0.48668802405740985,0.4048934215787757
15350.0,373,1,115.65,51,35,115.65,0,0,2,At Risk,Provide special discounts and win-back offers.,-0.9694023001298914,1.8451968299278285
15351.0,12,7,1960.11,753,35,280.0157142857143,2,0,0,Occasional Customer,Send personalized emails and re-engagement campaigns.,0.19057539397518164,-0.801211057915843
15353.0,255,2,777.02,343,35,388.51,0,0,2,At Risk,Provide special discounts and win-back offers.,-0.5974681780402701,1.1024796621994444
15355.0,29,2,277.05,45,35,138.525,2,0,0,Occasional Customer,Send personalized emails and re-engagement campaigns.,-0.33892696972786784,-0.4932534648062522
15356.0,31,10,2766.5,1673,35,276.65,2,0,0,Occasional Customer,Send personalized emails and re-engagement campaigns.,0.490310406656369,-0.8117486389690054
15358.0,5,22,8347.2,7050,35,379.4181818181818,2,0,0,Occasional Customer,Send personalized emails and re-engagement campaigns.,2.2249794865446506,-1.4414336819414264
15360.0,40,1,427.93,223,35,427.93,2,0,0,Occasional Customer,Send personalized emails and re-engagement campaigns.,-0.335051625666646,-0.27036096754800604
15361.0,362,1,418.92,336,35,418.92,0,0,2,At Risk,Provide special discounts and win-back offers.,-0.8477869091427391,1.8754452980502583
15363.0,373,1,326.0,144,35,326.0,0,0,2,At Risk,Provide special discounts and win-back offers.,-0.9096273427945385,1.9150673885175176
15364.0,96,2,913.19,493,35,456.595,2,0,0,Occasional Customer,Send personalized emails and re-engagement campaigns.,-0.3011258053673058,0.06808425690365776
15365.0,26,7,2314.32,1084,35,330.6171428571429,2,0,0,Occasional Customer,Send personalized emails and re-engagement campaigns.,0.23778722616371184,-0.682161824172206
15366.0,75,2,602.51,621,35,301.255,2,0,0,Occasional Customer,Send personalized emails and re-engagement campaigns.,-0.29834281626135556,-0.121386171143354
15367.0,57,4,1877.59,1057,35,469.3975,2,0,0,Occasional Customer,Send personalized emails and re-engagement campaigns.,0.00726680314587248,-0.2752336814021019
15368.0,21,1,446.94000000000005,230,35,446.94000000000005,2,0,0,Occasional Customer,Send personalized emails and re-engagement campaigns.,-0.29890699558367917,-0.39073541892303537
15370.0,41,7,2386.05,830,35,340.86428571428576,2,0,0,Occasional Customer,Send personalized emails and re-engagement campaigns.,0.19024403918991747,-0.5830069323632106
15372.0,137,1,2007.4,2924,35,2007.4,0,0,0,At Risk,Provide special discounts and win-back offers.,0.18879235717369872,0.9386679344502523
15373.0,8,12,2415.91,500,35,201.3258333333333,2,0,0,Occasional Customer,Send personalized emails and re-engagement campaigns.,0.4705258914794794,-1.1221824999987808
15374.0,129,1,168.0,126,35,168.0,0,0,0,At Risk,Provide special discounts and win-back offers.,-0.5516021902058,0.23695090152563064
15376.0,40,3,1233.36,619,35,411.12000000000006,2,0,0,Occasional Customer,Send personalized emails and re-engagement campaigns.,-0.12492517932507936,-0.3677617737091275
15379.0,169,7,3703.29,2305,35,529.0414285714286,2,0,0,Occasional Customer,Send personalized emails and re-engagement campaigns.,0.2706664061958911,0.3705416692999253
15380.0,9,5,1690.2600000000002,376,35,338.052,2,0,0,Occasional Customer,Send personalized emails and re-engagement campaigns.,0.02926043480967536,-0.705062022333052
15381.0,214,2,596.85,171,35,298.425,0,0,2,At Risk,Provide special discounts and win-back offers.,-0.5775937996837829,0.7958234590404952
15382.0,15,6,5955.71,4012,35,992.6183333333332,2,0,0,Occasional Customer,Send personalized emails and re-engagement campaigns.,0.8864611880064082,-0.40166507825000053
15384.0,170,2,642.41,596,35,321.205,0,0,2,At Risk,Provide special discounts and win-back offers.,-0.4498376849500713,0.518118497260631
15385.0,40,1,316.88,161,35,316.88,2,0,0,Occasional Customer,Send personalized emails and re-engagement campaigns.,-0.368108376383869,-0.3074908638006187
15386.0,186,1,394.14,446,35,394.14,0,0,2,At Risk,Provide special discounts and win-back offers.,-0.5544829959365771,0.6961999390887614
15388.0,270,1,140.54,88,5,140.54,0,0,2,At Risk,Provide special discounts and win-back offers.,-0.5206393112690001,2.2393295566002527
15389.0,172,1,500.0,400,35,500.0,0,0,2,At Risk,Provide special discounts and win-back offers.,-0.5124154359876713,0.6362836241908589
15392.0,5,4,1535.53,1277,35,383.8825,2,0,0,Occasional Customer,Send personalized emails and re-engagement campaigns.,0.0808458111676865,-0.6480501178361667
15393.0,16,2,231.86,150,35,115.93,2,0,0,Occasional Customer,Send personalized emails and re-engagement campaigns.,-0.31230374455586135,-0.5854857041117715
15394.0,10,4,2183.54,910,35,545.885,2,0,0,Occasional Customer,Send personalized emails and re-engagement campaigns.,0.09934762516011536,-0.5642187464991939
15395.0,326,1,107.45,17,35,107.45,0,0,2,At Risk,Provide special discounts and win-back offers.,-0.8988118676527537,1.528577871613036
15396.0,113,1,288.18,122,35,288.18,0,0,0,At Risk,Provide special discounts and win-back offers.,-0.49806597078333936,0.16913048490897156
15397.0,290,1,94.0,20,35,94.0,0,0,2,At Risk,Provide special discounts and win-back offers.,-0.8430355383630626,1.2842869549848392
15398.0,16,2,1345.53,769,35,672.765,2,0,0,Occasional Customer,Send personalized emails and re-engagement campaigns.,-0.07454619115016696,-0.3878236100988286
15399.0,1,3,815.77,611,35,271.92333333333335,2,0,0,Occasional Customer,Send personalized emails and re-engagement campaigns.,-0.11291051594219863,-0.6758177882828008
15400.0,92,5,716.2,390,35,143.24,2,0,0,Occasional Customer,Send personalized emails and re-engagement campaigns.,-0.2001107821885835,-0.22251284891601927
15402.0,149,2,626.77,694,35,313.385,0,0,0,At Risk,Provide special discounts and win-back offers.,-0.40661567187702996,0.3773580137716391
15405.0,189,1,349.1,193,35,349.1,0,0,2,At Risk,Provide special discounts and win-back offers.,-0.5992556340332663,0.6968459456198981
15406.0,31,2,510.71,254,35,255.355,2,0,0,Occasional Customer,Send personalized emails and re-engagement campaigns.,-0.28309845658100213,-0.43695773196949345
15407.0,34,4,1056.44,558,35,264.11,2,0,0,Occasional Customer,Send personalized emails and re-engagement campaigns.,-0.10113341129153884,-0.5107220780953162
15408.0,264,1,267.18,106,35,267.18,0,0,2,At Risk,Provide special discounts and win-back offers.,-0.7504343633726124,1.1686612851786409
15410.0,84,8,3450.84,1200,35,431.355,2,0,0,Occasional Customer,Send personalized emails and re-engagement campaigns.,0.3049755116098418,-0.3040426404791964
15411.0,26,4,1358.88,530,35,339.72,2,0,0,Occasional Customer,Send personalized emails and re-engagement campaigns.,-0.05903382744393937,-0.5377842521208128
15412.0,171,1,190.53,108,35,190.53,0,0,2,At Risk,Provide special discounts and win-back offers.,-0.616768230565168,0.5238981746432886
15414.0,10,3,774.9000000000001,443,35,258.3,2,0,0,Occasional Customer,Send personalized emails and re-engagement campaigns.,-0.15202016897895848,-0.6236752801206867
15415.0,313,1,572.8100000000001,575,35,572.8100000000001,0,0,2,At Risk,Provide special discounts and win-back offers.,-0.7044790861669928,1.6031281404465525
15416.0,65,4,3984.32,2090,35,996.08,2,0,0,Occasional Customer,Send personalized emails and re-engagement campaigns.,0.3396109242664185,-0.015772278244265487
15417.0,85,1,508.8,284,35,508.8,2,0,0,Occasional Customer,Send personalized emails and re-engagement campaigns.,-0.38233442185388217,0.05696675878883088
15419.0,25,1,135.86,230,35,135.86,2,0,0,Occasional Customer,Send personalized emails and re-engagement campaigns.,-0.37782588975266024,-0.4648070837765254
15421.0,59,4,950.36,500,35,237.59,2,0,0,Occasional Customer,Send personalized emails and re-engagement campaigns.,-0.15988449367049365,-0.3545530600348948
15422.0,323,2,97.7,38,35,48.85,0,0,2,At Risk,Provide special discounts and win-back offers.,-0.8446701517547912,1.4365949934162983
15423.0,38,1,43.5,101,35,43.5,2,0,0,Occasional Customer,Send personalized emails and re-engagement campaigns.,-0.43546615829451096,-0.4104834847025533
15424.0,254,2,383.34,554,35,191.67,0,0,2,At Risk,Provide special discounts and win-back offers.,-0.6299270529118761,1.034040249884517
15426.0,19,5,1447.39,674,35,289.478,2,0,0,Occasional Customer,Send personalized emails and re-engagement campaigns.,0.023699791626902385,-0.6504918940048381
15427.0,33,3,1483.14,1013,35,494.38000000000005,2,0,0,Occasional Customer,Send personalized emails and re-engagement campaigns.,-0.037537968808672856,-0.3783420766969022
15428.0,15,1,93.78,102,35,93.78,2,0,0,Occasional Customer,Send personalized emails and re-engagement campaigns.,-0.3862335161046713,-0.5475105753664915
15429.0,27,2,397.35,380,35,198.675,2,0,0,Occasional Customer,Send personalized emails and re-engagement campaigns.,-0.27882312648580787,-0.4801814609705518
15432.0,23,1,171.19,65,35,171.19,2,0,0,Occasional Customer,Send personalized emails and re-engagement campaigns.,-0.38552805313389676,-0.46980854819775675
15433.0,214,2,533.3,534,35,266.65,0,0,2,At Risk,Provide special discounts and win-back offers.,-0.5448604985789643,0.7920508115493746
15434.0,8,5,1041.48,647,35,208.296,2,0,0,Occasional Customer,Send personalized emails and re-engagement campaigns.,-0.0015462050066752655,-0.7539309345905797
15435.0,22,1,149.29,54,35,149.29,2,0,0,Occasional Customer,Send personalized emails and re-engagement campaigns.,-0.39027788353335885,-0.483774198091455
15436.0,12,3,1122.53,613,35,374.1766666666667,2,0,0,Occasional Customer,Send personalized emails and re-engagement campaigns.,-0.09347837843408693,-0.5672517929677368
15437.0,262,1,200.16,79,35,200.16,0,0,2,At Risk,Provide special discounts and win-back offers.,-0.7659203107841037,1.1331163946566774
15438.0,131,1,156.57999999999998,59,35,156.57999999999998,0,0,0,At Risk,Provide special discounts and win-back offers.,-0.5653017705803925,0.24532297169791378
15440.0,55,3,383.68,197,35,127.89333333333332,2,0,0,Occasional Customer,Send personalized emails and re-engagement campaigns.,-0.3011182342571472,-0.3732097389944968
15442.0,249,1,594.0,120,35,594.0,0,0,2,At Risk,Provide special discounts and win-back offers.,-0.6483313411383496,1.174763028653326
15443.0,2,7,3236.91,1663,35,462.4157142857143,2,0,0,Occasional Customer,Send personalized emails and re-engagement campaigns.,0.42619942531426075,-0.7805034600531368
15444.0,9,2,1418.26,764,35,709.13,2,0,0,Occasional Customer,Send personalized emails and re-engagement campaigns.,-0.05291281738517402,-0.42243612856460916
15445.0,264,1,113.5,58,35,113.5,0,0,2,At Risk,Provide special discounts and win-back offers.,-0.7917870689878315,1.1179903011910977
15447.0,331,1,155.17,85,35,155.17,0,0,2,At Risk,Provide special discounts and win-back offers.,-0.8879325970307347,1.5786448186756066
15448.0,313,1,494.64,232,35,494.64,0,0,2,At Risk,Provide special discounts and win-back offers.,-0.7625452790265523,1.571350177694637
15449.0,26,3,974.52,812,35,324.84,2,0,0,Occasional Customer,Send personalized emails and re-engagement campaigns.,-0.11101648966120092,-0.4871538774025585
15450.0,30,1,429.84,376,35,429.84,2,0,0,Occasional Customer,Send personalized emails and re-engagement campaigns.,-0.3005562101294519,-0.3335234822701507
15452.0,30,3,538.73,283,35,179.57666666666668,2,0,0,Occasional Customer,Send personalized emails and re-engagement campaigns.,-0.23170788184635668,-0.5204597333071213
15453.0,2,7,1388.37,845,35,198.3385714285714,2,0,0,Occasional Customer,Send personalized emails and re-engagement campaigns.,0.16667535488363713,-0.8975866802152471
15454.0,362,1,179.1,86,35,179.1,0,0,2,At Risk,Provide special discounts and win-back offers.,-0.9326713423492043,1.7930726583333434
15456.0,283,3,447.22,660,35,149.07333333333335,0,0,2,At Risk,Provide special discounts and win-back offers.,-0.610486798490628,1.162755198621042
15457.0,262,1,237.07,132,35,237.07,0,0,2,At Risk,Provide special discounts and win-back offers.,-0.7511678286195954,1.1460678287193775
15458.0,25,1,161.64,156,35,161.64,2,0,0,Occasional Customer,Send personalized emails and re-engagement campaigns.,-0.3804265752236455,-0.4578532944911877
15460.0,354,1,216.76,109,35,216.76,0,0,2,At Risk,Provide special discounts and win-back offers.,-0.9082184546152547,1.7523700567048661
15462.0,94,3,234.6,172,35,78.2,2,0,0,Occasional Customer,Send personalized emails and re-engagement campaigns.,-0.38548886942968913,-0.13079497146995755
15463.0,29,1,126.14,106,35,126.14,2,0,0,Occasional Customer,Send personalized emails and re-engagement campaigns.,-0.40100862068201454,-0.443625820158206
15464.0,338,1,1048.85,350,35,1048.85,0,0,2,At Risk,Provide special discounts and win-back offers.,-0.6604871081042739,1.919705559561394
15465.0,20,18,7354.62,1257,35,408.59,2,0,0,Occasional Customer,Send personalized emails and re-engagement campaigns.,1.2384496635484645,-1.2359754967662033
15466.0,85,1,334.53,246,35,334.53,2,0,0,Occasional Customer,Send personalized emails and re-engagement campaigns.,-0.4273176242456922,-0.00018345431890688977
15467.0,9,3,524.88,310,35,174.96,2,0,0,Occasional Customer,Send personalized emails and re-engagement campaigns.,-0.19608502344053805,-0.6615353278896972
15468.0,51,2,467.51,155,35,233.755,2,0,0,Occasional Customer,Send personalized emails and re-engagement campaigns.,-0.33357031123164893,-0.3127095414588676
15469.0,50,2,538.55,153,35,269.275,2,0,0,Occasional Customer,Send personalized emails and re-engagement campaigns.,-0.32159957602177586,-0.3075491198430267
15471.0,2,1,469.48,266,35,469.48,2,0,0,Occasional Customer,Send personalized emails and re-engagement campaigns.,-0.2585697297694294,-0.5094202208710534
15472.0,113,1,371.56,251,35,371.56,0,0,0,At Risk,Provide special discounts and win-back offers.,-0.4636621570176836,0.19856263092907062
15473.0,14,7,1771.2,672,35,253.02857142857144,2,0,0,Occasional Customer,Send personalized emails and re-engagement campaigns.,0.16110192034395715,-0.7997944938220898
15475.0,77,1,454.11,319,35,454.11,2,0,0,Occasional Customer,Send personalized emails and re-engagement campaigns.,-0.37798366003039924,-0.013415513115573856
15478.0,40,2,1441.42,585,35,720.71,2,0,0,Occasional Customer,Send personalized emails and re-engagement campaigns.,-0.12069683809379221,-0.21528179026514369
15480.0,116,1,905.5,303,22,905.5,0,0,0,At Risk,Provide special discounts and win-back offers.,-0.22072048194478902,0.8569899008530956
15482.0,16,12,11054.96,5020,35,921.2466666666666,2,0,0,Occasional Customer,Send personalized emails and re-engagement campaigns.,1.6651343747712106,-0.6698129910732517
15483.0,161,4,233.81,295,35,58.4525,0,0,0,At Risk,Provide special discounts and win-back offers.,-0.42625309962036917,0.2580723217319467
15484.0,1,4,3594.31,3152,35,898.5775,2,0,0,Occasional Customer,Send personalized emails and re-engagement campaigns.,0.5254551618565795,-0.4569664575471979
15485.0,30,3,2575.0,1306,35,858.3333333333334,2,0,0,Occasional Customer,Send personalized emails and re-engagement campaigns.,0.13342446310088366,-0.2675403254900592
15488.0,93,1,91.32,73,35,91.32,2,0,0,Occasional Customer,Send personalized emails and re-engagement campaigns.,-0.517053761641942,-0.028871225482489497
15489.0,23,3,1134.28,608,35,378.0933333333333,2,0,0,Occasional Customer,Send personalized emails and re-engagement campaigns.,-0.11053166313046425,-0.4926669688633191
15491.0,95,6,3100.09,1646,35,516.6816666666667,2,0,0,Occasional Customer,Send personalized emails and re-engagement campaigns.,0.2158741494850624,-0.09131875462095893
15492.0,28,2,659.4599999999999,483,35,329.73,2,0,0,Occasional Customer,Send personalized emails and re-engagement campaigns.,-0.2294536272665941,-0.42779831305574206
15493.0,33,5,2001.8,560,35,400.36,2,0,0,Occasional Customer,Send personalized emails and re-engagement campaigns.,0.04231014992359402,-0.5188820081865005
15494.0,21,2,1299.23,1148,35,649.615,2,0,0,Occasional Customer,Send personalized emails and re-engagement campaigns.,-0.045517969033176224,-0.35508155247752227
15497.0,18,2,1262.2,624,35,631.1,2,0,0,Occasional Customer,Send personalized emails and re-engagement campaigns.,-0.10706044765833087,-0.39114048728926587
15498.0,3,27,13316.4,6105,35,493.2,2,0,0,Occasional Customer,Send personalized emails and re-engagement campaigns.,2.746846223481453,-1.6557403050504367
15500.0,8,4,1131.56,572,35,282.89,2,0,0,Occasional Customer,Send personalized emails and re-engagement campaigns.,-0.04918091495511483,-0.6771298928378114
15502.0,16,12,10384.93,4236,35,865.4108333333334,2,0,0,Occasional Customer,Send personalized emails and re-engagement campaigns.,1.5210910781410172,-0.7089301062278167
15503.0,363,1,147.09,74,35,147.09,0,0,2,At Risk,Provide special discounts and win-back offers.,-0.9431440396584465,1.7891471131365089
15504.0,81,1,52.83,33,35,52.83,2,0,0,Occasional Customer,Send personalized emails and re-engagement campaigns.,-0.5111434354288815,-0.12208662666124416
15505.0,53,5,3610.96,2390,35,722.192,2,0,0,Occasional Customer,Send personalized emails and re-engagement campaigns.,0.3810697690418107,-0.23372407805356482
15506.0,23,3,979.26,848,35,326.42,2,0,0,Occasional Customer,Send personalized emails and re-engagement campaigns.,-0.10137886573536588,-0.5059308950237055
15507.0,172,1,492.36,162,35,492.36,0,0,2,At Risk,Provide special discounts and win-back offers.,-0.5418587412233573,0.6293242789683472
15508.0,189,6,1000.27,440,35,166.71166666666667,0,0,0,At Risk,Provide special discounts and win-back offers.,-0.2723952448944407,0.38143082907091835
15510.0,331,1,250.0,2,35,250.0,0,0,2,At Risk,Provide special discounts and win-back offers.,-0.8755061532691589,1.6077895465212355
15511.0,12,5,909.23,271,35,181.846,2,0,0,Occasional Customer,Send personalized emails and re-engagement campaigns.,-0.0647911502333684,-0.743994940102603
15512.0,156,2,121.0,68,35,60.5,0,0,0,At Risk,Provide special discounts and win-back offers.,-0.5660677981578478,0.32775588615719664
15513.0,33,19,14758.22,5709,35,776.7484210526317,2,0,0,Occasional Customer,Send personalized emails and re-engagement campaigns.,2.3349972636141647,-0.9283754479548009
15514.0,12,11,4139.46,2160,35,376.3145454545455,2,0,0,Occasional Customer,Send personalized emails and re-engagement campaigns.,0.7410588404447697,-0.9378802739912879
15516.0,45,3,62.43,27,35,20.81,2,0,0,Occasional Customer,Send personalized emails and re-engagement campaigns.,-0.34345723912489384,-0.4799379409211798
15517.0,233,1,267.03,293,35,267.03,0,0,2,At Risk,Provide special discounts and win-back offers.,-0.6783072361688263,0.9654771430688439
15518.0,64,8,1942.45,1273,35,242.80625,2,0,0,Occasional Customer,Send personalized emails and re-engagement campaigns.,0.21633113403692467,-0.5105073564195634
15520.0,2,1,343.5,314,35,343.5,2,0,0,Occasional Customer,Send personalized emails and re-engagement campaigns.,-0.2823155555085663,-0.5493118921932522
15521.0,40,8,3000.2,1836,35,375.025,2,0,0,Occasional Customer,Send personalized emails and re-engagement campaigns.,0.4117376430304195,-0.6076410043158683
15522.0,33,2,398.84,573,35,199.42,2,0,0,Occasional Customer,Send personalized emails and re-engagement campaigns.,-0.2659269067178595,-0.43629674057881057
15523.0,84,1,412.0100000000001,132,35,412.0100000000001,2,0,0,Occasional Customer,Send personalized emails and re-engagement campaigns.,-0.42090665397314125,0.01609214214661676
15524.0,25,1,440.0,4,35,440.0,2,0,0,Occasional Customer,Send personalized emails and re-engagement campaigns.,-0.3332989849328689,-0.3705761647461581
15525.0,2,3,825.92,416,35,275.3066666666667,2,0,0,Occasional Customer,Send personalized emails and re-engagement campaigns.,-0.13597643977124782,-0.6716616513006071
15526.0,33,2,148.44,24,35,74.22,2,0,0,Occasional Customer,Send personalized emails and re-engagement campaigns.,-0.36702222100917575,-0.48846290971304596
15527.0,19,8,2429.78,992,35,303.7225,2,0,0,Occasional Customer,Send personalized emails and re-engagement campaigns.,0.2987572995297899,-0.7917197213709906
15528.0,254,1,229.33,123,35,229.33,0,0,2,At Risk,Provide special discounts and win-back offers.,-0.7410026839523373,1.0900602249679685
15529.0,23,11,3995.23,3496,35,363.20272727272726,2,0,0,Occasional Customer,Send personalized emails and re-engagement campaigns.,0.8668881984823988,-0.8449541188035474
15530.0,22,4,1502.35,950,35,375.5875,2,0,0,Occasional Customer,Send personalized emails and re-engagement campaigns.,0.01163495469685259,-0.5438229816392549
15531.0,8,2,2007.44,1105,35,1003.72,2,0,0,Occasional Customer,Send personalized emails and re-engagement campaigns.,0.07606970612413196,-0.32427587109315587
15532.0,25,4,1580.93,521,35,395.2325,2,0,0,Occasional Customer,Send personalized emails and re-engagement campaigns.,-0.03470853910194984,-0.5249460444177997
15533.0,19,3,807.57,289,35,269.19,2,0,0,Occasional Customer,Send personalized emails and re-engagement campaigns.,-0.18061023339949012,-0.5628310015603749
15535.0,173,4,536.4,143,35,134.1,0,0,0,At Risk,Provide special discounts and win-back offers.,-0.43108359604207713,0.3620154186678608
15537.0,163,1,110.92,29,35,110.92,0,0,2,At Risk,Provide special discounts and win-back offers.,-0.6314695296966323,0.44329761860471245
15539.0,7,1,538.46,410,35,538.46,2,0,0,Occasional Customer,Send personalized emails and re-engagement campaigns.,-0.23390744613112777,-0.45103634837886286
15540.0,11,1,213.3,200,35,213.3,2,0,0,Occasional Customer,Send personalized emails and re-engagement campaigns.,-0.3405140396293255,-0.5336251525633804
15541.0,114,1,85.13000000000001,49,35,85.13000000000001,2,0,0,Occasional Customer,Send personalized emails and re-engagement campaigns.,-0.5554434968071704,0.10866725076008925
15543.0,288,1,127.86,86,35,127.86,0,0,2,At Risk,Provide special discounts and win-back offers.,-0.8242286718539236,1.283162813009092
15544.0,9,9,3546.71,3109,35,394.0788888888889,2,0,0,Occasional Customer,Send personalized emails and re-engagement campaigns.,0.7061352908801793,-0.8326640985270967
15545.0,54,2,292.72,163,35,146.36,2,0,0,Occasional Customer,Send personalized emails and re-engagement campaigns.,-0.3635433853819585,-0.3217515326524573
15547.0,7,14,4954.84,4032,35,353.9171428571429,2,0,0,Occasional Customer,Send personalized emails and re-engagement campaigns.,1.1878832713376266,-1.0963487940408039
15549.0,77,3,1693.26,698,35,564.42,2,0,0,Occasional Customer,Send personalized emails and re-engagement campaigns.,-0.12031762248300053,-0.0668459784591787
15550.0,4,4,575.63,295,35,143.9075,2,0,0,Occasional Customer,Send personalized emails and re-engagement campaigns.,-0.13432074659555474,-0.7582728965706216
15551.0,37,1,436.06,218,35,436.06,2,0,0,Occasional Customer,Send personalized emails and re-engagement campaigns.,-0.32886046800707125,-0.2878217746226303
15552.0,217,1,90.12,60,35,90.12,0,0,2,At Risk,Provide special discounts and win-back offers.,-0.7205455930672197,0.7971340289160128
15553.0,60,1,437.23,451,35,437.23,2,0,0,Occasional Customer,Send personalized emails and re-engagement campaigns.,-0.3389167825561028,-0.12972367319126787
15554.0,278,1,217.2,74,35,217.2,0,0,2,At Risk,Provide special discounts and win-back offers.,-0.7885609647213162,1.2452033280803025
15555.0,12,16,4805.17,4439,35,300.323125,2,0,0,Occasional Customer,Send personalized emails and re-engagement campaigns.,1.3229142103033111,-1.1814826308037862
15556.0,24,1,279.77,236,35,279.77,2,0,0,Occasional Customer,Send personalized emails and re-engagement campaigns.,-0.3420028340105868,-0.42475789267067365
15557.0,29,1,473.65,219,35,473.65,2,0,0,Occasional Customer,Send personalized emails and re-engagement campaigns.,-0.306981133043247,-0.3289616496238978
15561.0,12,4,800.59,267,35,200.1475,2,0,0,Occasional Customer,Send personalized emails and re-engagement campaigns.,-0.12653243714766466,-0.6855369419570914
15562.0,352,1,134.55,39,35,134.55,0,0,2,At Risk,Provide special discounts and win-back offers.,-0.932238568618554,1.7110958043879612
15563.0,22,4,1400.44,1501,35,350.11,2,0,0,Occasional Customer,Send personalized emails and re-engagement campaigns.,0.06478495317502565,-0.5424685220653782
15565.0,50,2,173.16,60,35,86.58,2,0,0,Occasional Customer,Send personalized emails and re-engagement campaigns.,-0.38680985937568424,-0.37032640108967696
15567.0,19,1,186.01,223,35,186.01,2,0,0,Occasional Customer,Send personalized emails and re-engagement campaigns.,-0.3572060308548346,-0.4886975188312687
15568.0,3,3,758.29,461,35,252.7633333333333,2,0,0,Occasional Customer,Send personalized emails and re-engagement campaigns.,-0.14054993059988574,-0.6719069742011824
15569.0,104,5,1375.71,666,35,275.142,2,0,0,Occasional Customer,Send personalized emails and re-engagement campaigns.,-0.1225568779479586,-0.08922203702273619
15570.0,7,12,4165.52,2067,35,347.1266666666667,2,0,0,Occasional Customer,Send personalized emails and re-engagement campaigns.,0.7924648126982072,-1.0357546647565652
15571.0,12,4,650.4300000000001,264,35,162.60750000000002,2,0,0,Occasional Customer,Send personalized emails and re-engagement campaigns.,-0.14293844523258867,-0.698898081886367
15572.0,5,7,2552.86,1229,35,364.69428571428574,2,0,0,Occasional Customer,Send personalized emails and re-engagement campaigns.,0.3100207906069831,-0.8063050784303951
15573.0,32,2,607.45,363,35,303.725,2,0,0,Occasional Customer,Send personalized emails and re-engagement campaigns.,-0.2576521671635662,-0.4120803374794137
15574.0,178,4,702.25,349,35,175.5625,0,0,0,At Risk,Provide special discounts and win-back offers.,-0.3975363853483421,0.41392462382788886
15576.0,38,1,940.67,404,35,940.67,2,0,0,Occasional Customer,Send personalized emails and re-engagement campaigns.,-0.1914048247246655,-0.11424153256930786
15577.0,151,3,258.88,89,35,86.29333333333334,0,0,0,At Risk,Provide special discounts and win-back offers.,-0.48491841598667285,0.25041391873849195
15578.0,162,1,127.1,52,35,127.1,0,0,2,At Risk,Provide special discounts and win-back offers.,-0.6234030696615455,0.4423042172565574
15579.0,69,2,348.6,120,35,174.3,2,0,0,Occasional Customer,Send personalized emails and re-engagement campaigns.,-0.3846214894499289,-0.2132326142320679
15581.0,121,13,3679.97,286,35,283.0746153846154,2,0,0,Occasional Customer,Send personalized emails and re-engagement campaigns.,0.41499322038802056,-0.38828369948632624
15582.0,25,3,682.9100000000001,453,35,227.63666666666668,2,0,0,Occasional Customer,Send personalized emails and re-engagement campaigns.,-0.18638030327419428,-0.5340450601108924
15584.0,24,4,725.11,314,35,181.2775,2,0,0,Occasional Customer,Send personalized emails and re-engagement campaigns.,-0.1486601122160101,-0.6113416294183449
15585.0,177,1,455.3,320,35,455.3,0,0,2,At Risk,Provide special discounts and win-back offers.,-0.5402528282492669,0.6536329223639868
15587.0,50,4,913.68,312,35,228.42,2,0,0,Occasional Customer,Send personalized emails and re-engagement campaigns.,-0.17102017061156607,-0.4213439828042524
15589.0,256,3,478.53,243,35,159.51000000000002,0,0,2,At Risk,Provide special discounts and win-back offers.,-0.6112537028962463,0.9784950921709791
15592.0,47,1,388.58,354,35,388.58,2,0,0,Occasional Customer,Send personalized emails and re-engagement campaigns.,-0.3403704746467655,-0.23396984680253222
15593.0,71,1,199.8,60,35,199.8,2,0,0,Occasional Customer,Send personalized emails and re-engagement campaigns.,-0.45752744435532455,-0.140648733101551
15594.0,16,5,1771.78,983,35,354.356,2,0,0,Occasional Customer,Send personalized emails and re-engagement campaigns.,0.0964645385635215,-0.6410130766742034
15596.0,101,5,1406.59,561,35,281.318,2,0,0,Occasional Customer,Send personalized emails and re-engagement campaigns.,-0.1268390320744059,-0.10894836256276637
15597.0,35,1,324.57,279,35,324.57,2,0,0,Occasional Customer,Send personalized emails and re-engagement campaigns.,-0.3444689935753762,-0.3361090213606175
15598.0,53,1,240.68,160,35,240.68,2,0,0,Occasional Customer,Send personalized emails and re-engagement campaigns.,-0.40710836788624694,-0.24552190292891843
15599.0,27,2,761.74,718,35,380.87,2,0,0,Occasional Customer,Send personalized emails and re-engagement campaigns.,-0.18528316638737785,-0.41295399795835996
15601.0,11,14,6776.56,4983,35,484.04,2,0,0,Occasional Customer,Send personalized emails and re-engagement campaigns.,1.4321414295637451,-0.9923798566669049
15602.0,8,9,1297.87,1137,35,144.20777777777778,2,0,0,Occasional Customer,Send personalized emails and re-engagement campaigns.,0.2904673930807043,-0.9777865409243773
15603.0,79,1,48.48,96,35,48.48,2,0,0,Occasional Customer,Send personalized emails and re-engagement campaigns.,-0.5015797109231157,-0.13564089885406733
15604.0,52,1,216.39,159,35,216.39,2,0,0,Occasional Customer,Send personalized emails and re-engagement campaigns.,-0.41125214614343686,-0.2600730526764258
15605.0,36,5,1198.23,441,35,239.646,2,0,0,Occasional Customer,Send personalized emails and re-engagement campaigns.,-0.05558998606562252,-0.5597224037631131
15606.0,61,9,2920.16,892,35,324.4622222222222,2,0,0,Occasional Customer,Send personalized emails and re-engagement campaigns.,0.31145036841837553,-0.5560110721220614
15607.0,337,1,104.76,202,35,104.76,0,0,2,At Risk,Provide special discounts and win-back offers.,-0.8958266862999399,1.604524083514493
15608.0,28,4,1093.68,714,35,273.42,2,0,0,Occasional Customer,Send personalized emails and re-engagement campaigns.,-0.06925813766354053,-0.5444812344040783
15609.0,184,1,298.48,148,35,298.48,0,0,2,At Risk,Provide special discounts and win-back offers.,-0.6081364617861755,0.6462733387235006
15610.0,52,1,112.46,66,35,112.46,2,0,0,Occasional Customer,Send personalized emails and re-engagement campaigns.,-0.44625493117409637,-0.2954814866216796
15611.0,10,13,1591.45,504,35,122.41923076923078,2,0,0,Occasional Customer,Send personalized emails and re-engagement campaigns.,0.458205674910547,-1.1958270995663245
15612.0,36,2,195.15,52,35,97.575,2,0,0,Occasional Customer,Send personalized emails and re-engagement campaigns.,-0.36169311492903866,-0.4601347579460625
15615.0,10,23,10399.74,5508,35,452.1626086956522,2,0,0,Occasional Customer,Send personalized emails and re-engagement campaigns.,2.2404868492118393,-1.4473245703858506
15618.0,33,4,776.851,454,35,194.21275,2,0,0,Occasional Customer,Send personalized emails and re-engagement campaigns.,-0.1414933668830502,-0.5441208523623924
15619.0,11,1,336.40000000000003,136,35,336.40000000000003,2,0,0,Occasional Customer,Send personalized emails and re-engagement campaigns.,-0.31929843709540967,-0.49496764636529833
15620.0,57,3,1553.18,915,35,517.7266666666667,2,0,0,Occasional Customer,Send personalized emails and re-engagement campaigns.,-0.07949933874163649,-0.21215799593358275
15621.0,4,4,1293.03,501,35,323.2575,2,0,0,Occasional Customer,Send personalized emails and re-engagement campaigns.,-0.03366066787140324,-0.690827005051514
15622.0,43,9,3709.56,1674,35,412.17333333333335,2,0,0,Occasional Customer,Send personalized emails and re-engagement campaigns.,0.49764627847195203,-0.62571353233543
15623.0,141,1,301.03,125,35,301.03,0,0,0,At Risk,Provide special discounts and win-back offers.,-0.5402715394366056,0.3600086384655939
15624.0,117,4,588.13,357,35,147.0325,2,0,0,Occasional Customer,Send personalized emails and re-engagement campaigns.,-0.3095857717760715,-0.0026889477056381388
15625.0,104,4,1534.26,1188,35,383.565,2,0,0,Occasional Customer,Send personalized emails and re-engagement campaigns.,-0.09067105635610724,0.010137878392711946
15626.0,75,2,675.8,766,35,337.9,2,0,0,Occasional Customer,Send personalized emails and re-engagement campaigns.,-0.2705765849534047,-0.10641321304693521
15628.0,5,9,2870.24,1894,35,318.9155555555556,2,0,0,Occasional Customer,Send personalized emails and re-engagement campaigns.,0.5148379883451812,-0.9126969574115972
15630.0,45,2,1186.35,800,35,593.175,2,0,0,Occasional Customer,Send personalized emails and re-engagement campaigns.,-0.1418139445247038,-0.22049758813648454
15632.0,16,8,3285.31,2109,35,410.66375,2,0,0,Occasional Customer,Send personalized emails and re-engagement campaigns.,0.5070181375919054,-0.7484068529770365
15634.0,17,1,243.55,99,35,243.55,2,0,0,Occasional Customer,Send personalized emails and re-engagement campaigns.,-0.3549724082360581,-0.48573401726368237
15636.0,90,2,724.76,284,35,362.38,2,0,0,Occasional Customer,Send personalized emails and re-engagement campaigns.,-0.3437138816227031,-0.007323277865547563
15637.0,53,1,223.36,128,35,223.36,2,0,0,Occasional Customer,Send personalized emails and re-engagement campaigns.,-0.4148597211924065,-0.25173372275514144
15639.0,134,1,425.32,323,35,425.32,0,0,0,At Risk,Provide special discounts and win-back offers.,-0.47693794073356977,0.3573239785645172
15640.0,4,15,12515.66,6607,35,834.3773333333334,2,0,0,Occasional Customer,Send personalized emails and re-engagement campaigns.,2.1213366372559306,-0.8939604890957406
15641.0,105,4,1887.2,1562,35,471.8,2,0,0,Occasional Customer,Send personalized emails and re-engagement campaigns.,-0.011082810761357597,0.055124096114733304
15643.0,192,3,664.0,246,35,221.33333333333331,0,0,2,At Risk,Provide special discounts and win-back offers.,-0.48437455028153475,0.5731800262416392
15644.0,166,4,813.0,557,35,203.25,0,0,0,At Risk,Provide special discounts and win-back offers.,-0.3419961798634551,0.3476599845392317
15645.0,19,1,612.01,256,35,612.01,2,0,0,Occasional Customer,Send personalized emails and re-engagement campaigns.,-0.25420696533705134,-0.35012348646949265
15646.0,158,3,447.64,394,35,149.21333333333334,0,0,0,At Risk,Provide special discounts and win-back offers.,-0.4380275761159903,0.3244851473518393
15648.0,204,2,657.35,221,35,328.675,0,0,2,At Risk,Provide special discounts and win-back offers.,-0.5465082365681099,0.7402055659270044
15649.0,336,2,816.0,192,35,408.0,0,0,2,At Risk,Provide special discounts and win-back offers.,-0.7409733966038491,1.6461259300294133
15651.0,37,3,646.3,479,35,215.4333333333333,2,0,0,Occasional Customer,Send personalized emails and re-engagement campaigns.,-0.2073043528047556,-0.45775837157317
15652.0,91,1,337.74,208,35,337.74,2,0,0,Occasional Customer,Send personalized emails and re-engagement campaigns.,-0.44074723609757943,0.04013856169305176
15653.0,93,2,877.4399999999999,1200,35,438.72,2,0,0,Occasional Customer,Send personalized emails and re-engagement campaigns.,-0.21938748616755782,0.055438142437992735
15654.0,9,2,922.53,475,35,461.265,2,0,0,Occasional Customer,Send personalized emails and re-engagement campaigns.,-0.16031124946811084,-0.510675551032829
15655.0,243,1,560.67,324,35,560.67,0,0,2,At Risk,Provide special discounts and win-back offers.,-0.6226173083197548,1.1278155991017083
15656.0,45,4,748.5,343,35,187.125,2,0,0,Occasional Customer,Send personalized emails and re-engagement campaigns.,-0.17694708837777073,-0.46872739549408265
15657.0,23,1,30.0,24,35,30.0,2,0,0,Occasional Customer,Send personalized emails and re-engagement campaigns.,-0.42315969574744516,-0.5163029596873724
15658.0,190,5,1024.1,242,35,204.82,0,0,2,At Risk,Provide special discounts and win-back offers.,-0.3463813093867216,0.4504616944740883
15659.0,44,1,306.45,111,35,306.45,2,0,0,Occasional Customer,Send personalized emails and re-engagement campaigns.,-0.3828546920952106,-0.2851449393188304
15660.0,25,9,1600.86,1050,35,177.8733333333333,2,0,0,Occasional Customer,Send personalized emails and re-engagement campaigns.,0.27804113569292993,-0.852449314745909
15661.0,317,2,309.8,236,35,154.9,0,0,2,At Risk,Provide special discounts and win-back offers.,-0.7803171743078109,1.4357510995697358
15663.0,106,1,138.14,106,35,138.14,2,0,0,Occasional Customer,Send personalized emails and re-engagement campaigns.,-0.5234653492389885,0.07357621271974092
15664.0,51,1,386.43,157,35,386.43,2,0,0,Occasional Customer,Send personalized emails and re-engagement campaigns.,-0.3702765287241355,-0.21171291578789384
15665.0,168,2,2242.01,1666,35,1121.005,0,0,0,At Risk,Provide special discounts and win-back offers.,-0.08405677586124409,0.7921034101864795
15667.0,40,1,301.32,240,35,301.32,2,0,0,Occasional Customer,Send personalized emails and re-engagement campaigns.,-0.3625475106709332,-0.3110408689702353
15668.0,218,1,76.32000000000001,72,35,76.32000000000001,0,0,2,At Risk,Provide special discounts and win-back offers.,-0.723989677300333,0.7995577478619516
15669.0,40,4,684.34,342,35,171.085,2,0,0,Occasional Customer,Send personalized emails and re-engagement campaigns.,-0.17579112708049385,-0.5077632110998419
15670.0,297,1,173.05,91,35,173.05,0,0,2,At Risk,Provide special discounts and win-back offers.,-0.8277678825870949,1.3578889576806439
15671.0,19,7,2657.13,1699,35,379.59,2,0,0,Occasional Customer,Send personalized emails and re-engagement campaigns.,0.35115593578820825,-0.6983826889423965
15673.0,88,4,2881.02,1514,35,720.255,2,0,0,Occasional Customer,Send personalized emails and re-engagement campaigns.,0.1172640144953418,0.028945260916390377
15674.0,73,5,2446.6,1275,35,489.32,2,0,0,Occasional Customer,Send personalized emails and re-engagement campaigns.,0.10418890573626537,-0.20631441028456704
15675.0,81,3,323.69,527,35,107.89666666666666,2,0,0,Occasional Customer,Send personalized emails and re-engagement campaigns.,-0.3123054020997418,-0.20054637403665745
15676.0,19,3,3435.76,2252,35,1145.253333333333,2,0,0,Occasional Customer,Send personalized emails and re-engagement campaigns.,0.3653600271998437,-0.2242801375054125
15677.0,49,1,657.23,319,35,657.23,2,0,0,Occasional Customer,Send personalized emails and re-engagement campaigns.,-0.2851564364167753,-0.13429928841156835
15678.0,53,1,352.7,184,35,352.7,2,0,0,Occasional Customer,Send personalized emails and re-engagement campaigns.,-0.37824290568492275,-0.20879402656199111
15679.0,24,4,781.28,1170,35,195.32,2,0,0,Occasional Customer,Send personalized emails and re-engagement campaigns.,-0.04315300124807277,-0.5902328969757065
15680.0,9,3,1333.68,952,35,444.56,2,0,0,Occasional Customer,Send personalized emails and re-engagement campaigns.,-0.023661837263455984,-0.5566352202232098
15681.0,25,5,1426.16,816,35,285.232,2,0,0,Occasional Customer,Send personalized emails and re-engagement campaigns.,0.028353876404281764,-0.6093652638738369
15683.0,117,1,193.75,131,35,193.75,0,0,0,At Risk,Provide special discounts and win-back offers.,-0.5255074872552544,0.16538647772630397
15687.0,9,9,2993.1,1310,35,332.56666666666666,2,0,0,Occasional Customer,Send personalized emails and re-engagement campaigns.,0.4507227262016158,-0.891503208503203
15689.0,120,2,254.1,84,35,127.05,2,0,0,Occasional Customer,Send personalized emails and re-engagement campaigns.,-0.48583328907407375,0.11029483415385909
15690.0,4,2,239.76,408,35,119.88,2,0,0,Occasional Customer,Send personalized emails and re-engagement campaigns.,-0.2616184198379223,-0.6593014263833022
15691.0,252,1,136.8,72,35,136.8,0,0,2,At Risk,Provide special discounts and win-back offers.,-0.7652165195557651,1.0458021019711097
15692.0,28,1,191.04,138,35,191.04,2,0,0,Occasional Customer,Send personalized emails and re-engagement campaigns.,-0.38055509393583387,-0.42867255041268576
15694.0,1,14,6479.4,1677,35,462.8142857142857,2,0,0,Occasional Customer,Send personalized emails and re-engagement campaigns.,1.0412484977645466,-1.1310343802029321
15695.0,267,2,409.98,212,35,204.99,0,0,2,At Risk,Provide special discounts and win-back offers.,-0.6868606890585408,1.1187079820651973
15696.0,33,8,2736.46,1028,35,342.0575,2,0,0,Occasional Customer,Send personalized emails and re-engagement campaigns.,0.30653160359686665,-0.6825616738912296
15699.0,18,1,309.65,113,35,309.65,2,0,0,Occasional Customer,Send personalized emails and re-engagement campaigns.,-0.33958509912860796,-0.4573984877954552
15700.0,172,2,696.68,357,35,348.34,0,0,2,At Risk,Provide special discounts and win-back offers.,-0.4727922228289275,0.536011020600508
15701.0,2,4,1542.14,923,35,385.535,2,0,0,Occasional Customer,Send personalized emails and re-engagement campaigns.,0.04528390921902566,-0.674135154276173
15703.0,265,1,211.5,66,35,211.5,0,0,2,At Risk,Provide special discounts and win-back offers.,-0.7696715944974981,1.1565429742985167
15704.0,140,4,2293.62,1028,35,573.405,2,0,0,Occasional Customer,Send personalized emails and re-engagement campaigns.,-0.08662595248198823,0.31439594560079637
15705.0,201,1,143.1,62,35,143.1,0,0,2,At Risk,Provide special discounts and win-back offers.,-0.6819545817109318,0.7076652245336015
15706.0,64,4,1060.56,321,35,265.14,2,0,0,Occasional Customer,Send personalized emails and re-engagement campaigns.,-0.17704021146311535,-0.31483019377856897
15707.0,35,4,945.58,605,35,236.395,2,0,0,Occasional Customer,Send personalized emails and re-engagement campaigns.,-0.10915156514618765,-0.5129923994935549
15708.0,41,7,3364.24,1267,35,480.6057142857143,2,0,0,Occasional Customer,Send personalized emails and re-engagement campaigns.,0.32805732778444974,-0.5209721087159049
15709.0,284,1,133.25,121,35,133.25,0,0,2,At Risk,Provide special discounts and win-back offers.,-0.8123991395441876,1.2589020935320518
15712.0,9,5,1072.36,486,35,214.47200000000004,2,0,0,Occasional Customer,Send personalized emails and re-engagement campaigns.,-0.018844240521360786,-0.7480468495562942
15713.0,143,2,356.7,150,35,178.35,0,0,0,At Risk,Provide special discounts and win-back offers.,-0.5002985585649846,0.2820022868950166
15714.0,12,2,330.88,187,35,165.44,2,0,0,Occasional Customer,Send personalized emails and re-engagement campaigns.,-0.28675409233006266,-0.594916622748455
15716.0,146,4,1118.81,744,35,279.7025,2,0,0,Occasional Customer,Send personalized emails and re-engagement campaigns.,-0.25502534868957616,0.244950917807723
15717.0,234,1,150.3,70,35,150.3,0,0,2,At Risk,Provide special discounts and win-back offers.,-0.7330272682863532,0.9301401713465757
15719.0,33,13,5045.61,2725,35,388.1238461538461,2,0,0,Occasional Customer,Send personalized emails and re-engagement campaigns.,0.9480181030604844,-0.8820980966838784
15720.0,24,1,598.73,281,35,598.73,2,0,0,Occasional Customer,Send personalized emails and re-engagement campaigns.,-0.26252539460206686,-0.32062061206412173
15721.0,12,1,507.08,409,35,507.08,2,0,0,Occasional Customer,Send personalized emails and re-engagement campaigns.,-0.2494613609887563,-0.4278848080559448
15722.0,36,5,2222.56,1026,35,444.512,2,0,0,Occasional Customer,Send personalized emails and re-engagement campaigns.,0.11335245733185895,-0.47400256140387337
15723.0,365,1,203.1,87,35,203.1,0,0,2,At Risk,Provide special discounts and win-back offers.,-0.9318483177889494,1.8208627816214855
15724.0,201,2,218.25,73,35,109.125,0,0,2,At Risk,Provide special discounts and win-back offers.,-0.6242058979325111,0.6440819666054809
15725.0,15,1,415.25,221,35,415.25,2,0,0,Occasional Customer,Send personalized emails and re-engagement campaigns.,-0.29757011820787826,-0.4411658971801103
15727.0,17,7,5178.96,3065,35,739.8514285714285,2,0,0,Occasional Customer,Send personalized emails and re-engagement campaigns.,0.7375260874037612,-0.547274786297904
15729.0,213,1,85.0,28,35,85.0,0,0,2,At Risk,Provide special discounts and win-back offers.,-0.7189505654390042,0.7682071814632123
15730.0,66,3,1120.88,689,35,373.6266666666667,2,0,0,Occasional Customer,Send personalized emails and re-engagement campaigns.,-0.17268142908270442,-0.20602095591317535
15732.0,212,2,294.12,215,35,147.06,0,0,2,At Risk,Provide special discounts and win-back offers.,-0.6142971330417256,0.7327601447827784
15733.0,283,1,162.3,62,35,162.3,0,0,2,At Risk,Provide special discounts and win-back offers.,-0.8108684335112328,1.26053105414424
15734.0,115,2,1339.45,346,35,669.725,0,0,0,At Risk,Provide special discounts and win-back offers.,-0.28565628670897786,0.26316701631689055
15737.0,15,8,1205.12,599,35,150.64,2,0,0,Occasional Customer,Send personalized emails and re-engagement campaigns.,0.15430919296857626,-0.8862877281489621
15738.0,19,16,4812.42,2982,35,300.77625,2,0,0,Occasional Customer,Send personalized emails and re-engagement campaigns.,1.14271478041719,-1.1620596861429744
15739.0,66,1,449.12,472,35,449.12,2,0,0,Occasional Customer,Send personalized emails and re-engagement campaigns.,-0.3434677845201986,-0.08547890596417247
15740.0,49,1,154.88,152,35,154.88,2,0,0,Occasional Customer,Send personalized emails and re-engagement campaigns.,-0.4215040855657697,-0.3001231613572335
15743.0,16,4,784.46,216,35,196.115,2,0,0,Occasional Customer,Send personalized emails and re-engagement campaigns.,-0.1406919776411347,-0.6612614667846676
15744.0,78,1,34.8,120,35,34.8,2,0,0,Occasional Customer,Send personalized emails and re-engagement campaigns.,-0.5003477454279579,-0.14628505648428455
15745.0,19,4,1094.59,421,35,273.6475,2,0,0,Occasional Customer,Send personalized emails and re-engagement campaigns.,-0.08857924179439784,-0.6099203737823641
15746.0,134,1,196.88,178,35,196.88,0,0,0,At Risk,Provide special discounts and win-back offers.,-0.5469682703024668,0.28061533626125446
15747.0,13,3,974.04,480,35,324.68,2,0,0,Occasional Customer,Send personalized emails and re-engagement campaigns.,-0.128519769555439,-0.5801294713873405
15748.0,40,1,149.31,51,35,149.31,2,0,0,Occasional Customer,Send personalized emails and re-engagement campaigns.,-0.41990117925714915,-0.3638282970340716
15749.0,235,3,44534.3,18028,35,14844.766666666668,0,-1,0,At Risk,Provide special discounts and win-back offers.,6.817311565582902,6.22860017986542
15750.0,3,8,2465.48,1786,35,308.185,2,0,0,Occasional Customer,Send personalized emails and re-engagement campaigns.,0.42014586230672896,-0.8816558079907917
15752.0,40,7,2637.38,1978,35,376.7685714285714,2,0,0,Occasional Customer,Send personalized emails and re-engagement campaigns.,0.34767061408327865,-0.5542156788851388
15753.0,305,1,79.2,144,35,79.2,0,0,2,At Risk,Provide special discounts and win-back offers.,-0.8564663679512428,1.381827752228766
15754.0,51,3,458.57,199,35,152.85666666666663,2,0,0,Occasional Customer,Send personalized emails and re-engagement campaigns.,-0.2853237792741788,-0.39124498799783924
15755.0,10,6,2364.25,1427,35,394.0416666666667,2,0,0,Occasional Customer,Send personalized emails and re-engagement campaigns.,0.26028305410466984,-0.7080587956130504
15756.0,61,4,532.96,242,35,133.24,2,0,0,Occasional Customer,Send personalized emails and re-engagement campaigns.,-0.23776188645172244,-0.3830651900224604
15757.0,66,2,714.42,491,35,357.21,2,0,0,Occasional Customer,Send personalized emails and re-engagement campaigns.,-0.28215286795569783,-0.16514374274257249
15758.0,25,1,205.25,47,35,205.25,2,0,0,Occasional Customer,Send personalized emails and re-engagement campaigns.,-0.3829452049773612,-0.4457851926677191
15759.0,218,3,253.04,60,35,84.34666666666666,0,0,2,At Risk,Provide special discounts and win-back offers.,-0.5979793195018173,0.6958489504852029
15762.0,65,2,583.75,251,35,291.875,2,0,0,Occasional Customer,Send personalized emails and re-engagement campaigns.,-0.3278780403785666,-0.19815665070244498
15763.0,32,2,1086.92,271,35,543.46,2,0,0,Occasional Customer,Send personalized emails and re-engagement campaigns.,-0.19696162419248406,-0.3337367433019894
15764.0,88,6,3279.97,2050,35,546.6616666666666,2,0,0,Occasional Customer,Send personalized emails and re-engagement campaigns.,0.2909412869767946,-0.1191337449308336
15766.0,64,1,315.06,170,35,315.06,2,0,0,Occasional Customer,Send personalized emails and re-engagement campaigns.,-0.40652485909762776,-0.14791601017955033
15768.0,116,3,621.8299999999999,244,35,207.27666666666664,2,0,0,Occasional Customer,Send personalized emails and re-engagement campaigns.,-0.36608266837512504,0.06165416184954836
15769.0,7,26,56252.72,29672,35,2163.566153846154,3,-1,0,Frequent Buyer,Recommend complementary products and loyalty rewards.,8.493028406819363,-0.16948171154136904
15773.0,6,1,635.6800000000001,311,35,635.6800000000001,2,0,0,Occasional Customer,Send personalized emails and re-engagement campaigns.,-0.22115786448404318,-0.4280856371260071
15774.0,69,1,270.8,87,35,270.8,2,0,0,Occasional Customer,Send personalized emails and re-engagement campaigns.,-0.43460854634534046,-0.130480763314389
15775.0,245,1,104.9,68,35,104.9,0,0,2,At Risk,Provide special discounts and win-back offers.,-0.7617207062333361,0.9887314052906456
15776.0,133,1,241.62,138,35,241.62,0,0,0,At Risk,Provide special discounts and win-back offers.,-0.5395767453542761,0.2876832777439655
15777.0,241,4,1047.11,378,35,261.7775,0,0,2,At Risk,Provide special discounts and win-back offers.,-0.45976532703282463,0.8650125904313866
15780.0,184,3,475.28,220,35,158.42666666666668,0,0,2,At Risk,Provide special discounts and win-back offers.,-0.4972032438913364,0.4977048924479331
15781.0,25,3,345.46,180,35,115.15333333333332,2,0,0,Occasional Customer,Send personalized emails and re-engagement campaigns.,-0.25891702479046325,-0.5779087223020841
15782.0,10,3,2614.74,864,35,871.58,2,0,0,Occasional Customer,Send personalized emails and re-engagement campaigns.,0.11938454545339042,-0.4046392254554483
15783.0,11,1,246.3,212,35,246.3,2,0,0,Occasional Customer,Send personalized emails and re-engagement campaigns.,-0.3314375168046548,-0.5227125720952753
15785.0,33,5,2328.9700000000003,1612,35,465.794,2,0,0,Occasional Customer,Send personalized emails and re-engagement campaigns.,0.19683456850285314,-0.4751987959246278
15786.0,46,3,4932.2,3364,35,1644.0666666666666,2,0,0,Occasional Customer,Send personalized emails and re-engagement campaigns.,0.6316441235162513,0.1483707434803075
15787.0,26,3,948.05,540,35,316.01666666666665,2,0,0,Occasional Customer,Send personalized emails and re-engagement campaigns.,-0.14583417722960282,-0.49531705533532594
15789.0,358,1,351.3,438,35,351.3,0,0,2,At Risk,Provide special discounts and win-back offers.,-0.8451644416956288,1.8288043181792808
15790.0,10,1,220.85,114,35,220.85,2,0,0,Occasional Customer,Send personalized emails and re-engagement campaigns.,-0.3471265014095704,-0.5394673980702629
15791.0,44,2,1612.69,731,35,806.345,2,0,0,Occasional Customer,Send personalized emails and re-engagement campaigns.,-0.08473338957656774,-0.15726035001946662
15793.0,15,3,965.61,553,35,321.87,2,0,0,Occasional Customer,Send personalized emails and re-engagement campaigns.,-0.12430690065937579,-0.5663881039936718
15795.0,150,1,610.01,581,35,610.01,0,0,2,At Risk,Provide special discounts and win-back offers.,-0.42998260016197065,0.5286576423168432
15796.0,1,8,2711.56,861,35,338.945,2,0,0,Occasional Customer,Send personalized emails and re-engagement campaigns.,0.3370312376636328,-0.9002650707031101
15797.0,113,4,2207.4,873,35,551.85,2,0,0,Occasional Customer,Send personalized emails and re-engagement campaigns.,-0.06994404495215507,0.12384158427710255
15799.0,76,3,884.14,955,35,294.7133333333333,2,0,0,Occasional Customer,Send personalized emails and re-engagement campaigns.,-0.18665400265197657,-0.16150696957370847
15800.0,107,2,699.08,335,35,349.54,2,0,0,Occasional Customer,Send personalized emails and re-engagement campaigns.,-0.36926159594850144,0.10267849511891615
15801.0,46,3,1063.95,570,35,354.65000000000003,2,0,0,Occasional Customer,Send personalized emails and re-engagement campaigns.,-0.16086519913062616,-0.34812454952734295
15802.0,143,1,451.42,1,35,451.42,0,0,2,At Risk,Provide special discounts and win-back offers.,-0.522931030503491,0.41970564345282224
15803.0,51,1,415.8200000000001,290,35,415.8200000000001,2,0,0,Occasional Customer,Send personalized emails and re-engagement campaigns.,-0.3479754114292078,-0.19968903772654245
15804.0,1,13,4206.39,2565,35,323.5684615384616,2,0,0,Occasional Customer,Send personalized emails and re-engagement campaigns.,0.916101729516042,-1.1272410521214815
15805.0,23,17,5528.4800000000005,3387,35,325.204705882353,2,0,0,Occasional Customer,Send personalized emails and re-engagement campaigns.,1.2912054516438207,-1.1667014058351128
15806.0,46,3,784.58,602,35,261.5266666666667,2,0,0,Occasional Customer,Send personalized emails and re-engagement campaigns.,-0.19092615651123884,-0.3795762156141839
15807.0,50,3,903.9,430,35,301.3,2,0,0,Occasional Customer,Send personalized emails and re-engagement campaigns.,-0.20299793723101967,-0.3424612075798721
15808.0,306,4,3734.97,1343,35,933.7425,0,0,2,At Risk,Provide special discounts and win-back offers.,-0.1659001628346189,1.554669468057209
15809.0,36,5,515.77,301,35,103.154,2,0,0,Occasional Customer,Send personalized emails and re-engagement campaigns.,-0.13911648179829264,-0.6121264298610153
15810.0,79,4,1391.98,861,35,347.995,2,0,0,Occasional Customer,Send personalized emails and re-engagement campaigns.,-0.10323025832223642,-0.1752921323868365
15811.0,22,6,2218.62,1071,35,369.77,2,0,0,Occasional Customer,Send personalized emails and re-engagement campaigns.,0.18584587484084958,-0.6438675281655392
15812.0,107,5,1801.14,922,35,360.228,2,0,0,Occasional Customer,Send personalized emails and re-engagement campaigns.,-0.0557555549040788,-0.03337545495297903
15813.0,208,2,1303.91,603,35,651.9549999999999,0,0,2,At Risk,Provide special discounts and win-back offers.,-0.41235017530019624,0.8820538752165276
15814.0,17,4,1945.33,1271,35,486.3325,2,0,0,Occasional Customer,Send personalized emails and re-engagement campaigns.,0.10445066347468966,-0.5318564393731778
15815.0,64,5,2100.6,1856,35,420.12,2,0,0,Occasional Customer,Send personalized emails and re-engagement campaigns.,0.15226681463508226,-0.28059369271398354
15819.0,49,4,1905.45,1357,35,476.3625,2,0,0,Occasional Customer,Send personalized emails and re-engagement campaigns.,0.05813069730270862,-0.3204430376050637
15820.0,320,1,206.98,128,35,206.98,0,0,2,At Risk,Provide special discounts and win-back offers.,-0.8529812562111037,1.522902016522064
15821.0,44,2,570.96,202,35,285.48,2,0,0,Occasional Customer,Send personalized emails and re-engagement campaigns.,-0.30131884847729407,-0.34121146552794235
15822.0,3,2,885.47,375,35,442.735,2,0,0,Occasional Customer,Send personalized emails and re-engagement campaigns.,-0.16769297941886377,-0.5587482505075773
15823.0,372,1,15.0,1,35,15.0,0,0,2,At Risk,Provide special discounts and win-back offers.,-0.9970166734354895,1.8049944849464135
15825.0,172,1,532.94,220,35,532.94,0,0,2,At Risk,Provide special discounts and win-back offers.,-0.5256707708728631,0.6435584022734266
15826.0,56,3,1654.31,963,35,551.4366666666666,2,0,0,Occasional Customer,Send personalized emails and re-engagement campaigns.,-0.060064897098239166,-0.20631625610823023
15827.0,73,14,1836.09,882,35,131.14928571428572,2,0,0,Occasional Customer,Send personalized emails and re-engagement campaigns.,0.4743168930823019,-0.8173865263039718
15829.0,99,2,636.14,996,35,318.07,2,0,0,Occasional Customer,Send personalized emails and re-engagement campaigns.,-0.2887852569762635,0.051292202363062644
15830.0,38,1,576.0,415,35,576.0,2,0,0,Occasional Customer,Send personalized emails and re-engagement campaigns.,-0.27501313479311934,-0.23212578226187103
15831.0,58,3,801.76,1105,35,267.25333333333333,2,0,0,Occasional Customer,Send personalized emails and re-engagement campaigns.,-0.149900065452771,-0.28812830401577444
15832.0,254,1,836.79,465,35,836.79,0,0,2,At Risk,Provide special discounts and win-back offers.,-0.5598459731161541,1.2932199993596822
15834.0,70,4,2233.75,965,35,558.4375,2,0,0,Occasional Customer,Send personalized emails and re-engagement campaigns.,0.013512507048405462,-0.15874694646841547
15835.0,44,4,954.09,439,35,238.5225,2,0,0,Occasional Customer,Send personalized emails and re-engagement campaigns.,-0.1421768459439419,-0.45536879311603196
15836.0,50,1,137.37,26,35,137.37,2,0,0,Occasional Customer,Send personalized emails and re-engagement campaigns.,-0.44185275820459713,-0.30150156169478304
15837.0,65,1,391.98,189,35,391.98,2,0,0,Occasional Customer,Send personalized emails and re-engagement campaigns.,-0.3880377033003525,-0.11598239782857829
15838.0,11,19,33643.08,18368,35,1770.6884210526316,2,-1,0,Occasional Customer,Send personalized emails and re-engagement campaigns.,5.236295269037837,-0.33223206400024613
15839.0,33,3,1048.49,675,35,349.49666666666667,2,0,0,Occasional Customer,Send personalized emails and re-engagement campaigns.,-0.12938336697415118,-0.43458337216298293
15840.0,59,2,355.56,396,35,177.78,2,0,0,Occasional Customer,Send personalized emails and re-engagement campaigns.,-0.33523705992841135,-0.27353322105151046
15841.0,73,4,1224.06,942,35,306.015,2,0,0,Occasional Customer,Send personalized emails and re-engagement campaigns.,-0.10201160181559756,-0.22864247466381868
15843.0,304,1,118.95000000000002,27,35,118.95000000000002,0,0,2,At Risk,Provide special discounts and win-back offers.,-0.8591868065237653,1.3858286574908327
15844.0,46,1,130.73999999999998,134,35,130.73999999999998,2,0,0,Occasional Customer,Send personalized emails and re-engagement campaigns.,-0.4243357622352488,-0.32827899775690095
15845.0,18,8,3711.77,1926,35,463.97125,2,0,0,Occasional Customer,Send personalized emails and re-engagement campaigns.,0.5191519630982585,-0.717456414481489
15847.0,38,2,389.27,449,35,194.635,2,0,0,Occasional Customer,Send personalized emails and re-engagement campaigns.,-0.289898467649972,-0.4068997025434184
15850.0,19,2,238.85,302,35,119.425,2,0,0,Occasional Customer,Send personalized emails and re-engagement campaigns.,-0.2984746001552106,-0.5614544161663398
15852.0,187,2,160.71,48,35,80.355,0,0,2,At Risk,Provide special discounts and win-back offers.,-0.6129058154702782,0.5406707431072806
15853.0,52,1,110.8,135,35,110.8,2,0,0,Occasional Customer,Send personalized emails and re-engagement campaigns.,-0.4386208495783714,-0.2947186939234159
15854.0,4,12,2974.65,939,35,247.8875,2,0,0,Occasional Customer,Send personalized emails and re-engagement campaigns.,0.5721847127550023,-1.1202760669528085
15855.0,137,5,712.24,470,35,142.448,2,0,0,Occasional Customer,Send personalized emails and re-engagement campaigns.,-0.2643999847461304,0.0786959431016153
15856.0,4,27,16387.57,11005,35,606.947037037037,2,1,0,Occasional Customer,Send personalized emails and re-engagement campaigns.,3.533462328584652,-1.4897490434359149
15857.0,19,1,297.0,308,35,297.0,2,0,0,Occasional Customer,Send personalized emails and re-engagement campaigns.,-0.3214897494152286,-0.4511536015819043
15858.0,16,5,1438.85,1167,35,287.77,2,0,0,Occasional Customer,Send personalized emails and re-engagement campaigns.,0.08504392440766972,-0.661823040565063
15860.0,41,8,977.21,440,35,122.15125,2,0,0,Occasional Customer,Send personalized emails and re-engagement campaigns.,0.07394365183766347,-0.7272150146840654
15861.0,12,8,3165.36,2544,35,395.67,2,0,0,Occasional Customer,Send personalized emails and re-engagement campaigns.,0.553777616253468,-0.7728000494888674
15862.0,8,4,832.88,585,35,208.22,2,0,0,Occasional Customer,Send personalized emails and re-engagement campaigns.,-0.07960901717047113,-0.7033487959214926
15863.0,26,2,68.84,19,35,34.42,2,0,0,Occasional Customer,Send personalized emails and re-engagement campaigns.,-0.3680680676887345,-0.5485164150753168
15864.0,22,6,1936.32,1192,35,322.72,2,0,0,Occasional Customer,Send personalized emails and re-engagement campaigns.,0.17367044551750166,-0.6592214502172034
15865.0,41,3,895.13,368,35,298.37666666666667,2,0,0,Occasional Customer,Send personalized emails and re-engagement campaigns.,-0.19662558193960147,-0.40463388509306003
15866.0,101,1,230.53,126,35,230.53,2,0,0,Occasional Customer,Send personalized emails and re-engagement campaigns.,-0.4915011431033285,0.07053968680320176
15867.0,5,15,3812.64,2054,35,254.176,2,0,0,Occasional Customer,Send personalized emails and re-engagement campaigns.,0.9275390398245422,-1.2437846619901436
15869.0,277,2,149.64,175,35,74.82,0,0,2,At Risk,Provide special discounts and win-back offers.,-0.7461877571483885,1.1411951268714138
15870.0,33,1,354.09000000000003,335,35,354.09000000000003,2,0,0,Occasional Customer,Send personalized emails and re-engagement campaigns.,-0.32783477119883614,-0.33882704798600466
15872.0,15,2,360.93,212,35,180.465,2,0,0,Occasional Customer,Send personalized emails and re-engagement campaigns.,-0.2842540801940705,-0.5694274333239993
15874.0,64,7,4405.88,2534,35,629.4114285714286,2,0,0,Occasional Customer,Send personalized emails and re-engagement campaigns.,0.5305809658395482,-0.2864775165935083
15877.0,2,2,493.28,371,35,246.64,2,0,0,Occasional Customer,Send personalized emails and re-engagement campaigns.,-0.224921408294419,-0.6309906378461269
15880.0,369,1,343.28000000000003,211,35,343.28000000000003,0,0,2,At Risk,Provide special discounts and win-back offers.,-0.8913104385319083,1.8952600850251362
15881.0,312,5,501.39,260,35,100.278,0,0,2,At Risk,Provide special discounts and win-back offers.,-0.594247616926273,1.225990369993321
15882.0,199,4,516.36,276,35,129.09,0,0,2,At Risk,Provide special discounts and win-back offers.,-0.4600590023812987,0.5360737944379795
15883.0,2,2,396.48,223,35,198.24,2,0,0,Occasional Customer,Send personalized emails and re-engagement campaigns.,-0.25653657638801136,-0.6499465926856574
15885.0,93,3,379.35,111,35,126.45,2,0,0,Occasional Customer,Send personalized emails and re-engagement campaigns.,-0.3734500773012989,-0.12200248205443334
15886.0,60,1,181.09,147,35,181.09,2,0,0,Occasional Customer,Send personalized emails and re-engagement campaigns.,-0.4338770500068096,-0.21839890663933667
15888.0,81,1,168.31,76,35,168.31,2,0,0,Occasional Customer,Send personalized emails and re-engagement campaigns.,-0.4792640220748324,-0.0838802259582934
15889.0,157,2,446.87,215,35,223.435,0,0,0,At Risk,Provide special discounts and win-back offers.,-0.5020910552911371,0.39161695004171443
15891.0,227,1,524.52,442,35,524.52,0,0,2,At Risk,Provide special discounts and win-back offers.,-0.5912900219434242,1.011669812935349
15894.0,253,2,263.55,168,35,131.775,0,0,2,At Risk,Provide special discounts and win-back offers.,-0.6910032836924158,1.000092965217952
15895.0,150,1,179.17,94,35,179.17,0,0,0,At Risk,Provide special discounts and win-back offers.,-0.5868808216069014,0.37996032323955997
15897.0,194,2,222.05,261,35,111.025,0,0,2,At Risk,Provide special discounts and win-back offers.,-0.5904008418331014,0.601594507034707
15898.0,1,5,1388.88,570,35,277.776,2,0,0,Occasional Customer,Send personalized emails and re-engagement campaigns.,0.035124299143615055,-0.776714411890601
15899.0,369,1,56.25,39,35,56.25,0,0,2,At Risk,Provide special discounts and win-back offers.,-0.9781176501667871,1.799069334487955
15900.0,24,1,351.11,221,35,351.11,2,0,0,Occasional Customer,Send personalized emails and re-engagement campaigns.,-0.32714007859775457,-0.4019384546238096
15901.0,17,3,363.88,384,35,121.29333333333334,2,0,0,Occasional Customer,Send personalized emails and re-engagement campaigns.,-0.21996397984916488,-0.6252822413961308
15903.0,10,7,5126.76,2410,35,732.3942857142857,2,0,0,Occasional Customer,Send personalized emails and re-engagement campaigns.,0.6681323459039092,-0.6091547458257094
15904.0,8,1,164.68,84,35,164.68,2,0,0,Occasional Customer,Send personalized emails and re-engagement campaigns.,-0.36043553093655417,-0.5715552562923324
15906.0,20,7,1567.69,544,35,223.9557142857143,2,0,0,Occasional Customer,Send personalized emails and re-engagement campaigns.,0.11835994440565942,-0.7734008901372883
15907.0,4,3,967.45,509,35,322.4833333333333,2,0,0,Occasional Customer,Send personalized emails and re-engagement campaigns.,-0.11130606456713434,-0.6403370593453704
15909.0,174,1,191.94,98,35,191.94,0,0,2,At Risk,Provide special discounts and win-back offers.,-0.6224822769429955,0.5441656467613368
15910.0,1,8,1232.18,1015,35,154.0225,2,0,0,Occasional Customer,Send personalized emails and re-engagement campaigns.,0.22776345874144094,-0.9704414006476608
15912.0,178,2,264.62,185,35,132.31,0,0,2,At Risk,Provide special discounts and win-back offers.,-0.5668711072353851,0.5006088722081355
15916.0,16,8,1528.09,757,35,191.01125,2,0,0,Occasional Customer,Send personalized emails and re-engagement campaigns.,0.19881107091028696,-0.8606895613401341
15917.0,248,1,123.1,42,35,123.1,0,0,2,At Risk,Provide special discounts and win-back offers.,-0.7653862441002287,1.0141344735301707
15918.0,191,2,334.23,153,35,167.115,0,0,2,At Risk,Provide special discounts and win-back offers.,-0.5813731817326308,0.5982952877796197
15919.0,20,2,639.89,545,35,319.945,2,0,0,Occasional Customer,Send personalized emails and re-engagement campaigns.,-0.2121474392894952,-0.4832298498388063
15920.0,154,4,167.5,99,35,41.875,0,0,0,At Risk,Provide special discounts and win-back offers.,-0.44474040745724147,0.20183821582374828
15921.0,173,1,336.03000000000003,166,35,336.03000000000003,0,0,2,At Risk,Provide special discounts and win-back offers.,-0.5794105022767959,0.5854415602866069
15922.0,373,1,369.5,138,35,369.5,0,0,2,At Risk,Provide special discounts and win-back offers.,-0.9001989594194129,1.9290409749858335
15923.0,373,1,127.08,122,35,127.08,0,0,2,At Risk,Provide special discounts and win-back offers.,-0.958488684164441,1.8502362654402926
15925.0,194,1,207.15,93,35,207.15,0,0,2,At Risk,Provide special discounts and win-back offers.,-0.6520554100404837,0.6823257381682657
15930.0,67,1,426.63,139,35,426.63,2,0,0,Occasional Customer,Send personalized emails and re-engagement campaigns.,-0.38903716498091934,-0.09237104392910636
15932.0,4,8,2495.87,2325,35,311.98375,2,0,0,Occasional Customer,Send personalized emails and re-engagement campaigns.,0.48378441442651715,-0.8633303303314295
15933.0,21,3,1107.46,885,35,369.15333333333336,2,0,0,Occasional Customer,Send personalized emails and re-engagement campaigns.,-0.07832320366710646,-0.5038569062824407
15935.0,239,2,416.86,115,35,208.43,0,0,2,At Risk,Provide special discounts and win-back offers.,-0.6515660888407406,0.9313686103317698
15937.0,64,1,145.35,73,35,145.35,2,0,0,Occasional Customer,Send personalized emails and re-engagement campaigns.,-0.4573046984274629,-0.20470144837676876
15938.0,112,5,404.58,240,35,80.916,2,0,0,Occasional Customer,Send personalized emails and re-engagement campaigns.,-0.2807877157980664,-0.11473448182323853
15939.0,90,15,6115.01,4728,35,407.6673333333334,2,0,0,Occasional Customer,Send personalized emails and re-engagement campaigns.,1.2754774398622175,-0.5551340931252033
15940.0,311,1,35.8,4,35,35.8,0,0,2,At Risk,Provide special discounts and win-back offers.,-0.8926021146571771,1.4051337319604493
15942.0,134,1,337.44,232,35,337.44,0,0,0,At Risk,Provide special discounts and win-back offers.,-0.5079721702516556,0.32715072801744743
15944.0,277,1,325.1,50,35,325.1,0,0,2,At Risk,Provide special discounts and win-back offers.,-0.7646073941047686,1.2730259841474436
15945.0,365,1,181.0,52,35,181.0,0,0,2,At Risk,Provide special discounts and win-back offers.,-0.9410610641777352,1.81304651121419
15947.0,83,1,1708.24,898,35,1708.24,0,0,0,At Risk,Provide special discounts and win-back offers.,-0.02850787740702702,0.4436213164611715
15948.0,8,2,955.24,567,35,477.62,2,0,0,Occasional Customer,Send personalized emails and re-engagement campaigns.,-0.14312070020500986,-0.5101452168165036
15949.0,17,2,364.72,284,35,182.36,2,0,0,Occasional Customer,Send personalized emails and re-engagement campaigns.,-0.27857385588022376,-0.5541046823242738
15950.0,32,4,1765.51,729,35,441.3775,2,0,0,Occasional Customer,Send personalized emails and re-engagement campaigns.,-0.0021792146255228866,-0.458006732022463
15951.0,9,2,708.22,313,35,354.11,2,0,0,Occasional Customer,Send personalized emails and re-engagement campaigns.,-0.21104890718728106,-0.5495209634049181
15952.0,34,4,806.57,399,35,201.6425,2,0,0,Occasional Customer,Send personalized emails and re-engagement campaigns.,-0.1463351491893089,-0.535857735132969
15953.0,15,8,1659.38,892,35,207.4225,2,0,0,Occasional Customer,Send personalized emails and re-engagement campaigns.,0.22741574666437328,-0.8583263584783988
15955.0,24,14,4416.26,2135,35,315.44714285714286,2,0,0,Occasional Customer,Send personalized emails and re-engagement campaigns.,0.8982696922296721,-1.0363251416748993
15957.0,32,1,428.89,211,35,428.89,2,0,0,Occasional Customer,Send personalized emails and re-engagement campaigns.,-0.3232100345530979,-0.32360777624802206
15958.0,74,1,104.35,33,35,104.35,2,0,0,Occasional Customer,Send personalized emails and re-engagement campaigns.,-0.4877643742397635,-0.1520679353392469
15963.0,20,2,470.76,298,35,235.38,2,0,0,Occasional Customer,Send personalized emails and re-engagement campaigns.,-0.2660389170767213,-0.5161315291994443
15965.0,17,4,845.64,453,35,211.41,2,0,0,Occasional Customer,Send personalized emails and re-engagement campaigns.,-0.10822769961599923,-0.644707873997417
15967.0,23,2,418.83,211,35,209.415,2,0,0,Occasional Customer,Send personalized emails and re-engagement campaigns.,-0.28876303474998777,-0.5064447271681412
15969.0,3,3,666.1,124,35,222.03333333333333,2,0,0,Occasional Customer,Send personalized emails and re-engagement campaigns.,-0.19086982499803493,-0.6888357911258327
15970.0,304,1,314.1,116,35,314.1,0,0,2,At Risk,Provide special discounts and win-back offers.,-0.8034150219317583,1.4507015978886542
15971.0,18,12,4199.85,1717,35,349.9875,2,0,0,Occasional Customer,Send personalized emails and re-engagement campaigns.,0.7365993133559819,-0.9677725869562784
15973.0,367,1,307.82000000000005,106,35,307.82000000000005,0,0,2,At Risk,Provide special discounts and win-back offers.,-0.9085165740303816,1.8684653458169034
15974.0,39,7,3442.15,2262,35,491.7357142857143,2,0,0,Occasional Customer,Send personalized emails and re-engagement campaigns.,0.45389903605200604,-0.5112685766427149
15975.0,84,1,371.01,243,35,371.01,2,0,0,Occasional Customer,Send personalized emails and re-engagement campaigns.,-0.4175479971392432,0.004906931340001458
15976.0,165,2,430.94,277,35,215.47,0,0,2,At Risk,Provide special discounts and win-back offers.,-0.5102689222044938,0.443456414998915
15977.0,17,2,1054.73,1016,35,527.365,2,0,0,Occasional Customer,Send personalized emails and re-engagement campaigns.,-0.09075671239008772,-0.425069465346464
15978.0,77,1,1098.78,888,35,1098.78,2,0,0,Occasional Customer,Send personalized emails and re-engagement campaigns.,-0.16177904502804627,0.20607199480848376
15980.0,89,3,2398.86,1560,35,799.62,2,0,0,Occasional Customer,Send personalized emails and re-engagement campaigns.,0.04568001460493304,0.11035638928011991
15981.0,25,8,3408.48,1866,35,426.06,2,0,0,Occasional Customer,Send personalized emails and re-engagement campaigns.,0.474720222933927,-0.6869040105349721
15983.0,22,4,1475.02,892,35,368.755,2,0,0,Occasional Customer,Send personalized emails and re-engagement campaigns.,0.001970570699806444,-0.5473375473587733
15984.0,3,10,2837.67,1843,35,283.767,2,0,0,Occasional Customer,Send personalized emails and re-engagement campaigns.,0.5614357988762151,-0.9922476334415361
15985.0,123,2,1142.42,1086,35,571.21,0,0,0,At Risk,Provide special discounts and win-back offers.,-0.2419866611776257,0.2975379278169719
15986.0,30,1,168.12,268,35,168.12,2,0,0,Occasional Customer,Send personalized emails and re-engagement campaigns.,-0.37403252841646173,-0.4203119389821041
15987.0,12,7,1451.28,1556,35,207.32571428571427,2,0,0,Occasional Customer,Send personalized emails and re-engagement campaigns.,0.23865133827591906,-0.8140629981833316
15988.0,19,1,158.03,181,35,158.03,2,0,0,Occasional Customer,Send personalized emails and re-engagement campaigns.,-0.36860118154453914,-0.49854983698644784
15990.0,44,2,792.11,443,35,396.055,2,0,0,Occasional Customer,Send personalized emails and re-engagement campaigns.,-0.24037995447714297,-0.2997348793566174
15992.0,4,1,41.99,17,35,41.99,2,0,0,Occasional Customer,Send personalized emails and re-engagement campaigns.,-0.3902765093281063,-0.6392145462986816
15993.0,9,7,2797.57,2051,35,399.6528571428572,2,0,0,Occasional Customer,Send personalized emails and re-engagement campaigns.,0.4208314304006209,-0.7506894003394766
15994.0,55,1,427.07,177,35,427.07,2,0,0,Occasional Customer,Send personalized emails and re-engagement campaigns.,-0.3649981708297413,-0.17150972960909303
15996.0,88,6,1060.68,384,35,176.78,2,0,0,Occasional Customer,Send personalized emails and re-engagement campaigns.,-0.10900036284824555,-0.2891616102574848
15998.0,37,5,3089.97,2041,35,617.9939999999999,2,0,0,Occasional Customer,Send personalized emails and re-engagement campaigns.,0.31518736912765033,-0.3849553849746836
16000.0,3,3,12393.7,5110,35,4131.233333333334,2,0,0,Occasional Customer,Send personalized emails and re-engagement campaigns.,1.8067651085575744,0.7507458515189964
16003.0,30,5,2735.37,1185,35,547.074,2,0,0,Occasional Customer,Send personalized emails and re-engagement campaigns.,0.1921290766778969,-0.47361015968258874
16005.0,12,4,615.39,300,35,153.8475,2,0,0,Occasional Customer,Send personalized emails and re-engagement campaigns.,-0.14250082705864367,-0.7013242806489335
16006.0,211,1,101.4,84,35,101.4,0,0,2,At Risk,Provide special discounts and win-back offers.,-0.7053703827226556,0.7612404884655738
16007.0,48,4,1701.94,1393,35,425.485,2,0,0,Occasional Customer,Send personalized emails and re-engagement campaigns.,0.04217967707352114,-0.3444625995818511
16008.0,24,3,478.78,323,35,159.59333333333333,2,0,0,Occasional Customer,Send personalized emails and re-engagement campaigns.,-0.2245475556810487,-0.56658318270122
16009.0,22,4,992.71,378,35,248.1775,2,0,0,Occasional Customer,Send personalized emails and re-engagement campaigns.,-0.10935188313319223,-0.5997582691553704
16010.0,246,3,407.5,210,35,135.83333333333334,0,0,2,At Risk,Provide special discounts and win-back offers.,-0.607412089698097,0.9030588263353353
16011.0,8,16,3362.71,2042,35,210.169375,2,0,0,Occasional Customer,Send personalized emails and re-engagement campaigns.,0.9419278105238462,-1.2963006734552995
16012.0,35,3,1415.29,799,35,471.7633333333333,2,0,0,Occasional Customer,Send personalized emails and re-engagement campaigns.,-0.07387059065411966,-0.37682723369451354
16013.0,4,47,37130.6,15536,35,790.0127659574467,2,-1,0,Occasional Customer,Send personalized emails and re-engagement campaigns.,6.584623024317032,-2.21351648391934
16014.0,38,3,662.38,265,35,220.7933333333333,2,0,0,Occasional Customer,Send personalized emails and re-engagement campaigns.,-0.2318617796261471,-0.45327989844403876
16015.0,4,3,705.39,909,35,235.13,2,0,0,Occasional Customer,Send personalized emails and re-engagement campaigns.,-0.0964979893406536,-0.662867373558633
16016.0,3,8,1508.76,620,35,188.595,2,0,0,Occasional Customer,Send personalized emails and re-engagement campaigns.,0.20237081838425997,-0.9508900362035486
16017.0,47,1,211.88,102,35,211.88,2,0,0,Occasional Customer,Send personalized emails and re-engagement campaigns.,-0.4107944755687493,-0.29593994760885495
16018.0,39,2,408.9,190,35,204.45,2,0,0,Occasional Customer,Send personalized emails and re-engagement campaigns.,-0.3187084399770157,-0.40183584212043505
16019.0,47,9,3786.24,1733,35,420.6933333333334,2,0,0,Occasional Customer,Send personalized emails and re-engagement campaigns.,0.5044106559574456,-0.5944820452027706
16020.0,17,3,851.01,487,35,283.67,2,0,0,Occasional Customer,Send personalized emails and re-engagement campaigns.,-0.14908902184164757,-0.5674481627858585
16022.0,260,1,628.28,261,35,628.28,0,0,2,At Risk,Provide special discounts and win-back offers.,-0.6418548955247418,1.2618520725496178
16023.0,46,3,719.81,358,35,239.93666666666664,2,0,0,Occasional Customer,Send personalized emails and re-engagement campaigns.,-0.22712027596827317,-0.3916062307741802
16024.0,12,1,251.24,398,35,251.24,2,0,0,Occasional Customer,Send personalized emails and re-engagement campaigns.,-0.31029376353809346,-0.5109411049064984
16025.0,30,1,439.66,338,35,439.66,2,0,0,Occasional Customer,Send personalized emails and re-engagement campaigns.,-0.30268741853920017,-0.3310595953422366
16026.0,43,1,236.09,243,35,236.09,2,0,0,Occasional Customer,Send personalized emails and re-engagement campaigns.,-0.38226273665183635,-0.31210851927099914
16027.0,92,6,934.62,1147,35,155.77,2,0,0,Occasional Customer,Send personalized emails and re-engagement campaigns.,-0.038534019574503454,-0.2559910875110021
16029.0,39,63,81024.84,40208,35,1286.1085714285714,3,-1,1,Frequent Buyer,Recommend complementary products and loyalty rewards.,13.247923324768173,-1.7746176096329773
16030.0,310,1,331.24,283,35,331.24,0,0,2,At Risk,Provide special discounts and win-back offers.,-0.7897730461462171,1.499397950089134
16031.0,92,2,548.94,423,35,274.47,2,0,0,Occasional Customer,Send personalized emails and re-engagement campaigns.,-0.3569863691898141,-0.020734948646035613
16033.0,6,20,8816.4,3539,35,440.82,2,0,0,Occasional Customer,Send personalized emails and re-engagement campaigns.,1.7414582425494938,-1.36909230572033
16034.0,196,3,437.7,242,35,145.9,0,0,2,At Risk,Provide special discounts and win-back offers.,-0.5187095390577001,0.5738049010695744
16036.0,87,2,758.92,716,35,379.46,2,0,0,Occasional Customer,Send personalized emails and re-engagement campaigns.,-0.2835329395431054,-0.013476125743706057
16037.0,270,3,855.02,428,35,285.00666666666666,0,0,2,At Risk,Provide special discounts and win-back offers.,-0.566998149536568,1.1185099495682338
16038.0,8,3,471.78,244,35,157.26000000000002,2,0,0,Occasional Customer,Send personalized emails and re-engagement campaigns.,-0.20855087155653448,-0.6755382444628139
16040.0,65,3,1313.55,684,35,437.85,2,0,0,Occasional Customer,Send personalized emails and re-engagement campaigns.,-0.14833890537200425,-0.190674798889849
16041.0,31,3,3166.4,1584,35,1055.4666666666667,2,0,0,Occasional Customer,Send personalized emails and re-engagement campaigns.,0.23562264917735914,-0.18777793828038228
16042.0,22,5,1197.27,755,35,239.454,2,0,0,Occasional Customer,Send personalized emails and re-engagement campaigns.,0.003587199458953039,-0.6472050534445983
16043.0,38,4,773.99,503,35,193.4975,2,0,0,Occasional Customer,Send personalized emails and re-engagement campaigns.,-0.14423671544730904,-0.5101186947495717
16045.0,120,4,1340.7,897,35,335.175,2,0,0,Occasional Customer,Send personalized emails and re-engagement campaigns.,-0.17122084619926126,0.09416689321819811
16048.0,373,2,256.44,144,35,128.22,0,0,2,At Risk,Provide special discounts and win-back offers.,-0.890046467108113,1.798426287732014
16049.0,40,3,1111.79,793,35,370.5966666666666,2,0,0,Occasional Customer,Send personalized emails and re-engagement campaigns.,-0.11939948050771095,-0.37843148464539295
16050.0,174,1,137.9,278,35,137.9,0,0,2,At Risk,Provide special discounts and win-back offers.,-0.6141385454747275,0.5300580287051025
16052.0,54,1,362.06,282,35,362.06,2,0,0,Occasional Customer,Send personalized emails and re-engagement campaigns.,-0.3662993096571779,-0.1972496458560222
16053.0,33,2,1511.95,1793,35,755.975,2,0,0,Occasional Customer,Send personalized emails and re-engagement campaigns.,0.041606921268839005,-0.2274019136855099
16054.0,145,1,783.9,380,35,783.9,0,0,2,At Risk,Provide special discounts and win-back offers.,-0.40473585738470536,0.5478484680644984
16055.0,221,1,134.8,22,35,134.8,0,0,2,At Risk,Provide special discounts and win-back offers.,-0.721068677349711,0.8375524434307293
16056.0,45,1,664.85,347,35,664.85,2,0,0,Occasional Customer,Send personalized emails and re-engagement campaigns.,-0.2736214835875196,-0.1579697839688883
16057.0,16,7,2263.12,863,35,323.30285714285714,2,0,0,Occasional Customer,Send personalized emails and re-engagement campaigns.,0.22381004695348286,-0.7558070823114232
16059.0,66,6,1459.86,643,35,243.31000000000003,2,0,0,Occasional Customer,Send personalized emails and re-engagement campaigns.,-0.006004146709002972,-0.4060069897044426
16062.0,10,4,1153.62,800,35,288.405,2,0,0,Occasional Customer,Send personalized emails and re-engagement campaigns.,-0.023572691535050226,-0.6575456121623928
16063.0,260,1,335.32,262,35,335.32,0,0,2,At Risk,Provide special discounts and win-back offers.,-0.7099331274576877,1.1670013069276675
16065.0,365,1,372.09,231,35,372.09,0,0,2,At Risk,Provide special discounts and win-back offers.,-0.875772844446259,1.8783008087353341
16066.0,17,5,1521.87,936,35,304.374,2,0,0,Occasional Customer,Send personalized emails and re-engagement campaigns.,0.06474729505325576,-0.653456055665684
16070.0,22,2,852.15,457,35,426.075,2,0,0,Occasional Customer,Send personalized emails and re-engagement campaigns.,-0.19402799225005285,-0.4361053506514689
16071.0,45,1,326.24,180,35,326.24,2,0,0,Occasional Customer,Send personalized emails and re-engagement campaigns.,-0.37185415911153286,-0.27076952339378835
16072.0,288,1,584.3199999999999,140,35,584.3199999999999,0,0,2,At Risk,Provide special discounts and win-back offers.,-0.71169818699713,1.4319965056032578
16073.0,297,1,122.4,48,35,122.4,0,0,2,At Risk,Provide special discounts and win-back offers.,-0.8445563362482924,1.340676538754603
16076.0,3,10,2234.73,1435,35,223.473,2,0,0,Occasional Customer,Send personalized emails and re-engagement campaigns.,0.46471030673922964,-1.0249931463945838
16078.0,284,1,79.2,16,35,79.2,0,0,2,At Risk,Provide special discounts and win-back offers.,-0.8371858553997718,1.2394202154702318
16079.0,17,3,1352.0,864,35,450.6666666666667,2,0,0,Occasional Customer,Send personalized emails and re-engagement campaigns.,-0.04468866266910599,-0.5028600778837609
16080.0,82,2,217.16,128,35,108.58,2,0,0,Occasional Customer,Send personalized emails and re-engagement campaigns.,-0.4244067629119596,-0.14837019824251954
16081.0,56,5,2806.9,1477,35,561.38,2,0,0,Occasional Customer,Send personalized emails and re-engagement campaigns.,0.190827567318043,-0.289563682873443
16083.0,101,2,1317.62,908,35,658.81,2,0,0,Occasional Customer,Send personalized emails and re-engagement campaigns.,-0.20080731970513618,0.17678222292879653
16084.0,299,1,436.18,216,35,436.18,0,0,2,At Risk,Provide special discounts and win-back offers.,-0.7552405331233217,1.4587872778390185
16085.0,23,5,981.51,636,35,196.302,2,0,0,Occasional Customer,Send personalized emails and re-engagement campaigns.,-0.033133940810323566,-0.6585146717874798
16086.0,59,5,1121.39,511,35,224.278,2,0,0,Occasional Customer,Send personalized emails and re-engagement campaigns.,-0.09243780903106012,-0.41067827798797174
16091.0,155,2,315.06,154,35,157.53,0,0,0,At Risk,Provide special discounts and win-back offers.,-0.5255525454028692,0.3551205842668145
16092.0,115,3,817.86,628,35,272.62,2,0,0,Occasional Customer,Send personalized emails and re-engagement campaigns.,-0.2961168860505989,0.08471681650873215
16093.0,107,1,17.0,20,35,17.0,2,0,0,Occasional Customer,Send personalized emails and re-engagement campaigns.,-0.563287184561335,0.039393004610423624
16094.0,12,4,1078.23,647,35,269.5575,2,0,0,Occasional Customer,Send personalized emails and re-engagement campaigns.,-0.05267230445163116,-0.6537758864546555
16096.0,264,1,320.62,155,35,320.62,0,0,2,At Risk,Provide special discounts and win-back offers.,-0.7322990266330145,1.1868902675122435
16097.0,240,1,185.05,87,35,185.05,0,0,2,At Risk,Provide special discounts and win-back offers.,-0.732721934650282,0.9817123388366727
16098.0,88,7,2005.63,613,35,286.5185714285714,2,0,0,Occasional Customer,Send personalized emails and re-engagement campaigns.,0.05472782056066337,-0.29469629481883974
16099.0,50,3,731.9,434,35,243.96666666666667,2,0,0,Occasional Customer,Send personalized emails and re-engagement campaigns.,-0.22333071969789686,-0.36212099053328234
16101.0,71,1,1290.7,757,35,1290.7,2,0,0,Occasional Customer,Send personalized emails and re-engagement campaigns.,-0.12257197025110904,0.22575425451003217
16102.0,42,3,1842.14,942,35,614.0466666666667,2,0,0,Occasional Customer,Send personalized emails and re-engagement campaigns.,-0.017021322725511535,-0.27849071848521134
16103.0,7,6,1429.64,558,35,238.2733333333333,2,0,0,Occasional Customer,Send personalized emails and re-engagement campaigns.,0.07727735071425246,-0.80281670249458
16104.0,62,1,302.36,123,35,302.36,2,0,0,Occasional Customer,Send personalized emails and re-engagement campaigns.,-0.41169111774748285,-0.1662472994633066
16105.0,249,1,336.96,330,35,336.96,0,0,2,At Risk,Provide special discounts and win-back offers.,-0.6837542540554068,1.095483031791915
16106.0,66,1,108.38,74,35,108.38,2,0,0,Occasional Customer,Send personalized emails and re-engagement campaigns.,-0.46904748862183515,-0.2033217604366987
16107.0,18,7,3204.1600000000003,1176,35,457.7371428571429,2,0,0,Occasional Customer,Send personalized emails and re-engagement campaigns.,0.34065169712120347,-0.6848194443252198
16108.0,85,1,842.5,615,35,842.5,2,0,0,Occasional Customer,Send personalized emails and re-engagement campaigns.,-0.2661814848102245,0.17126717982155026
16109.0,219,2,611.88,612,35,305.94,0,0,2,At Risk,Provide special discounts and win-back offers.,-0.5322278152968841,0.8399768151135677
16110.0,45,3,1337.48,733,35,445.82666666666665,2,0,0,Occasional Customer,Send personalized emails and re-engagement campaigns.,-0.10721716528685121,-0.32033449388648993
16112.0,143,4,195.74,574,35,48.935,2,0,0,Occasional Customer,Send personalized emails and re-engagement campaigns.,-0.36861417800953145,0.13996119756024747
16113.0,183,1,161.38,176,35,161.38,0,0,2,At Risk,Provide special discounts and win-back offers.,-0.6351689285549693,0.595737307477111
16114.0,171,1,135.75000000000003,43,35,135.75000000000003,0,0,2,At Risk,Provide special discounts and win-back offers.,-0.6370753132937755,0.5049337273542637
16115.0,10,8,1667.97,1001,35,208.49625,2,0,0,Occasional Customer,Send personalized emails and re-engagement campaigns.,0.24895732270825432,-0.8891800600721155
16116.0,212,1,612.78,248,35,612.78,0,0,2,At Risk,Provide special discounts and win-back offers.,-0.5688960947046046,0.9365984630901759
16117.0,190,1,232.21,130,35,232.21,0,0,2,At Risk,Provide special discounts and win-back offers.,-0.635414667982664,0.6644724713171194
16119.0,8,2,423.36,240,35,211.68,2,0,0,Occasional Customer,Send personalized emails and re-engagement campaigns.,-0.26031830521867877,-0.6051382709237313
16120.0,59,4,1309.14,878,35,327.285,2,0,0,Occasional Customer,Send personalized emails and re-engagement campaigns.,-0.07758017015486433,-0.3156404612566253
16121.0,57,2,867.11,586,35,433.555,2,0,0,Occasional Customer,Send personalized emails and re-engagement campaigns.,-0.2337377263025009,-0.19785027159729704
16122.0,73,4,684.4200000000001,1128,35,171.10500000000002,2,0,0,Occasional Customer,Send personalized emails and re-engagement campaigns.,-0.13809730184699906,-0.27295081432689466
16123.0,52,1,307.78,170,35,307.78,2,0,0,Occasional Customer,Send personalized emails and re-engagement campaigns.,-0.3886999891823991,-0.230270809554282
16124.0,317,1,249.0,48,35,249.0,0,0,2,At Risk,Provide special discounts and win-back offers.,-0.8476191982180394,1.5150024247102303
16125.0,367,1,289.35,124,35,289.35,0,0,2,At Risk,Provide special discounts and win-back offers.,-0.9107236705634376,1.8628234045280607
16126.0,29,4,6287.77,2125,35,1571.9425,2,0,0,Occasional Customer,Send personalized emails and re-engagement campaigns.,0.648556132269561,-0.05101238409167082
16127.0,39,1,656.25,323,35,656.25,2,0,0,Occasional Customer,Send personalized emails and re-engagement campaigns.,-0.26865336098213644,-0.2012056833605877
16128.0,18,5,1880.22,988,35,376.044,2,0,0,Occasional Customer,Send personalized emails and re-engagement campaigns.,0.10447870722971553,-0.6196784161214344
16131.0,52,6,3506.54,1802,35,584.4233333333333,2,0,0,Occasional Customer,Send personalized emails and re-engagement campaigns.,0.34173261463174187,-0.3496463982093594
16133.0,4,33,14589.04,8887,35,442.0921212121213,2,1,0,Occasional Customer,Send personalized emails and re-engagement campaigns.,3.4864478969728876,-1.9231065005090924
16134.0,22,2,618.09,371,35,309.045,2,0,0,Occasional Customer,Send personalized emails and re-engagement campaigns.,-0.23887190754714055,-0.47681698391689353
16135.0,263,1,517.55,209,35,517.55,0,0,2,At Risk,Provide special discounts and win-back offers.,-0.6785546396808191,1.2450135861246305
16136.0,60,3,709.38,440,35,236.46,2,0,0,Occasional Customer,Send personalized emails and re-engagement campaigns.,-0.24162257958027047,-0.29792742317207543
16139.0,19,3,635.41,330,35,211.8033333333333,2,0,0,Occasional Customer,Send personalized emails and re-engagement campaigns.,-0.19666151900921883,-0.5818118522719159
16140.0,66,2,725.18,730,35,362.59,2,0,0,Occasional Customer,Send personalized emails and re-engagement campaigns.,-0.25276977102725173,-0.15884257021999515
16141.0,88,1,620.4,238,35,620.4,2,0,0,Occasional Customer,Send personalized emails and re-engagement campaigns.,-0.36658332965423895,0.11223875462537324
16142.0,250,1,535.34,422,35,535.34,0,0,2,At Risk,Provide special discounts and win-back offers.,-0.6285085054946807,1.1681249265950127
16143.0,3,6,2424.94,919,35,404.1566666666667,2,0,0,Occasional Customer,Send personalized emails and re-engagement campaigns.,0.2182612598807546,-0.7605064195773229
16144.0,247,1,175.2,16,35,175.2,0,0,2,At Risk,Provide special discounts and win-back offers.,-0.7546541311679478,1.023849652883808
16145.0,9,11,3799.49,3123,35,345.40818181818184,2,0,0,Occasional Customer,Send personalized emails and re-engagement campaigns.,0.8305974879518604,-0.9528900467257896
16146.0,157,3,734.13,427,35,244.71,0,0,0,At Risk,Provide special discounts and win-back offers.,-0.3979235289326527,0.35131228506185236
16147.0,134,1,375.0,246,35,375.0,0,0,0,At Risk,Provide special discounts and win-back offers.,-0.49760170439120993,0.339577670495233
16148.0,296,1,76.32000000000001,72,35,76.32000000000001,0,0,2,At Risk,Provide special discounts and win-back offers.,-0.8508663589383636,1.3195402477051064
16149.0,5,2,280.52,308,35,140.26,2,0,0,Occasional Customer,Send personalized emails and re-engagement campaigns.,-0.26880050844555853,-0.6477121308783611
16150.0,43,5,2053.02,1047,35,410.604,2,0,0,Occasional Customer,Send personalized emails and re-engagement campaigns.,0.08769978532287896,-0.4393047231221634
16152.0,269,1,1829.04,642,35,1829.04,0,0,2,At Risk,Provide special discounts and win-back offers.,-0.3326976409713682,1.7178739070669142
16153.0,50,5,1824.23,1073,35,364.846,2,0,0,Occasional Customer,Send personalized emails and re-engagement campaigns.,0.05678951603264268,-0.4088332224983464
16156.0,9,9,3122.04,1308,35,346.8933333333333,2,0,0,Occasional Customer,Send personalized emails and re-engagement campaigns.,0.4612735401175779,-0.8857331816607996
16157.0,16,3,656.69,347,35,218.89666666666668,2,0,0,Occasional Customer,Send personalized emails and re-engagement campaigns.,-0.18723246780938263,-0.5990491493959762
16159.0,282,1,348.2,236,35,348.2,0,0,2,At Risk,Provide special discounts and win-back offers.,-0.7457428995101273,1.317343996574197
16160.0,65,2,1025.44,1162,35,512.72,2,0,0,Occasional Customer,Send personalized emails and re-engagement campaigns.,-0.15622453265138883,-0.10722055480133119
16161.0,2,19,5575.56,2599,35,293.4505263157895,2,0,0,Occasional Customer,Send personalized emails and re-engagement campaigns.,1.3460736875196837,-1.4388279965532422
16162.0,252,1,37.4,4,35,37.4,0,0,2,At Risk,Provide special discounts and win-back offers.,-0.7962588475058731,1.0123317659706392
16163.0,232,2,856.6,192,35,428.3,0,0,2,At Risk,Provide special discounts and win-back offers.,-0.5657598717874828,0.9595966304814175
16164.0,17,3,822.48,433,35,274.16,2,0,0,Occasional Customer,Send personalized emails and re-engagement campaigns.,-0.15881569312394303,-0.5717393432971122
16168.0,11,27,3787.6,1892,35,140.28148148148148,2,0,0,Occasional Customer,Send personalized emails and re-engagement campaigns.,1.565654519223932,-1.889624815407162
16169.0,8,4,1822.97,1325,35,455.7425,2,0,0,Occasional Customer,Send personalized emails and re-engagement campaigns.,0.11228267671832662,-0.6016781966881528
16170.0,51,6,1885.05,1770,35,314.175,2,0,0,Occasional Customer,Send personalized emails and re-engagement campaigns.,0.18891884800232933,-0.458204464201933
16171.0,59,1,73.2,24,35,73.2,2,0,0,Occasional Customer,Send personalized emails and re-engagement campaigns.,-0.471662179948795,-0.26232152545713383
16172.0,95,5,1140.21,787,35,228.042,2,0,0,Occasional Customer,Send personalized emails and re-engagement campaigns.,-0.11705969182041752,-0.16411257227979992
16173.0,16,6,1418.32,575,35,236.38666666666663,2,0,0,Occasional Customer,Send personalized emails and re-engagement campaigns.,0.06356158020729451,-0.7432054640910828
16174.0,126,3,1009.55,651,35,336.5166666666667,2,0,0,Occasional Customer,Send personalized emails and re-engagement campaigns.,-0.2881576581184739,0.18047551597560552
16175.0,94,4,1037.59,533,35,259.3975,2,0,0,Occasional Customer,Send personalized emails and re-engagement campaigns.,-0.20365255024760795,-0.11287684559295126
16177.0,50,1,331.95,95,35,331.95,2,0,0,Occasional Customer,Send personalized emails and re-engagement campaigns.,-0.38853843705734953,-0.23719011892863773
16178.0,138,1,197.9,94,35,197.9,0,0,0,At Risk,Provide special discounts and win-back offers.,-0.5630014111763082,0.3060283754153053
16179.0,61,1,215.83,99,35,215.83,2,0,0,Occasional Customer,Send personalized emails and re-engagement campaigns.,-0.4329964595647029,-0.20138715885019232
16180.0,100,8,10254.18,5867,35,1281.7725,2,0,0,Occasional Customer,Send personalized emails and re-engagement campaigns.,1.4062570980843578,0.22664536521895995
16181.0,73,1,305.54,152,35,305.54,2,0,0,Occasional Customer,Send personalized emails and re-engagement campaigns.,-0.4254728194700028,-0.09134012562122959
16182.0,72,4,6617.65,3791,35,1654.4125,2,0,0,Occasional Customer,Send personalized emails and re-engagement campaigns.,0.8075410627291852,0.29626986059050053
16183.0,67,1,338.71000000000004,113,35,338.71000000000004,2,0,0,Occasional Customer,Send personalized emails and re-engagement campaigns.,-0.41252516955787455,-0.12133227786754916
16184.0,64,6,1158.79,561,35,193.13166666666663,2,0,0,Occasional Customer,Send personalized emails and re-engagement campaigns.,-0.040267557109449806,-0.4396919648544539
16185.0,17,2,529.41,260,35,264.705,2,0,0,Occasional Customer,Send personalized emails and re-engagement campaigns.,-0.25684418823911326,-0.5270517197006993
16186.0,23,12,4006.94,3020,35,333.9116666666667,2,0,0,Occasional Customer,Send personalized emails and re-engagement campaigns.,0.8646916317714033,-0.9168928338734944
16187.0,32,15,6911.4400000000005,5048,35,460.7626666666667,2,0,0,Occasional Customer,Send personalized emails and re-engagement campaigns.,1.4676845491140562,-0.9109861154073521
16188.0,45,4,981.86,782,35,245.465,2,0,0,Occasional Customer,Send personalized emails and re-engagement campaigns.,-0.10096391532164319,-0.4397777781472451
16189.0,16,2,215.48,134,35,107.74,2,0,0,Occasional Customer,Send personalized emails and re-engagement campaigns.,-0.31660225870087766,-0.5885228969763008
16190.0,40,1,215.08,88,35,215.08,2,0,0,Occasional Customer,Send personalized emails and re-engagement campaigns.,-0.40029056520529505,-0.34183262331993475
16191.0,3,13,5180.52,3351,35,398.5015384615385,2,0,0,Occasional Customer,Send personalized emails and re-engagement campaigns.,1.080091114267684,-1.0656639392950613
16193.0,237,1,314.45,219,35,314.45,0,0,2,At Risk,Provide special discounts and win-back offers.,-0.6823771149140585,1.006104410440895
16198.0,75,1,400.681,129,35,400.681,2,0,0,Occasional Customer,Send personalized emails and re-engagement campaigns.,-0.40925288922223846,-0.0476310602276527
16200.0,4,2,1080.62,523,35,540.3100000000001,2,0,0,Occasional Customer,Send personalized emails and re-engagement campaigns.,-0.1230618743596108,-0.5167001915671193
16201.0,3,4,1863.47,1286,35,465.8675,2,0,0,Occasional Customer,Send personalized emails and re-engagement campaigns.,0.12021332472127952,-0.6321569750033388
16202.0,361,1,365.27,191,35,365.27,0,0,2,At Risk,Provide special discounts and win-back offers.,-0.8755034505480664,1.8486726825880984
16203.0,59,4,592.9,262,35,148.225,2,0,0,Occasional Customer,Send personalized emails and re-engagement campaigns.,-0.2257742013538836,-0.3907103064397836
16204.0,23,1,405.71,231,35,405.71,2,0,0,Occasional Customer,Send personalized emails and re-engagement campaigns.,-0.3116414175579612,-0.3907352522288335
16205.0,31,4,761.38,517,35,190.345,2,0,0,Occasional Customer,Send personalized emails and re-engagement campaigns.,-0.13257144495114392,-0.5576372330736018
16206.0,55,4,537.0600000000001,272,35,134.265,2,0,0,Occasional Customer,Send personalized emails and re-engagement campaigns.,-0.2240765396034751,-0.4221352014970013
16207.0,25,1,394.38,140,35,394.38,2,0,0,Occasional Customer,Send personalized emails and re-engagement campaigns.,-0.328109784348507,-0.38278633380510124
16208.0,45,2,664.26,333,35,332.13,2,0,0,Occasional Customer,Send personalized emails and re-engagement campaigns.,-0.27382745536189956,-0.31649398823966945
16209.0,89,5,2262.62,1179,35,452.524,2,0,0,Occasional Customer,Send personalized emails and re-engagement campaigns.,0.048873661676641034,-0.11487651547370567
16210.0,2,18,21086.3,7559,35,1171.461111111111,2,0,0,Occasional Customer,Send personalized emails and re-engagement campaigns.,3.0206492879929416,-0.8579686004155874
16211.0,89,1,547.02,154,35,547.02,2,0,0,Occasional Customer,Send personalized emails and re-engagement campaigns.,-0.3950552376938386,0.09355941975144207
16212.0,19,2,690.34,244,35,345.17,2,0,0,Occasional Customer,Send personalized emails and re-engagement campaigns.,-0.23799765366399347,-0.487143073272472
16213.0,79,1,159.0,48,35,159.0,2,0,0,Occasional Customer,Send personalized emails and re-engagement campaigns.,-0.48143262399088127,-0.10075565909551239
16214.0,171,3,1062.75,420,35,354.25,0,0,2,At Risk,Provide special discounts and win-back offers.,-0.38177416747215515,0.4822161979576573
16215.0,81,1,242.35,104,35,242.35,2,0,0,Occasional Customer,Send personalized emails and re-engagement campaigns.,-0.45877448996011533,-0.059376078783364934
16216.0,267,1,914.93,254,35,914.93,0,0,2,At Risk,Provide special discounts and win-back offers.,-0.5873292920293456,1.401211484803905
16217.0,235,2,304.25,91,35,152.125,0,0,2,At Risk,Provide special discounts and win-back offers.,-0.6646149495151549,0.8854432870491239
16218.0,30,7,3084.68,2088,35,440.6685714285714,2,0,0,Occasional Customer,Send personalized emails and re-engagement campaigns.,0.41651360896269046,-0.5942061215286437
16221.0,37,3,864.86,717,35,288.2866666666667,2,0,0,Occasional Customer,Send personalized emails and re-engagement campaigns.,-0.15321182902117103,-0.428195668140367
16222.0,318,1,846.72,365,35,846.72,0,0,2,At Risk,Provide special discounts and win-back offers.,-0.6732623389083503,1.7212033825025201
16224.0,57,4,1295.3,1116,35,323.825,2,0,0,Occasional Customer,Send personalized emails and re-engagement campaigns.,-0.04814201018898352,-0.3257143349551201
16225.0,45,5,1096.32,493,35,219.264,2,0,0,Occasional Customer,Send personalized emails and re-engagement campaigns.,-0.07422789720862905,-0.5061758208310374
16226.0,203,3,255.12,192,35,85.04,0,0,2,At Risk,Provide special discounts and win-back offers.,-0.5579849000053901,0.5985786048177418
16227.0,225,1,314.22,90,35,314.22,0,0,2,At Risk,Provide special discounts and win-back offers.,-0.6779059972956505,0.923601527549318
16229.0,87,2,1010.6,318,35,505.3,2,0,0,Occasional Customer,Send personalized emails and re-engagement campaigns.,-0.2923254041963318,0.021056950589510594
16230.0,190,2,542.03,365,35,271.015,0,0,2,At Risk,Provide special discounts and win-back offers.,-0.5241661719965378,0.6303292921421786
16232.0,44,4,990.88,550,35,247.72,2,0,0,Occasional Customer,Send personalized emails and re-engagement campaigns.,-0.12534019332023777,-0.4500172229266754
16233.0,71,3,536.6800000000001,174,35,178.89333333333337,2,0,0,Occasional Customer,Send personalized emails and re-engagement campaigns.,-0.31131740367575567,-0.24942499463842138
16235.0,41,5,867.31,330,35,173.462,2,0,0,Occasional Customer,Send personalized emails and re-engagement campaigns.,-0.10923615506096471,-0.5526130636164368
16236.0,78,1,432.2,184,35,432.2,2,0,0,Occasional Customer,Send personalized emails and re-engagement campaigns.,-0.40040270443064924,-0.01638838228931545
16239.0,57,2,414.2,228,35,207.1,2,0,0,Occasional Customer,Send personalized emails and re-engagement campaigns.,-0.34278151611134544,-0.28023857908982014
16240.0,24,2,3718.8,1641,35,1859.4,2,0,0,Occasional Customer,Send personalized emails and re-engagement campaigns.,0.3671388174079505,0.07830670181801207
16241.0,10,13,2607.87,1453,35,200.6053846153846,2,0,0,Occasional Customer,Send personalized emails and re-engagement campaigns.,0.6476893997455531,-1.1430596582265693
16242.0,8,7,3603.21,1982,35,514.7442857142858,2,0,0,Occasional Customer,Send personalized emails and re-engagement campaigns.,0.4861048723158871,-0.7143469777810727
16243.0,34,2,409.1,110,35,204.55,2,0,0,Occasional Customer,Send personalized emails and re-engagement campaigns.,-0.31984466420297947,-0.43664230639660645
16244.0,212,2,1522.75,855,35,761.375,0,0,2,At Risk,Provide special discounts and win-back offers.,-0.3569830664236424,0.9500177347401356
16245.0,24,3,1413.66,1014,35,471.22,2,0,0,Occasional Customer,Send personalized emails and re-engagement campaigns.,-0.03118343171036875,-0.4462933007916613
16247.0,170,1,114.56,182,35,114.56,0,0,2,At Risk,Provide special discounts and win-back offers.,-0.6242240193353294,0.49402485119073775
16248.0,62,1,152.94,78,35,152.94,2,0,0,Occasional Customer,Send personalized emails and re-engagement campaigns.,-0.4517034745349004,-0.21548222513453114
16249.0,53,5,1800.07,950,35,360.014,2,0,0,Occasional Customer,Send personalized emails and re-engagement campaigns.,0.035231397045329016,-0.39291368554884326
16250.0,261,2,389.44,208,35,194.72,0,0,2,At Risk,Provide special discounts and win-back offers.,-0.6806239400838331,1.075203512391968
16253.0,67,2,3683.86,3233,35,1841.93,2,0,0,Occasional Customer,Send personalized emails and re-engagement campaigns.,0.4770445506067921,0.38913064917682105
16255.0,17,8,2619.91,1767,35,327.48875,2,0,0,Occasional Customer,Send personalized emails and re-engagement campaigns.,0.40843949908229055,-0.7810551347139773
16256.0,267,1,752.4300000000001,581,35,752.4300000000001,0,0,2,At Risk,Provide special discounts and win-back offers.,-0.5871454634418466,1.3547514427474319
16257.0,177,1,46.95,2,35,46.95,0,0,2,At Risk,Provide special discounts and win-back offers.,-0.6722714919751261,0.515403490372689
16258.0,45,5,5203.51,2994,35,1040.702,2,0,0,Occasional Customer,Send personalized emails and re-engagement campaigns.,0.6212289972865754,-0.15954256553319363
16260.0,51,1,1035.45,311,35,1035.45,2,0,0,Occasional Customer,Send personalized emails and re-engagement campaigns.,-0.2012985235997237,0.0013622967847598778
16261.0,17,4,746.83,306,35,186.7075,2,0,0,Occasional Customer,Send personalized emails and re-engagement campaigns.,-0.1358810371961094,-0.6562330373360185
16265.0,9,9,5447.0,2646,35,605.2222222222222,2,0,0,Occasional Customer,Send personalized emails and re-engagement campaigns.,0.8112384649847344,-0.7557967504652553
16266.0,74,7,861.89,398,35,123.12714285714286,2,0,0,Occasional Customer,Send personalized emails and re-engagement campaigns.,-0.049234498550973185,-0.45498261563639975
16268.0,71,2,667.65,533,35,333.825,2,0,0,Occasional Customer,Send personalized emails and re-engagement campaigns.,-0.2923671688368741,-0.13883117849286664
16270.0,353,1,1141.24,688,35,1141.24,0,0,2,At Risk,Provide special discounts and win-back offers.,-0.6240913773633735,2.055990809226242
16271.0,3,5,1429.24,1038,35,285.848,2,0,0,Occasional Customer,Send personalized emails and re-engagement campaigns.,0.0902481873244509,-0.7516186548687863
16272.0,117,1,411.7,224,35,411.7,0,0,0,At Risk,Provide special discounts and win-back offers.,-0.46396342158015635,0.23771815403162633
16274.0,373,1,357.95,155,35,357.95,0,0,2,At Risk,Provide special discounts and win-back offers.,-0.9009114752696123,1.9256211004531811
16275.0,197,1,559.87,336,35,559.87,0,0,2,At Risk,Provide special discounts and win-back offers.,-0.5465839523747205,0.8211263362994645
16276.0,177,1,810.6000000000001,420,35,810.6000000000001,0,0,2,At Risk,Provide special discounts and win-back offers.,-0.4459231117697916,0.770574744584867
16278.0,100,1,566.38,114,35,566.38,2,0,0,Occasional Customer,Send personalized emails and re-engagement campaigns.,-0.4130910929735179,0.1724058310572287
16279.0,21,3,1509.58,1054,35,503.1933333333333,2,0,0,Occasional Customer,Send personalized emails and re-engagement campaigns.,-0.010055631957699904,-0.45453300303707095
16281.0,72,1,2062.06,934,35,2062.06,0,0,0,At Risk,Provide special discounts and win-back offers.,0.07593089683854178,0.48554687885795195
16282.0,340,1,168.3,114,35,168.3,0,0,2,At Risk,Provide special discounts and win-back offers.,-0.8961449152455383,1.6434412291261302
16283.0,6,5,1570.81,1236,35,314.162,2,0,0,Occasional Customer,Send personalized emails and re-engagement campaigns.,0.12233465841938432,-0.7175644628378591
16284.0,31,2,823.97,544,35,411.985,2,0,0,Occasional Customer,Send personalized emails and re-engagement campaigns.,-0.20275031442923827,-0.3791742020701831
16287.0,170,1,142.5,298,35,142.5,0,0,2,At Risk,Provide special discounts and win-back offers.,-0.6042364925608189,0.5052587971658954
16292.0,122,1,302.25,191,35,302.25,0,0,0,At Risk,Provide special discounts and win-back offers.,-0.5014099175912489,0.2349851243671729
16293.0,22,10,2248.99,982,35,224.89900000000003,2,0,0,Occasional Customer,Send personalized emails and re-engagement campaigns.,0.38231415688428294,-0.9062752351864202
16295.0,10,4,1328.55,841,35,332.1375,2,0,0,Occasional Customer,Send personalized emails and re-engagement campaigns.,-0.00010083220346422585,-0.6412736435938972
16297.0,269,1,301.9,206,35,301.9,0,0,2,At Risk,Provide special discounts and win-back offers.,-0.7388615506103641,1.215121487707171
16298.0,23,3,598.2,198,35,199.4,2,0,0,Occasional Customer,Send personalized emails and re-engagement campaigns.,-0.2230108903242541,-0.5619031648247022
16302.0,127,1,233.22,158,35,233.22,0,0,0,At Risk,Provide special discounts and win-back offers.,-0.5294475505638551,0.24534135497454868
16303.0,26,3,5360.63,2659,35,1786.8766666666668,2,0,0,Occasional Customer,Send personalized emails and re-engagement campaigns.,0.6340326062371661,0.05091345933901899
16305.0,139,1,361.22,256,35,361.22,0,0,0,At Risk,Provide special discounts and win-back offers.,-0.5077801076022467,0.36863594390916476
16306.0,214,6,632.27,487,35,105.37833333333332,0,0,2,At Risk,Provide special discounts and win-back offers.,-0.34180395108707046,0.525990017408888
16308.0,38,4,2560.0,8000,35,640.0,2,0,0,Occasional Customer,Send personalized emails and re-engagement campaigns.,0.9181933510931772,-0.2105869926150016
16309.0,106,2,706.57,467,35,353.285,2,0,0,Occasional Customer,Send personalized emails and re-engagement campaigns.,-0.35117629428955044,0.09975060619924477
16311.0,18,2,616.26,394,35,308.13,2,0,0,Occasional Customer,Send personalized emails and re-engagement campaigns.,-0.22996436805066675,-0.5033549348140585
16313.0,3,2,274.15000000000003,165,35,137.07500000000002,2,0,0,Occasional Customer,Send personalized emails and re-engagement campaigns.,-0.2831178188827804,-0.6648038176675827
16315.0,331,1,226.37,75,35,226.37,0,0,2,At Risk,Provide special discounts and win-back offers.,-0.8725212353759202,1.601513148794249
16316.0,64,8,2938.91,1484,35,367.36375,2,0,0,Occasional Customer,Send personalized emails and re-engagement campaigns.,0.3265139971947736,-0.45730768167058305
16317.0,120,3,1341.65,890,35,447.2166666666667,2,0,0,Occasional Customer,Send personalized emails and re-engagement campaigns.,-0.2104602248055651,0.18308591542242805
16318.0,35,1,328.15,199,35,328.15,2,0,0,Occasional Customer,Send personalized emails and re-engagement campaigns.,-0.3529347717135056,-0.33645736059605746
16319.0,218,1,404.4,72,35,404.4,0,0,2,At Risk,Provide special discounts and win-back offers.,-0.6476200636024959,0.9058003136705054
16320.0,172,2,1038.46,732,36,519.23,0,0,2,At Risk,Provide special discounts and win-back offers.,-0.3873551792852847,0.5644256644612778
16321.0,72,5,373.65,135,0,74.73,0,0,0,At Risk,Provide special discounts and win-back offers.,0.08533785755711142,0.8650622222141874
16322.0,1,2,326.75,231,35,163.375,2,0,0,Occasional Customer,Send personalized emails and re-engagement campaigns.,-0.26436159361667105,-0.6681080386311186
16323.0,196,1,207.50000000000003,50,35,207.50000000000003,0,0,2,At Risk,Provide special discounts and win-back offers.,-0.6602254638794682,0.6949615990506013
16324.0,128,3,428.68,282,35,142.89333333333337,2,0,0,Occasional Customer,Send personalized emails and re-engagement campaigns.,-0.4045402101187757,0.12020570308261179
16325.0,47,3,594.24,194,35,198.08,2,0,0,Occasional Customer,Send personalized emails and re-engagement campaigns.,-0.2629936570082025,-0.4024383000177121
16326.0,6,14,3110.96,709,35,222.21142857142857,2,0,0,Occasional Customer,Send personalized emails and re-engagement campaigns.,0.6613205963433423,-1.225742710495913
16327.0,14,6,3844.22,2571,35,640.7033333333333,2,0,0,Occasional Customer,Send personalized emails and re-engagement campaigns.,0.5243201667469316,-0.5673852330857887
16330.0,18,3,251.91,147,35,83.97,2,0,0,Occasional Customer,Send personalized emails and re-engagement campaigns.,-0.26267833670551965,-0.6359295910571926
16332.0,28,7,1593.2,801,35,227.6,2,0,0,Occasional Customer,Send personalized emails and re-engagement campaigns.,0.13748967134964413,-0.7138229904338744
16333.0,8,22,26626.8,32184,35,1210.3090909090909,2,-1,0,Occasional Customer,Send personalized emails and re-engagement campaigns.,6.4690015423924985,-0.5008372680880756
16337.0,37,1,151.05,87,35,151.05,2,0,0,Occasional Customer,Send personalized emails and re-engagement campaigns.,-0.41043166961291766,-0.3825857126813408
16338.0,157,1,214.8,94,35,214.8,0,0,2,At Risk,Provide special discounts and win-back offers.,-0.5899733312422322,0.43816352782775375
16339.0,284,1,109.95,23,35,109.95,0,0,2,At Risk,Provide special discounts and win-back offers.,-0.8292142768344504,1.2495099471112476
16340.0,107,1,549.07,501,35,549.07,0,0,0,At Risk,Provide special discounts and win-back offers.,-0.38352233968161,0.2207586898564861
16341.0,25,4,1971.87,1398,35,492.9675,2,0,0,Occasional Customer,Send personalized emails and re-engagement campaigns.,0.10903806829544474,-0.47377997883357287
16342.0,75,4,322.41,157,35,80.6025,2,0,0,Occasional Customer,Send personalized emails and re-engagement campaigns.,-0.29293000865155333,-0.3099922099347587
16343.0,16,2,370.48,195,35,185.24,2,0,0,Occasional Customer,Send personalized emails and re-engagement campaigns.,-0.28643494289759225,-0.5614864000829035
16344.0,158,1,101.1,18,35,101.1,0,0,2,At Risk,Provide special discounts and win-back offers.,-0.6269009124512942,0.4065780813310321
16345.0,44,1,575.41,289,35,575.41,2,0,0,Occasional Customer,Send personalized emails and re-engagement campaigns.,-0.2995563342197052,-0.19469274584094512
16347.0,11,2,887.65,353,35,443.825,2,0,0,Occasional Customer,Send personalized emails and re-engagement campaigns.,-0.18293866763530706,-0.5054672303850977
16348.0,32,7,1469.45,819,35,209.92142857142855,2,0,0,Occasional Customer,Send personalized emails and re-engagement campaigns.,0.12206704955810219,-0.693624097869549
16349.0,291,1,53.5,9,35,53.5,0,0,2,At Risk,Provide special discounts and win-back offers.,-0.8553682768937665,1.2776309279247695
16350.0,21,4,1116.47,545,35,279.1175,2,0,0,Occasional Customer,Send personalized emails and re-engagement campaigns.,-0.0750791242523943,-0.5923119933942492
16351.0,333,1,153.9,90,35,153.9,0,0,2,At Risk,Provide special discounts and win-back offers.,-0.8909002775127121,1.591660666014187
16352.0,18,2,494.44,300,35,247.22,2,0,0,Occasional Customer,Send personalized emails and re-engagement campaigns.,-0.2590276610915856,-0.5254718706632326
16353.0,4,23,6675.71,2006,35,290.24826086956523,2,0,0,Occasional Customer,Send personalized emails and re-engagement campaigns.,1.5739966315267253,-1.6420637032973886
16354.0,63,2,395.8,150,35,197.9,2,0,0,Occasional Customer,Send personalized emails and re-engagement campaigns.,-0.36434733596412905,-0.24478291579850325
16356.0,198,3,211.77,93,35,70.59,0,0,2,At Risk,Provide special discounts and win-back offers.,-0.5666011975802486,0.5584067197685223
16357.0,33,3,658.88,246,35,219.6266666666667,2,0,0,Occasional Customer,Send personalized emails and re-engagement campaigns.,-0.22636041010732286,-0.48737176575971247
16358.0,1,4,2027.5,1302,35,506.875,2,0,0,Occasional Customer,Send personalized emails and re-engagement campaigns.,0.14286687037782977,-0.6306548042853176
16359.0,7,9,1750.92,1183,35,194.54666666666668,2,0,0,Occasional Customer,Send personalized emails and re-engagement campaigns.,0.3353297230987735,-0.9631797937462507
16360.0,5,6,3512.53,2144,35,585.4216666666667,2,0,0,Occasional Customer,Send personalized emails and re-engagement campaigns.,0.45849447439283597,-0.6561497871094844
16361.0,10,4,896.66,421,35,224.165,2,0,0,Occasional Customer,Send personalized emails and re-engagement campaigns.,-0.09510517885759563,-0.6874555151877811
16362.0,32,5,734.77,351,35,146.954,2,0,0,Occasional Customer,Send personalized emails and re-engagement campaigns.,-0.10521667539907632,-0.6218802271873213
16363.0,53,1,109.36,52,35,109.36,2,0,0,Occasional Customer,Send personalized emails and re-engagement campaigns.,-0.4502305115018414,-0.29008276094105645
16364.0,12,2,707.04,280,35,353.52,2,0,0,Occasional Customer,Send personalized emails and re-engagement campaigns.,-0.21994034804142165,-0.5303406188019085
16365.0,18,9,1540.42,504,35,171.1577777777778,2,0,0,Occasional Customer,Send personalized emails and re-engagement campaigns.,0.22090638600994345,-0.912126497473308
16366.0,19,1,327.3,256,35,327.3,2,0,0,Occasional Customer,Send personalized emails and re-engagement campaigns.,-0.3204810226276853,-0.44232148973501734
16367.0,37,2,804.49,647,35,402.245,2,0,0,Occasional Customer,Send personalized emails and re-engagement campaigns.,-0.2034376651325233,-0.34048784216863665
16368.0,2,2,497.43,260,35,248.715,2,0,0,Occasional Customer,Send personalized emails and re-engagement campaigns.,-0.2372060780748519,-0.6323894083195966
16369.0,18,3,1553.66,1035,35,517.8866666666667,2,0,0,Occasional Customer,Send personalized emails and re-engagement campaigns.,-0.0020542758063984206,-0.4698326881560758
16370.0,82,4,1320.56,647,35,330.14,2,0,0,Occasional Customer,Send personalized emails and re-engagement campaigns.,-0.14062254519888148,-0.16565379818708628
16372.0,33,2,367.93,166,35,183.965,2,0,0,Occasional Customer,Send personalized emails and re-engagement campaigns.,-0.3178381339860794,-0.44912928731986923
16374.0,66,2,473.03,240,35,236.515,2,0,0,Occasional Customer,Send personalized emails and re-engagement campaigns.,-0.3472675271683191,-0.21018911519756273
16376.0,9,2,987.01,694,35,493.505,2,0,0,Occasional Customer,Send personalized emails and re-engagement campaigns.,-0.12525498286694361,-0.4957793904155368
16377.0,267,1,676.2,1500,35,676.2,0,0,2,At Risk,Provide special discounts and win-back offers.,-0.49806642997346173,1.3473849736450896
16378.0,247,3,362.95,267,35,120.98333333333332,0,0,2,At Risk,Provide special discounts and win-back offers.,-0.6077999460253461,0.9056878355809773
16379.0,4,4,2157.4,1410,35,539.35,2,0,0,Occasional Customer,Send personalized emails and re-engagement campaigns.,0.16443160891897732,-0.5971106335661943
16380.0,61,1,1780.59,1524,35,1780.59,2,0,0,Occasional Customer,Send personalized emails and re-engagement campaigns.,0.09688492314436047,0.3321861807604666
16383.0,75,2,668.36,475,35,334.18,2,0,0,Occasional Customer,Send personalized emails and re-engagement campaigns.,-0.3055098219187244,-0.11313988055076162
16384.0,90,2,584.5,260,35,292.25,2,0,0,Occasional Customer,Send personalized emails and re-engagement campaigns.,-0.36738583069902225,-0.031200722608116783
16385.0,60,3,555.89,261,35,185.29666666666665,2,0,0,Occasional Customer,Send personalized emails and re-engagement campaigns.,-0.280988926734804,-0.31891214232200193
16386.0,29,2,317.2,224,35,158.6,2,0,0,Occasional Customer,Send personalized emails and re-engagement campaigns.,-0.31214256687965397,-0.4831745415710562
16387.0,323,1,94.36,44,35,94.36,0,0,2,At Risk,Provide special discounts and win-back offers.,-0.8938405981888318,1.5048484268961464
16389.0,53,4,1382.07,1242,35,345.5175,2,0,0,Occasional Customer,Send personalized emails and re-engagement campaigns.,-0.017710687352401056,-0.3423174785584257
16392.0,270,1,221.19,203,35,221.19,0,0,2,At Risk,Provide special discounts and win-back offers.,-0.7596243567950868,1.1955949704649318
16393.0,2,13,3046.21,1576,35,234.32384615384612,2,0,0,Occasional Customer,Send personalized emails and re-engagement campaigns.,0.7091437955638351,-1.179029629601007
16394.0,57,5,1555.34,2604,35,311.068,2,0,0,Occasional Customer,Send personalized emails and re-engagement campaigns.,0.19686731051615639,-0.35292308817245593
16395.0,61,5,1486.9,1476,35,297.38,2,0,0,Occasional Customer,Send personalized emails and re-engagement campaigns.,0.052498782931172425,-0.35250596705053777
16398.0,154,2,1705.8,758,35,852.9,0,0,0,At Risk,Provide special discounts and win-back offers.,-0.2466611712016141,0.5921076544714292
16399.0,19,2,408.57,264,35,204.285,2,0,0,Occasional Customer,Send personalized emails and re-engagement campaigns.,-0.27762340143938663,-0.5338252212289645
16400.0,95,1,303.93,172,35,303.93,2,0,0,Occasional Customer,Send personalized emails and re-engagement campaigns.,-0.4593085415042733,0.055177150548586115
16401.0,1,12,4098.32,3882,35,341.52666666666664,2,0,0,Occasional Customer,Send personalized emails and re-engagement campaigns.,1.0078916236188207,-1.0439897573575814
16402.0,265,2,299.6,149,35,149.8,0,0,2,At Risk,Provide special discounts and win-back offers.,-0.7073641123710662,1.0857529989544514
16403.0,312,1,177.5,114,35,177.5,0,0,2,At Risk,Provide special discounts and win-back offers.,-0.8484578875849884,1.459760092328079
16404.0,70,1,443.05,157,35,443.05,2,0,0,Occasional Customer,Send personalized emails and re-engagement campaigns.,-0.38800252994076023,-0.06671518499847702
16405.0,302,2,167.25,187,35,83.625,0,0,2,At Risk,Provide special discounts and win-back offers.,-0.7828366770913706,1.3110234197725201
16406.0,19,1,163.07,122,35,163.07,2,0,0,Occasional Customer,Send personalized emails and re-engagement campaigns.,-0.3742860853242644,-0.4980296230623095
16407.0,13,10,2126.93,1124,35,212.693,2,0,0,Occasional Customer,Send personalized emails and re-engagement campaigns.,0.4034793600314626,-0.9686695943435627
16409.0,36,5,2028.88,1306,35,405.776,2,0,0,Occasional Customer,Send personalized emails and re-engagement campaigns.,0.1268131825698076,-0.48284909717316576
16411.0,19,2,214.65,132,35,107.325,2,0,0,Occasional Customer,Send personalized emails and re-engagement campaigns.,-0.3218381813018117,-0.5686998816661968
16412.0,54,1,151.83,73,35,151.83,2,0,0,Occasional Customer,Send personalized emails and re-engagement campaigns.,-0.43953005955477215,-0.26926744474972764
16413.0,57,1,262.2,148,35,262.2,2,0,0,Occasional Customer,Send personalized emails and re-engagement campaigns.,-0.41000036264163603,-0.21211343287741172
16414.0,22,2,126.25,27,35,63.125,2,0,0,Occasional Customer,Send personalized emails and re-engagement campaigns.,-0.352084333879857,-0.5654432414136987
16415.0,44,1,210.35,187,35,210.35,2,0,0,Occasional Customer,Send personalized emails and re-engagement campaigns.,-0.3963904362832018,-0.31483285271904426
16416.0,27,3,1051.4,672,35,350.4666666666667,2,0,0,Occasional Customer,Send personalized emails and re-engagement campaigns.,-0.11962047056481627,-0.47430467160108175
16418.0,45,3,675.27,288,35,225.09,2,0,0,Occasional Customer,Send personalized emails and re-engagement campaigns.,-0.23901602990496792,-0.4047023613956189
16419.0,113,6,972.23,436,35,162.03833333333333,2,0,0,Occasional Customer,Send personalized emails and re-engagement campaigns.,-0.15184314171245236,-0.127045725370988
16422.0,17,51,34684.4,33704,35,680.086274509804,3,-1,0,Frequent Buyer,Recommend complementary products and loyalty rewards.,8.727039606665066,-2.0594793329299907
16423.0,25,1,346.12,230,35,346.12,2,0,0,Occasional Customer,Send personalized emails and re-engagement campaigns.,-0.3288821108691342,-0.3967183191858569
16424.0,191,1,133.56,88,35,133.56,0,0,2,At Risk,Provide special discounts and win-back offers.,-0.6648868225814308,0.6384014390250149
16425.0,302,1,302.7,199,35,302.7,0,0,2,At Risk,Provide special discounts and win-back offers.,-0.7931675978692404,1.4352412289863063
16426.0,2,10,1908.25,1243,35,190.825,2,0,0,Occasional Customer,Send personalized emails and re-engagement campaigns.,0.4173240860897781,-1.0488455413554774
16427.0,263,2,241.06,156,35,120.53,0,0,2,At Risk,Provide special discounts and win-back offers.,-0.712012753047403,1.0627751328879813
16429.0,106,1,284.55,9,35,284.55,2,0,0,Occasional Customer,Send personalized emails and re-engagement campaigns.,-0.5006595927319537,0.11916031824173733
16430.0,57,1,300.85,103,35,300.85,2,0,0,Occasional Customer,Send personalized emails and re-engagement campaigns.,-0.40623427134275686,-0.20044541002506056
16431.0,213,3,642.81,453,35,214.27,0,0,2,At Risk,Provide special discounts and win-back offers.,-0.4970344135920076,0.7146450460018059
16432.0,64,1,287.4,276,35,287.4,2,0,0,Occasional Customer,Send personalized emails and re-engagement campaigns.,-0.4006421466524705,-0.15487554018342312
16433.0,28,1,184.26,106,35,184.26,2,0,0,Occasional Customer,Send personalized emails and re-engagement campaigns.,-0.38585297330766277,-0.4314711885648593
16434.0,29,7,1522.25,767,35,217.4642857142857,2,0,0,Occasional Customer,Send personalized emails and re-engagement campaigns.,0.12559942220144865,-0.7116994650664653
16438.0,6,5,798.35,463,35,159.67000000000002,2,0,0,Occasional Customer,Send personalized emails and re-engagement campaigns.,-0.04364018610616548,-0.7884606960291461
16440.0,8,5,3640.67,2018,35,728.134,2,0,0,Occasional Customer,Send personalized emails and re-engagement campaigns.,0.41395471317076193,-0.5385580972102835
16441.0,67,2,381.2,173,35,190.6,2,0,0,Occasional Customer,Send personalized emails and re-engagement campaigns.,-0.37035401472418744,-0.22012207559261893
16442.0,2,3,616.79,446,35,205.59666666666664,2,0,0,Occasional Customer,Send personalized emails and re-engagement campaigns.,-0.15777665916984254,-0.6950917178389571
16444.0,46,4,654.67,407,35,163.6675,2,0,0,Occasional Customer,Send personalized emails and re-engagement campaigns.,-0.18116808368692064,-0.46916843374870143
16445.0,34,1,230.51,111,35,230.51,2,0,0,Occasional Customer,Send personalized emails and re-engagement campaigns.,-0.38426556761222885,-0.37640110965527684
16446.0,1,2,168472.5,80997,35,84236.25,1,-1,3,High Value Loyal,"Offer VIP rewards, exclusive products, and premium membership.",34.1577023413438,28.936394988387992
16447.0,136,1,259.01,223,35,259.01,0,0,0,At Risk,Provide special discounts and win-back offers.,-0.530528302153803,0.3149159142546787
16448.0,198,1,188.89,78,35,188.89,0,0,2,At Risk,Provide special discounts and win-back offers.,-0.6645560073378513,0.7027956628956513
16449.0,198,2,707.69,367,35,353.845,0,0,2,At Risk,Provide special discounts and win-back offers.,-0.5122828672272384,0.7113657831067252
16450.0,150,1,311.92,200,35,311.92,0,0,2,At Risk,Provide special discounts and win-back offers.,-0.5436582843224669,0.4249465685994708
16451.0,88,1,266.97,120,35,266.97,2,0,0,Occasional Customer,Send personalized emails and re-engagement campaigns.,-0.4625700546585223,-0.004436725527652961
16454.0,45,2,6.9,3,35,3.45,2,0,0,Occasional Customer,Send personalized emails and re-engagement campaigns.,-0.41005551169367854,-0.4325002854881911
16455.0,64,7,1841.18,988,35,263.0257142857143,2,0,0,Occasional Customer,Send personalized emails and re-engagement campaigns.,0.12272745341132696,-0.4566683257944323
16456.0,99,5,2158.37,1148,35,431.674,2,0,0,Occasional Customer,Send personalized emails and re-engagement campaigns.,0.01873069274118309,-0.05639831753435001
16457.0,218,1,208.36,140,35,208.36,0,0,2,At Risk,Provide special discounts and win-back offers.,-0.6853494945858463,0.8435979367885107
16458.0,3,18,3482.74,2154,35,193.4855555555556,2,0,0,Occasional Customer,Send personalized emails and re-engagement campaigns.,1.0826546337698912,-1.439332823918288
16460.0,28,3,814.72,879,35,271.5733333333333,2,0,0,Occasional Customer,Send personalized emails and re-engagement campaigns.,-0.1258042739388111,-0.49089367737147604
16461.0,178,1,151.42,49,35,151.42,0,0,2,At Risk,Provide special discounts and win-back offers.,-0.6441166259992849,0.5567863337670372
16462.0,74,3,136.0,16,35,45.333333333333336,2,0,0,Occasional Customer,Send personalized emails and re-engagement campaigns.,-0.38301209797859986,-0.27837704373190775
16463.0,21,4,1422.4,1163,35,355.6,2,0,0,Occasional Customer,Send personalized emails and re-engagement campaigns.,0.029471072475857795,-0.5535590892162765
16464.0,20,3,1314.68,963,35,438.2266666666667,2,0,0,Occasional Customer,Send personalized emails and re-engagement campaigns.,-0.04257349805220127,-0.4852770996444465
16466.0,34,7,1603.46,789,35,229.06571428571428,2,0,0,Occasional Customer,Send personalized emails and re-engagement campaigns.,0.12724775714007058,-0.6734861973941363
16468.0,74,1,74.9,31,35,74.9,2,0,0,Occasional Customer,Send personalized emails and re-engagement campaigns.,-0.49485214708820346,-0.16164245786762668
16469.0,24,4,650.43,273,35,162.6075,2,0,0,Occasional Customer,Send personalized emails and re-engagement campaigns.,-0.16141178357168723,-0.6187311630068377
16470.0,52,4,762.39,531,35,190.5975,2,0,0,Occasional Customer,Send personalized emails and re-engagement campaigns.,-0.1649952014336687,-0.41728861612106816
16471.0,275,1,223.95,141,35,223.95,0,0,2,At Risk,Provide special discounts and win-back offers.,-0.7743218307424499,1.228652523532337
16473.0,165,3,316.11,196,35,105.37,0,0,0,At Risk,Provide special discounts and win-back offers.,-0.4883334942635871,0.35232713203743243
16474.0,7,7,1871.5,943,35,267.35714285714283,2,0,0,Occasional Customer,Send personalized emails and re-engagement campaigns.,0.2129114486905999,-0.8358360302516882
16475.0,88,4,544.3,319,35,136.075,2,0,0,Occasional Customer,Send personalized emails and re-engagement campaigns.,-0.27151769583657837,-0.20061537339135477
16477.0,64,7,2494.46,1415,35,356.3514285714286,2,0,0,Occasional Customer,Send personalized emails and re-engagement campaigns.,0.23047533603592762,-0.41269161280573097
16478.0,25,3,331.0,224,35,110.33333333333331,2,0,0,Occasional Customer,Send personalized emails and re-engagement campaigns.,-0.25555096912964553,-0.5787386427274795
16479.0,10,2,300.83,102,35,150.415,2,0,0,Occasional Customer,Send personalized emails and re-engagement campaigns.,-0.29785506954745533,-0.6148701112762401
16480.0,76,1,769.29,455,35,769.29,2,0,0,Occasional Customer,Send personalized emails and re-engagement campaigns.,-0.28718174466720703,0.08454620075671389
16482.0,16,1,220.62,346,35,220.62,2,0,0,Occasional Customer,Send personalized emails and re-engagement campaigns.,-0.3299723332523436,-0.49517102531535756
16483.0,192,1,139.35,44,35,139.35,0,0,2,At Risk,Provide special discounts and win-back offers.,-0.6702801821854183,0.6461136540658668
16484.0,174,2,404.3,200,35,202.15,0,0,2,At Risk,Provide special discounts and win-back offers.,-0.5378251644651357,0.4975540693703005
16485.0,77,1,363.65,235,35,363.65,2,0,0,Occasional Customer,Send personalized emails and re-engagement campaigns.,-0.40880478216259836,-0.04429232852979421
16488.0,33,3,498.8,728,35,166.26666666666668,2,0,0,Occasional Customer,Send personalized emails and re-engagement campaigns.,-0.1896896112964267,-0.4966556159416204
16491.0,47,1,731.5,478,35,731.5,2,0,0,Occasional Customer,Send personalized emails and re-engagement campaigns.,-0.24613280615863542,-0.12058475924430322
16493.0,80,4,1351.63,1164,35,337.9075,2,0,0,Occasional Customer,Send personalized emails and re-engagement campaigns.,-0.07395126943494303,-0.1664905706683242
16494.0,297,1,826.53,675,35,826.53,0,0,2,At Risk,Provide special discounts and win-back offers.,-0.6077689133356574,1.5805121045194186
16495.0,3,3,684.41,337,35,228.13666666666663,2,0,0,Occasional Customer,Send personalized emails and re-engagement campaigns.,-0.16389692278087006,-0.6827207818899861
16496.0,9,3,1599.52,1111,35,533.1733333333333,2,0,0,Occasional Customer,Send personalized emails and re-engagement campaigns.,0.026964764013239825,-0.5231364505276292
16497.0,50,6,2965.69,1396,35,494.2816666666667,2,0,0,Occasional Customer,Send personalized emails and re-engagement campaigns.,0.24751973194265076,-0.4044155583326687
16498.0,161,2,100.97,45,35,50.485,0,0,0,At Risk,Provide special discounts and win-back offers.,-0.5798565259406767,0.3573093900174494
16499.0,360,2,365.45,127,35,182.725,0,0,2,At Risk,Provide special discounts and win-back offers.,-0.8546467717875342,1.7296481741654057
16500.0,5,6,400.86,123,35,66.81,2,0,0,Occasional Customer,Send personalized emails and re-engagement campaigns.,-0.06566053392987299,-0.8886115937096831
16503.0,107,4,1431.93,569,35,357.9825,2,0,0,Occasional Customer,Send personalized emails and re-engagement campaigns.,-0.17844549143465716,0.009404994213988518
16504.0,25,1,484.38,524,35,484.38,2,0,0,Occasional Customer,Send personalized emails and re-engagement campaigns.,-0.26252403503716526,-0.3464047737338777
16505.0,32,1,777.6,576,35,777.6,2,0,0,Occasional Customer,Send personalized emails and re-engagement campaigns.,-0.19961098199567,-0.20380589426182047
16506.0,20,2,90.3,42,35,45.150000000000006,2,0,0,Occasional Customer,Send personalized emails and re-engagement campaigns.,-0.3524398142840432,-0.5844975336218591
16509.0,297,1,363.7,64,35,363.7,0,0,2,At Risk,Provide special discounts and win-back offers.,-0.7865273222059636,1.4191185572683664
16510.0,372,1,248.1,92,35,248.1,0,0,2,At Risk,Provide special discounts and win-back offers.,-0.9321785079834856,1.8821945137387834
16511.0,22,3,950.26,417,35,316.75333333333333,2,0,0,Occasional Customer,Send personalized emails and re-engagement campaigns.,-0.15335785294220552,-0.5240472705149662
16513.0,5,4,874.59,407,35,218.6475,2,0,0,Occasional Customer,Send personalized emails and re-engagement campaigns.,-0.09095944983611916,-0.7230070311165321
16515.0,52,5,1627.13,833,35,325.42600000000004,2,0,0,Occasional Customer,Send personalized emails and re-engagement campaigns.,0.0062156807580843335,-0.4143960221730467
16516.0,30,1,101.7,58,35,101.7,2,0,0,Occasional Customer,Send personalized emails and re-engagement campaigns.,-0.4139037975486069,-0.4457784074231648
16517.0,277,1,162.7,96,35,162.7,0,0,2,At Risk,Provide special discounts and win-back offers.,-0.7970634512618224,1.2213026862866065
16518.0,61,2,484.32,327,35,242.16,2,0,0,Occasional Customer,Send personalized emails and re-engagement campaigns.,-0.32734073250024814,-0.23999618257595634
16519.0,25,2,215.08,54,35,107.54,2,0,0,Occasional Customer,Send personalized emails and re-engagement campaigns.,-0.34060054995672945,-0.5300993763656833
16520.0,186,3,1046.57,558,35,348.8566666666666,0,0,2,At Risk,Provide special discounts and win-back offers.,-0.3920889835495025,0.5829570553344608
16523.0,2,21,9418.47,4265,35,448.4985714285715,2,0,0,Occasional Customer,Send personalized emails and re-engagement campaigns.,1.9300563004904934,-1.4274314377211186
16525.0,2,26,13027.45,7397,35,501.0557692307693,2,0,0,Occasional Customer,Send personalized emails and re-engagement campaigns.,2.8239068394908995,-1.5846388774740408
16526.0,172,1,290.36,106,35,290.36,0,0,2,At Risk,Provide special discounts and win-back offers.,-0.5953891635684564,0.562855002088628
16527.0,81,1,228.06,106,35,228.06,2,0,0,Occasional Customer,Send personalized emails and re-engagement campaigns.,-0.46186840116173444,-0.06396593637101212
16528.0,4,1,244.41,171,35,244.41,2,0,0,Occasional Customer,Send personalized emails and re-engagement campaigns.,-0.32525689690502957,-0.5707623826473278
16529.0,190,1,455.25,198,35,455.25,0,0,2,At Risk,Provide special discounts and win-back offers.,-0.5755917406738613,0.737981306575605
16531.0,22,7,1244.59,915,35,177.79857142857142,2,0,0,Occasional Customer,Send personalized emails and re-engagement campaigns.,0.12948936742381223,-0.7708463604446896
16532.0,18,3,6748.8,2016,35,2249.6,2,0,0,Occasional Customer,Send personalized emails and re-engagement campaigns.,0.7401573811248706,0.14474184555268954
16533.0,19,3,1095.56,612,35,365.18666666666667,2,0,0,Occasional Customer,Send personalized emails and re-engagement campaigns.,-0.10824212008345509,-0.5237000623978078
16535.0,5,1,593.75,356,35,593.75,2,0,0,Occasional Customer,Send personalized emails and re-engagement campaigns.,-0.22406084157440576,-0.4474822688771027
16536.0,110,1,548.97,251,35,548.97,0,0,0,At Risk,Provide special discounts and win-back offers.,-0.41748524378459906,0.23601421110814763
16539.0,3,4,1388.81,477,35,347.2025,2,0,0,Occasional Customer,Send personalized emails and re-engagement campaigns.,-0.02458158956406485,-0.6894593636476359
16542.0,54,1,119.62,46,35,119.62,2,0,0,Occasional Customer,Send personalized emails and re-engagement campaigns.,-0.45016627346253363,-0.280206883860171
16545.0,165,1,339.3,78,35,339.3,0,0,2,At Risk,Provide special discounts and win-back offers.,-0.5758653605521893,0.5315105293882183
16546.0,291,2,787.15,549,35,393.575,0,0,2,At Risk,Provide special discounts and win-back offers.,-0.6305732328519399,1.3480456321892094
16549.0,10,10,4154.64,2365,35,415.46400000000006,2,0,0,Occasional Customer,Send personalized emails and re-engagement campaigns.,0.718409525138687,-0.8810155598889532
16550.0,109,5,2298.97,1540,35,459.794,2,0,0,Occasional Customer,Send personalized emails and re-engagement campaigns.,0.06188557539997826,0.0279063012069108
16551.0,96,3,922.12,970,35,307.37333333333333,2,0,0,Occasional Customer,Send personalized emails and re-engagement campaigns.,-0.21285046901521887,-0.023537638143767418
16552.0,243,2,379.73,219,35,189.865,0,0,2,At Risk,Provide special discounts and win-back offers.,-0.651511722522161,0.9537931638419858
16553.0,163,12,5719.82,4600,35,476.6516666666666,2,0,0,Occasional Customer,Send personalized emails and re-engagement campaigns.,0.9558871104637325,0.10841396479463809
16554.0,42,3,837.1,402,35,279.03333333333336,2,0,0,Occasional Customer,Send personalized emails and re-engagement campaigns.,-0.201316897932825,-0.40398501296404016
16555.0,35,2,285.89,175,35,142.945,2,0,0,Occasional Customer,Send personalized emails and re-engagement campaigns.,-0.3322595240408297,-0.44932848233276196
16556.0,67,7,3313.79,1890,35,473.3985714285714,2,0,0,Occasional Customer,Send personalized emails and re-engagement campaigns.,0.35369412734239525,-0.3386784322784953
16557.0,24,2,281.85,111,35,140.925,2,0,0,Occasional Customer,Send personalized emails and re-engagement campaigns.,-0.322407439656545,-0.5245402016427324
16558.0,1,20,8338.49,5377,35,416.9245,2,0,0,Occasional Customer,Send personalized emails and re-engagement campaigns.,1.9281713377710321,-1.380152184185428
16560.0,27,2,841.41,500,35,420.705,2,0,0,Occasional Customer,Send personalized emails and re-engagement campaigns.,-0.19876182965115965,-0.4037564867768624
16561.0,6,2,511.12,244,35,255.56,2,0,0,Occasional Customer,Send personalized emails and re-engagement campaigns.,-0.24353420196320597,-0.6037387714613182
16563.0,54,1,1077.74,486,35,1077.74,2,0,0,Occasional Customer,Send personalized emails and re-engagement campaigns.,-0.1759924113757002,0.03835444424047263
16565.0,364,1,173.7,46,35,173.7,0,0,2,At Risk,Provide special discounts and win-back offers.,-0.9418311492657621,1.8039030264354856
16566.0,15,5,614.66,362,35,122.932,2,0,0,Occasional Customer,Send personalized emails and re-engagement campaigns.,-0.0881216783252198,-0.7437609787341815
16567.0,194,2,865.6,996,35,432.8,0,0,2,At Risk,Provide special discounts and win-back offers.,-0.4091520467572534,0.7229268686375466
16569.0,3,1,124.2,93,35,124.2,2,0,0,Occasional Customer,Send personalized emails and re-engagement campaigns.,-0.36067908885833005,-0.6178265467579198
16570.0,15,10,3738.4,2112,35,373.84,2,0,0,Occasional Customer,Send personalized emails and re-engagement campaigns.,0.6468336663556931,-0.8697490583977505
16571.0,27,3,1421.69,1239,35,473.8966666666667,2,0,0,Occasional Customer,Send personalized emails and re-engagement campaigns.,-0.008938561300794904,-0.4211323367263869
16572.0,127,3,1009.6,532,35,336.53333333333336,2,0,0,Occasional Customer,Send personalized emails and re-engagement campaigns.,-0.30361067928752233,0.18490505812019264
16573.0,85,2,663.61,360,35,331.805,2,0,0,Occasional Customer,Send personalized emails and re-engagement campaigns.,-0.33585074028177037,-0.04943602038717029
16574.0,71,1,451.44,416,35,451.44,2,0,0,Occasional Customer,Send personalized emails and re-engagement campaigns.,-0.35757024643355284,-0.052450764518350394
16581.0,183,1,105.84,134,35,105.84,0,0,2,At Risk,Provide special discounts and win-back offers.,-0.652979424750381,0.576960199289977
16582.0,113,1,313.62,164,35,313.62,0,0,0,At Risk,Provide special discounts and win-back offers.,-0.4872620747229707,0.1781602716170837
16583.0,374,1,233.45,111,35,233.45,0,0,2,At Risk,Provide special discounts and win-back offers.,-0.9366334040295714,1.8911413382348383
16584.0,80,2,936.08,646,35,468.04,2,0,0,Occasional Customer,Send personalized emails and re-engagement campaigns.,-0.2539073371533605,-0.03187251736078354
16586.0,249,1,463.95,95,35,463.95,0,0,2,At Risk,Provide special discounts and win-back offers.,-0.6815100191142698,1.1321776286471865
16587.0,232,1,225.15,71,35,225.15,0,0,2,At Risk,Provide special discounts and win-back offers.,-0.7122343916509026,0.941064903611568
16589.0,71,3,459.24,368,35,153.08,2,0,0,Occasional Customer,Send personalized emails and re-engagement campaigns.,-0.2981308536009618,-0.25465434489401284
16591.0,69,1,213.5,41,35,213.5,2,0,0,Occasional Customer,Send personalized emails and re-engagement campaigns.,-0.4532936868517067,-0.14990319731205978
16592.0,4,16,4113.68,2927,35,257.105,2,0,0,Occasional Customer,Send personalized emails and re-engagement campaigns.,1.1079844152346103,-1.2839123047032925
16593.0,51,3,330.03,116,35,110.01,2,0,0,Occasional Customer,Send personalized emails and re-engagement campaigns.,-0.3105142996383737,-0.4075577744714612
16594.0,75,1,181.09,64,35,181.09,2,0,0,Occasional Customer,Send personalized emails and re-engagement campaigns.,-0.4679242501852834,-0.1199664643365798
16595.0,61,1,360.16,335,35,360.16,2,0,0,Occasional Customer,Send personalized emails and re-engagement campaigns.,-0.37196728776097715,-0.1502010075672006
16596.0,16,2,250.15,97,35,125.075,2,0,0,Occasional Customer,Send personalized emails and re-engagement campaigns.,-0.31574135757407046,-0.5834298703340113
16597.0,4,1,90.04,184,35,90.04,2,0,0,Occasional Customer,Send personalized emails and re-engagement campaigns.,-0.3596796389615045,-0.620507223117787
16598.0,286,1,145.04999999999998,73,35,145.04999999999998,0,0,2,At Risk,Provide special discounts and win-back offers.,-0.818485087082718,1.2751515941010054
16600.0,4,6,813.52,1145,35,135.58666666666667,2,0,0,Occasional Customer,Send personalized emails and re-engagement campaigns.,0.09311993778627173,-0.8502403767568976
16601.0,41,1,244.8,134,35,244.8,2,0,0,Occasional Customer,Send personalized emails and re-engagement campaigns.,-0.3896520498764629,-0.32467501367410473
16602.0,36,1,528.08,336,35,528.08,2,0,0,Occasional Customer,Send personalized emails and re-engagement campaigns.,-0.2920974624440599,-0.2624654712547237
16603.0,75,2,482.47,480,35,241.235,2,0,0,Occasional Customer,Send personalized emails and re-engagement campaigns.,-0.33260433279595675,-0.14409157249775614
16607.0,18,14,3347.71,2859,35,239.12214285714285,2,0,0,Occasional Customer,Send personalized emails and re-engagement campaigns.,0.9099381016171363,-1.0975100488893783
16609.0,15,7,5493.46,2420,35,784.78,2,0,0,Occasional Customer,Send personalized emails and re-engagement campaigns.,0.6937821438924778,-0.5554660246035515
16610.0,219,1,75.66,66,35,75.66,0,0,2,At Risk,Provide special discounts and win-back offers.,-0.7264673686123431,0.8058973873830059
16611.0,186,1,129.49,47,35,129.49,0,0,2,At Risk,Provide special discounts and win-back offers.,-0.6624669056895457,0.6029785608974727
16612.0,33,4,1187.66,506,35,296.915,2,0,0,Occasional Customer,Send personalized emails and re-engagement campaigns.,-0.09151926521307378,-0.5067420312705929
16613.0,70,1,618.59,293,35,618.59,2,0,0,Occasional Customer,Send personalized emails and re-engagement campaigns.,-0.3313322766698168,-0.007306828532487926
16614.0,183,1,506.19,223,35,506.19,0,0,2,At Risk,Provide special discounts and win-back offers.,-0.5494417149852571,0.7082833180099005
16616.0,15,2,500.42,370,35,250.21,2,0,0,Occasional Customer,Send personalized emails and re-engagement campaigns.,-0.24512074224689862,-0.5431532655886704
16617.0,236,1,151.85,91,35,151.85,0,0,2,At Risk,Provide special discounts and win-back offers.,-0.733478692207897,0.9443707539325704
16618.0,31,5,2647.59,1363,35,529.518,2,0,0,Occasional Customer,Send personalized emails and re-engagement campaigns.,0.20254271564983234,-0.4699901852561957
16619.0,264,1,226.21,133,35,226.21,0,0,2,At Risk,Provide special discounts and win-back offers.,-0.7568328005572909,1.1559027513377618
16620.0,4,2,178.96,88,35,89.48,2,0,0,Occasional Customer,Send personalized emails and re-engagement campaigns.,-0.30786694067820464,-0.6754863963635512
16621.0,52,4,813.48,302,35,203.37,2,0,0,Occasional Customer,Send personalized emails and re-engagement campaigns.,-0.18615065026707325,-0.4170775599322594
16623.0,246,1,129.45,39,35,129.45,0,0,2,At Risk,Provide special discounts and win-back offers.,-0.7610035763276518,1.0028013804660245
16624.0,81,2,810.5699999999999,488,35,405.285,2,0,0,Occasional Customer,Send personalized emails and re-engagement campaigns.,-0.29258592653444393,-0.04914541053931197
16625.0,275,1,333.08,164,35,333.08,0,0,2,At Risk,Provide special discounts and win-back offers.,-0.746245334281019,1.2644256818146167
16626.0,1,17,4413.1,2690,35,259.59411764705885,2,0,0,Occasional Customer,Send personalized emails and re-engagement campaigns.,1.162478644284337,-1.3584460251280903
16627.0,79,1,322.8,162,35,322.8,2,0,0,Occasional Customer,Send personalized emails and re-engagement campaigns.,-0.4300524359012242,-0.04556368702092416
16628.0,30,5,2188.05,1205,35,437.61,2,0,0,Occasional Customer,Send personalized emails and re-engagement campaigns.,0.1405181973336468,-0.5131443385814052
16629.0,74,2,417.73,493,35,208.865,2,0,0,Occasional Customer,Send personalized emails and re-engagement campaigns.,-0.33910523293325395,-0.16132539850941324
16633.0,17,6,2883.1,1138,35,480.51666666666665,2,0,0,Occasional Customer,Send personalized emails and re-engagement campaigns.,0.26353175602996165,-0.6344294383121911
16634.0,223,2,217.9,82,35,108.95,0,0,2,At Risk,Provide special discounts and win-back offers.,-0.6589975862655792,0.7908548542293865
16637.0,32,4,1154.47,927,35,288.6175,2,0,0,Occasional Customer,Send personalized emails and re-engagement campaigns.,-0.04450517286415914,-0.5084151663720381
16638.0,23,10,1680.72,1255,35,168.072,2,0,0,Occasional Customer,Send personalized emails and re-engagement campaigns.,0.36595563665620484,-0.9180796042583376
16639.0,31,3,1257.51,510,35,419.17,2,0,0,Occasional Customer,Send personalized emails and re-engagement campaigns.,-0.12003546736285128,-0.4270429797331808
16641.0,106,1,231.1,256,35,231.1,2,0,0,Occasional Customer,Send personalized emails and re-engagement campaigns.,-0.48439050852035886,0.10650642187980534
16642.0,5,2,688.33,479,35,344.165,2,0,0,Occasional Customer,Send personalized emails and re-engagement campaigns.,-0.18820800033751647,-0.5763802231324386
16643.0,246,1,487.51,269,35,487.51,0,0,2,At Risk,Provide special discounts and win-back offers.,-0.6509203221126423,1.1230869167347373
16644.0,178,2,833.78,826,35,416.89,0,0,2,At Risk,Provide special discounts and win-back offers.,-0.40762412403663356,0.6077456923588374
16647.0,170,2,214.06,146,35,107.03,0,0,2,At Risk,Provide special discounts and win-back offers.,-0.5659189182148741,0.43809820888426826
16648.0,43,1,290.66,281,35,290.66,2,0,0,Occasional Customer,Send personalized emails and re-engagement campaigns.,-0.3651429906110111,-0.2937209101844876
16650.0,72,1,518.42,372,35,518.42,2,0,0,Occasional Customer,Send personalized emails and re-engagement campaigns.,-0.3487199561284614,-0.02492331355386569
16652.0,59,7,6773.97,3283,35,967.71,2,0,0,Occasional Customer,Send personalized emails and re-engagement campaigns.,0.8364352692438322,-0.17545224419562291
16653.0,16,2,1212.66,733,35,606.33,2,0,0,Occasional Customer,Send personalized emails and re-engagement campaigns.,-0.09851276920657005,-0.41069298206913935
16654.0,141,4,601.27,282,35,150.3175,2,0,0,Occasional Customer,Send personalized emails and re-engagement campaigns.,-0.35593755703863056,0.15705648222244334
16655.0,18,6,3794.52,2367,35,632.42,2,0,0,Occasional Customer,Send personalized emails and re-engagement campaigns.,0.489481196480719,-0.5476685622407488
16656.0,22,15,8625.8,8894,35,575.0533333333333,2,0,0,Occasional Customer,Send personalized emails and re-engagement campaigns.,2.06159390949264,-0.8518490321003762
16657.0,10,4,933.62,1229,35,233.405,2,0,0,Occasional Customer,Send personalized emails and re-engagement campaigns.,0.002768246765347663,-0.6689534364804897
16658.0,368,1,123.24,40,35,123.24,0,0,2,At Risk,Provide special discounts and win-back offers.,-0.9607810281220583,1.8141151952106183
16659.0,189,1,39.12,72,35,39.12,0,0,2,At Risk,Provide special discounts and win-back offers.,-0.6854768974851885,0.5941843974417202
16660.0,16,4,1267.65,571,35,316.9125,2,0,0,Occasional Customer,Send personalized emails and re-engagement campaigns.,-0.047757424948208775,-0.6117592392203793
16665.0,362,1,135.39999999999998,59,35,135.39999999999998,0,0,2,At Risk,Provide special discounts and win-back offers.,-0.9459821687337646,1.7784123978343966
16666.0,19,1,118.98,233,35,118.98,2,0,0,Occasional Customer,Send personalized emails and re-engagement campaigns.,-0.3716467106969205,-0.5102154725190968
16667.0,68,2,570.13,237,35,285.065,2,0,0,Occasional Customer,Send personalized emails and re-engagement campaigns.,-0.3364130340824171,-0.18069587126297085
16668.0,15,6,306.72,318,35,51.12,2,0,0,Occasional Customer,Send personalized emails and re-engagement campaigns.,-0.0680106685509718,-0.8241528432475219
16669.0,24,3,1374.87,888,35,458.29,2,0,0,Occasional Customer,Send personalized emails and re-engagement campaigns.,-0.050519921428842485,-0.45311859657643594
16670.0,17,11,4095.9,2556,35,372.3545454545455,2,0,0,Occasional Customer,Send personalized emails and re-engagement campaigns.,0.7754610895543826,-0.8987711982454495
16671.0,28,3,1692.27,875,35,564.09,2,0,0,Occasional Customer,Send personalized emails and re-engagement campaigns.,-0.020158442516360408,-0.3902795562231794
16672.0,2,20,8134.94,2832,35,406.747,2,0,0,Occasional Customer,Send personalized emails and re-engagement campaigns.,1.6157806426786752,-1.4267149324534967
16674.0,55,2,319.61,188,35,159.805,2,0,0,Occasional Customer,Send personalized emails and re-engagement campaigns.,-0.35826059264542554,-0.3101229867745245
16676.0,34,4,1592.12,636,35,398.03,2,0,0,Occasional Customer,Send personalized emails and re-engagement campaigns.,-0.03478407183752548,-0.4617893434896575
16678.0,3,12,3109.99,2397,35,259.1658333333333,2,0,0,Occasional Customer,Send personalized emails and re-engagement campaigns.,0.7539755490381684,-1.0945486101749393
16679.0,366,1,129.75,29,35,129.75,0,0,2,At Risk,Provide special discounts and win-back offers.,-0.9572910280910932,1.8026831496298106
16680.0,43,1,183.7,94,35,183.7,2,0,0,Occasional Customer,Send personalized emails and re-engagement campaigns.,-0.4117775587040471,-0.3318820477773282
16681.0,73,6,1770.34,1407,35,295.0566666666667,2,0,0,Occasional Customer,Send personalized emails and re-engagement campaigns.,0.10027583030285629,-0.325549233991605
16682.0,5,5,1028.0,1040,35,205.6,2,0,0,Occasional Customer,Send personalized emails and re-engagement campaigns.,0.047687213785062244,-0.7675068796439106
16684.0,4,28,66653.56,50255,35,2380.4842857142858,3,-1,1,Frequent Buyer,Recommend complementary products and loyalty rewards.,11.717345242827543,0.2646716143601751
16685.0,61,2,324.24,396,35,162.12,2,0,0,Occasional Customer,Send personalized emails and re-engagement campaigns.,-0.3431532976347628,-0.26543116234179576
16686.0,47,7,3062.83,2030,35,437.5471428571428,2,0,0,Occasional Customer,Send personalized emails and re-engagement campaigns.,0.3801754256919494,-0.4831713757136754
16688.0,1,4,1260.86,804,35,315.215,2,0,0,Occasional Customer,Send personalized emails and re-engagement campaigns.,0.002999542075164963,-0.7079664413024964
16689.0,76,2,422.6,330,35,211.3,2,0,0,Occasional Customer,Send personalized emails and re-engagement campaigns.,-0.3605803846309582,-0.15025101138802727
16690.0,72,2,225.58,138,35,112.79,2,0,0,Occasional Customer,Send personalized emails and re-engagement campaigns.,-0.40572454367355104,-0.213439920652881
16692.0,256,2,1276.0,152,35,638.0,0,0,2,At Risk,Provide special discounts and win-back offers.,-0.5470072307019994,1.1888823857453308
16693.0,69,2,482.01,204,35,241.005,2,0,0,Occasional Customer,Send personalized emails and re-engagement campaigns.,-0.3549950422572704,-0.18936846248107173
16696.0,135,4,657.9000000000001,146,35,164.47500000000002,2,0,0,Occasional Customer,Send personalized emails and re-engagement campaigns.,-0.3559306152755632,0.119512393509651
16697.0,241,1,112.75,27,35,112.75,0,0,2,At Risk,Provide special discounts and win-back offers.,-0.7581527067005731,0.9638350383069888
16698.0,227,2,1998.0,840,35,999.0,0,0,2,At Risk,Provide special discounts and win-back offers.,-0.31236976382003356,1.1291042896486578
16700.0,9,13,5076.55,4024,35,390.50384615384615,2,0,0,Occasional Customer,Send personalized emails and re-engagement campaigns.,1.1404616004461674,-1.0165503195929677
16701.0,9,13,5398.3,6393,35,415.25384615384615,2,0,0,Occasional Customer,Send personalized emails and re-engagement campaigns.,1.4408941855268735,-0.9608626263398223
16705.0,1,20,14034.99,5476,35,701.7495,2,0,0,Occasional Customer,Send personalized emails and re-engagement campaigns.,2.3576679181978624,-1.230888043151108
16706.0,37,3,531.35,249,35,177.11666666666667,2,0,0,Occasional Customer,Send personalized emails and re-engagement campaigns.,-0.2479387453375517,-0.47528216692879083
16708.0,46,1,656.63,285,35,656.63,2,0,0,Occasional Customer,Send personalized emails and re-engagement campaigns.,-0.2843683570367301,-0.1551336675607427
16709.0,85,5,3029.87,851,35,605.9739999999999,2,0,0,Occasional Customer,Send personalized emails and re-engagement campaigns.,0.09286242657245927,-0.09177507449426804
16710.0,19,10,2483.04,1836,35,248.304,2,0,0,Occasional Customer,Send personalized emails and re-engagement campaigns.,0.5055994740393129,-0.9004538904570014
16711.0,3,5,1651.03,833,35,330.206,2,0,0,Occasional Customer,Send personalized emails and re-engagement campaigns.,0.08827548876092543,-0.739308884518585
16712.0,9,11,3645.43,1749,35,331.40272727272725,2,0,0,Occasional Customer,Send personalized emails and re-engagement campaigns.,0.658523212975289,-0.9847470562221509
16713.0,19,15,6923.13,4276,35,461.542,2,0,0,Occasional Customer,Send personalized emails and re-engagement campaigns.,1.3999846042170851,-1.011835149269268
16714.0,219,3,1161.53,610,35,387.1766666666667,0,0,2,At Risk,Provide special discounts and win-back offers.,-0.42582252276506993,0.8171200613241931
16715.0,78,1,301.72,642,35,301.72,2,0,0,Occasional Customer,Send personalized emails and re-engagement campaigns.,-0.37753803198363334,-0.05001056140261703
16716.0,267,2,901.2,120,35,450.6,0,0,2,At Risk,Provide special discounts and win-back offers.,-0.6244207806294171,1.1990139710173457
16717.0,24,6,3858.38,1866,35,643.0633333333334,2,0,0,Occasional Customer,Send personalized emails and re-engagement campaigns.,0.42742161960956776,-0.5131224980711179
16718.0,369,1,623.75,413,35,623.75,0,0,2,At Risk,Provide special discounts and win-back offers.,-0.8025430762482072,1.9898918730806967
16719.0,15,7,1790.42,1204,35,255.77428571428567,2,0,0,Occasional Customer,Send personalized emails and re-engagement campaigns.,0.22302420607220827,-0.7820450677961975
16720.0,26,1,155.24,182,35,155.24,2,0,0,Occasional Customer,Send personalized emails and re-engagement campaigns.,-0.3805207603761435,-0.4527693844231875
16721.0,262,1,292.47,172,35,292.47,0,0,2,At Risk,Provide special discounts and win-back offers.,-0.733622399293949,1.164761909147239
16722.0,17,13,4730.81,5001,35,363.9084615384616,2,0,0,Occasional Customer,Send personalized emails and re-engagement campaigns.,1.2140830955833164,-0.9566721165454516
16723.0,91,2,589.15,399,35,294.575,2,0,0,Occasional Customer,Send personalized emails and re-engagement campaigns.,-0.35216292952871553,-0.021138122077732895
16725.0,302,7,781.02,294,35,111.57428571428572,0,0,2,At Risk,Provide special discounts and win-back offers.,-0.4393876082123666,1.0585585269080926
16726.0,26,5,1382.02,977,35,276.404,2,0,0,Occasional Customer,Send personalized emails and re-engagement campaigns.,0.04109195672318227,-0.6028833960537319
16727.0,364,1,272.82,177,35,272.82,0,0,2,At Risk,Provide special discounts and win-back offers.,-0.9035309409856013,1.8384699681574732
16728.0,46,4,1054.67,677,35,263.6675,2,0,0,Occasional Customer,Send personalized emails and re-engagement campaigns.,-0.10700973201642384,-0.42863896033083393
16729.0,38,21,7239.92,5783,35,344.7580952380952,2,0,0,Occasional Customer,Send personalized emails and re-engagement campaigns.,1.888964737721881,-1.2135754570761257
16730.0,52,3,743.11,994,35,247.70333333333332,2,0,0,Occasional Customer,Send personalized emails and re-engagement campaigns.,-0.1601346384881915,-0.3369482914863401
16732.0,32,1,603.75,317,35,603.75,2,0,0,Occasional Customer,Send personalized emails and re-engagement campaigns.,-0.27018524040199704,-0.26498499575583195
16734.0,52,3,650.51,346,35,216.83666666666667,2,0,0,Occasional Customer,Send personalized emails and re-engagement campaigns.,-0.246654442855761,-0.3597851611752712
16735.0,79,5,2300.56,1573,35,460.112,2,0,0,Occasional Customer,Send personalized emails and re-engagement campaigns.,0.11467687321353912,-0.17134911588287693
16737.0,53,1,417.6,288,35,417.6,2,0,0,Occasional Customer,Send personalized emails and re-engagement campaigns.,-0.3510467939129034,-0.18581742481997632
16738.0,298,1,3.75,3,35,3.75,0,0,2,At Risk,Provide special discounts and win-back offers.,-0.879032756157438,1.3080723438245911
16739.0,177,1,323.0,172,35,323.0,0,0,2,At Risk,Provide special discounts and win-back offers.,-0.5882526543682806,0.608000882093036
16742.0,47,1,464.9,1,35,464.9,2,0,0,Occasional Customer,Send personalized emails and re-engagement campaigns.,-0.36363727511238325,-0.2159075722601332
16743.0,29,7,2238.09,2047,35,319.7271428571429,2,0,0,Occasional Customer,Send personalized emails and re-engagement campaigns.,0.33806433477415054,-0.648206654674496
16744.0,11,7,1304.76,805,35,186.3942857142857,2,0,0,Occasional Customer,Send personalized emails and re-engagement campaigns.,0.13994848315036254,-0.8429409751038268
16745.0,87,17,7194.3,6735,35,423.1941176470588,2,0,0,Occasional Customer,Send personalized emails and re-engagement campaigns.,1.7009679362281114,-0.6292402230844722
16746.0,5,18,6697.66,4665,35,372.09222222222223,2,0,0,Occasional Customer,Send personalized emails and re-engagement campaigns.,1.610173804613678,-1.289889738717312
16747.0,38,2,836.06,583,35,418.03,2,0,0,Occasional Customer,Send personalized emails and re-engagement campaigns.,-0.20780337627689652,-0.3297549450506054
16748.0,18,5,1515.9,880,35,303.18,2,0,0,Occasional Customer,Send personalized emails and re-engagement campaigns.,0.056022972273759575,-0.6482803100618912
16750.0,45,5,623.93,214,35,124.786,2,0,0,Occasional Customer,Send personalized emails and re-engagement campaigns.,-0.1532102640709825,-0.5458808945274476
16751.0,31,1,1764.72,1031,35,1764.72,2,0,0,Occasional Customer,Send personalized emails and re-engagement campaigns.,0.08468363443479308,0.11776278395820604
16752.0,373,1,207.5,54,35,207.5,0,0,2,At Risk,Provide special discounts and win-back offers.,-0.947672977686528,1.8749972699168225
16753.0,58,1,223.92,189,35,223.92,2,0,0,Occasional Customer,Send personalized emails and re-engagement campaigns.,-0.41577190648507945,-0.21707057861168422
16754.0,372,1,2002.4,4280,35,2002.4,0,0,2,At Risk,Provide special discounts and win-back offers.,-0.03700809328248662,2.5292174757371804
16755.0,114,3,1496.83,1064,35,498.9433333333333,2,0,0,Occasional Customer,Send personalized emails and re-engagement campaigns.,-0.16171097811669138,0.1641716617645886
16756.0,215,1,239.4,106,35,239.4,0,0,2,At Risk,Provide special discounts and win-back offers.,-0.6771963378545466,0.8330095792870524
16757.0,319,1,106.83,81,35,106.83,0,0,2,At Risk,Provide special discounts and win-back offers.,-0.8801305237622475,1.4829181242502862
16758.0,65,1,369.34,203,35,369.34,2,0,0,Occasional Customer,Send personalized emails and re-engagement campaigns.,-0.3916804377099928,-0.12305009830883633
16759.0,8,3,789.79,609,35,263.2633333333333,2,0,0,Occasional Customer,Send personalized emails and re-engagement campaigns.,-0.1276707886938945,-0.6321713114608308
16761.0,97,1,316.62,341,35,316.62,2,0,0,Occasional Customer,Send personalized emails and re-engagement campaigns.,-0.4399634506809496,0.07580437571788091
16762.0,20,3,1501.38,618,35,500.46,2,0,0,Occasional Customer,Send personalized emails and re-engagement campaigns.,-0.0601007388871543,-0.4703570287997138
16763.0,199,1,611.85,319,35,611.85,0,0,2,At Risk,Provide special discounts and win-back offers.,-0.5397134939590326,0.8509715940280933
16764.0,4,13,2799.25,1259,35,215.32692307692307,2,0,0,Occasional Customer,Send personalized emails and re-engagement campaigns.,0.6498061063656952,-1.1801463373044616
16765.0,294,1,34.0,4,35,34.0,0,0,2,At Risk,Provide special discounts and win-back offers.,-0.8653685039002046,1.2912213164627933
16766.0,273,2,1145.6,536,35,572.8,0,0,2,At Risk,Provide special discounts and win-back offers.,-0.5494382932025419,1.2876702432681768
16767.0,31,11,5580.6,4435,35,507.3272727272728,2,0,0,Occasional Customer,Send personalized emails and re-engagement campaigns.,1.0902346836271946,-0.7125633017837594
16768.0,48,3,478.09,196,35,159.36333333333334,2,0,0,Occasional Customer,Send personalized emails and re-engagement campaigns.,-0.2784323224623079,-0.409061140155465
16769.0,260,1,380.39,83,35,380.39,0,0,2,At Risk,Provide special discounts and win-back offers.,-0.7202486333057171,1.1782230041070478
16770.0,58,5,770.1,464,35,154.02,2,0,0,Occasional Customer,Send personalized emails and re-engagement campaigns.,-0.13089229829530877,-0.4438468671957822
16771.0,33,5,2246.81,1489,35,449.362,2,0,0,Occasional Customer,Send personalized emails and re-engagement campaigns.,0.1744407107985974,-0.4835080008170861
16773.0,57,1,171.59,171,35,171.59,2,0,0,Occasional Customer,Send personalized emails and re-engagement campaigns.,-0.428418826677663,-0.2410223341373185
16774.0,68,4,661.52,322,35,165.38,2,0,0,Occasional Customer,Send personalized emails and re-engagement campaigns.,-0.22610162913997975,-0.3235016572140255
16775.0,10,11,1695.66,440,35,154.1509090909091,2,0,0,Occasional Customer,Send personalized emails and re-engagement campaigns.,0.3482889996842013,-1.0782172284592244
16776.0,60,1,388.28,262,35,388.28,2,0,0,Occasional Customer,Send personalized emails and re-engagement campaigns.,-0.37228041094572306,-0.14913704970600175
16777.0,80,2,226.35,64,35,113.175,2,0,0,Occasional Customer,Send personalized emails and re-engagement campaigns.,-0.4272245845750838,-0.16137436379117787
16778.0,74,2,245.94,194,35,122.97,2,0,0,Occasional Customer,Send personalized emails and re-engagement campaigns.,-0.39943716611387187,-0.195651306532394
16779.0,2,22,10629.72,5325,35,483.169090909091,2,0,0,Occasional Customer,Send personalized emails and re-engagement campaigns.,2.195089417561573,-1.4381350481379318
16780.0,100,2,425.19,271,35,212.595,2,0,0,Occasional Customer,Send personalized emails and re-engagement campaigns.,-0.4060918607267758,0.009064270141512853
16781.0,372,1,311.25,113,35,311.25,0,0,2,At Risk,Provide special discounts and win-back offers.,-0.91503759500944,1.903040218461181
16782.0,10,13,2279.9,712,35,175.37692307692308,2,0,0,Occasional Customer,Send personalized emails and re-engagement campaigns.,0.5360094327133351,-1.1682800343190947
16784.0,20,1,107.6,24,35,107.6,2,0,0,Occasional Customer,Send personalized emails and re-engagement campaigns.,-0.40021629611830206,-0.5111729794026861
16788.0,123,2,597.48,311,35,298.74,2,0,0,Occasional Customer,Send personalized emails and re-engagement campaigns.,-0.4132037464394789,0.19192082360689666
16789.0,8,1,80.8,32,35,80.8,2,0,0,Occasional Customer,Send personalized emails and re-engagement campaigns.,-0.3860053291795492,-0.5996981998100537
16790.0,4,6,1545.62,898,35,257.6033333333333,2,0,0,Occasional Customer,Send personalized emails and re-engagement campaigns.,0.13245906174177624,-0.8091636475061174
16791.0,29,7,1721.78,763,35,245.96857142857144,2,0,0,Occasional Customer,Send personalized emails and re-engagement campaigns.,0.14288405446860034,-0.7008009411632063
16792.0,282,2,110.38,44,35,55.190000000000005,0,0,2,At Risk,Provide special discounts and win-back offers.,-0.7753933027198449,1.165501649257749
16793.0,57,1,243.84,146,35,243.84,2,0,0,Occasional Customer,Send personalized emails and re-engagement campaigns.,-0.414506633978527,-0.218096666528637
16794.0,1,10,1222.71,937,35,122.271,2,0,0,Occasional Customer,Send personalized emails and re-engagement campaigns.,0.32732772862762627,-1.0897678572679284
16795.0,365,1,414.88,239,35,414.88,0,0,2,At Risk,Provide special discounts and win-back offers.,-0.8648823868109566,1.8923083146581083
16796.0,89,1,305.62,186,35,305.62,2,0,0,Occasional Customer,Send personalized emails and re-engagement campaigns.,-0.4475280567112111,0.01598961123704992
16800.0,11,1,1201.49,540,35,1201.49,2,0,0,Occasional Customer,Send personalized emails and re-engagement campaigns.,-0.07096446232623613,-0.20721078693708447
16801.0,163,4,1619.73,499,35,404.9325,0,0,0,At Risk,Provide special discounts and win-back offers.,-0.2575908662211139,0.39804617887943883
16803.0,65,1,332.3,245,35,332.3,2,0,0,Occasional Customer,Send personalized emails and re-engagement campaigns.,-0.3954204744216335,-0.1342532898734578
16804.0,23,3,536.99,246,35,178.99666666666667,2,0,0,Occasional Customer,Send personalized emails and re-engagement campaigns.,-0.22483275229906768,-0.5680217664262993
16805.0,174,2,460.59,539,35,230.295,0,0,2,At Risk,Provide special discounts and win-back offers.,-0.4900395608930932,0.5133438818945514
16806.0,103,4,801.49,378,35,200.3725,2,0,0,Occasional Customer,Send personalized emails and re-engagement campaigns.,-0.26155646053097664,-0.07671907797498334
16807.0,143,3,1121.59,778,35,373.8633333333333,0,0,0,At Risk,Provide special discounts and win-back offers.,-0.28750036304639903,0.30905383297590205
16808.0,99,2,288.42,196,35,144.21,2,0,0,Occasional Customer,Send personalized emails and re-engagement campaigns.,-0.4335457767321109,-0.021857874103223717
16809.0,23,5,914.69,652,35,182.938,2,0,0,Occasional Customer,Send personalized emails and re-engagement campaigns.,-0.03785889470793176,-0.6630857184223692
16810.0,192,1,309.54,114,35,309.54,0,0,2,At Risk,Provide special discounts and win-back offers.,-0.6225270631283099,0.7025456976426494
16811.0,5,2,547.07,477,35,273.535,2,0,0,Occasional Customer,Send personalized emails and re-engagement campaigns.,-0.20947157322927093,-0.6000100750129569
16812.0,361,1,479.35,81,35,479.35,0,0,2,At Risk,Provide special discounts and win-back offers.,-0.861734495014873,1.8835423289083493
16813.0,8,10,1692.98,1525,35,169.298,2,0,0,Occasional Customer,Send personalized emails and re-engagement campaigns.,0.42274198360546267,-1.0124784117758767
16814.0,14,21,6509.1,2769,35,309.95714285714286,2,0,0,Occasional Customer,Send personalized emails and re-engagement campaigns.,1.5243263126256401,-1.4487353950194477
16816.0,103,4,417.06,274,35,104.265,2,0,0,Occasional Customer,Send personalized emails and re-engagement campaigns.,-0.31475416471071344,-0.11274062056718587
16817.0,3,9,1604.75,822,35,178.30555555555554,2,0,0,Occasional Customer,Send personalized emails and re-engagement campaigns.,0.2876496926707291,-1.0032326493623982
16818.0,11,11,3349.57,2164,35,304.50636363636363,2,0,0,Occasional Customer,Send personalized emails and re-engagement campaigns.,0.6797691720413401,-0.9750447383025187
16820.0,96,1,497.61,307,35,497.61,2,0,0,Occasional Customer,Send personalized emails and re-engagement campaigns.,-0.40015856909878256,0.1271074030197894
16823.0,227,1,358.38,136,35,358.38,0,0,2,At Risk,Provide special discounts and win-back offers.,-0.6655328002448673,0.9521017031605333
16824.0,16,2,460.64,236,35,230.32,2,0,0,Occasional Customer,Send personalized emails and re-engagement campaigns.,-0.26824592709864253,-0.5456558959025632
16825.0,39,2,775.1800000000001,566,35,387.59,2,0,0,Occasional Customer,Send personalized emails and re-engagement campaigns.,-0.22047000997700317,-0.3335765895953679
16826.0,51,1,341.7,158,35,341.7,2,0,0,Occasional Customer,Send personalized emails and re-engagement campaigns.,-0.38057242339722386,-0.22617904317935977
16828.0,93,2,128.5,59,35,64.25,2,0,0,Occasional Customer,Send personalized emails and re-engagement campaigns.,-0.4635200132671461,-0.091146997902689
16829.0,157,1,197.22,99,35,197.22,0,0,2,At Risk,Provide special discounts and win-back offers.,-0.5934843630851385,0.4325648024047105
16830.0,39,1,325.91,264,35,325.91,2,0,0,Occasional Customer,Send personalized emails and re-engagement campaigns.,-0.35240715357550656,-0.30929200357712483
16832.0,184,3,199.15,33,35,66.38333333333334,0,0,2,At Risk,Provide special discounts and win-back offers.,-0.5523287744143319,0.46249777566537303
16833.0,1,4,1106.53,440,35,276.6325,2,0,0,Occasional Customer,Send personalized emails and re-engagement campaigns.,-0.05581466781871919,-0.728500349230019
16834.0,228,1,413.46,358,35,413.46,0,0,2,At Risk,Provide special discounts and win-back offers.,-0.6285329829095495,0.98078851549233
16835.0,128,2,180.85,61,35,90.425,2,0,0,Occasional Customer,Send personalized emails and re-engagement campaigns.,-0.5124253981362751,0.15095926919406444
16836.0,40,2,251.87,165,35,125.935,2,0,0,Occasional Customer,Send personalized emails and re-engagement campaigns.,-0.346620006127447,-0.4218664868748881
16837.0,31,11,3170.98,1563,35,288.2709090909091,2,0,0,Occasional Customer,Send personalized emails and re-engagement campaigns.,0.5630468719827785,-0.859954638970107
16838.0,197,2,588.85,185,35,294.425,0,0,2,At Risk,Provide special discounts and win-back offers.,-0.5495049006928262,0.6814216809359878
16839.0,9,34,16594.35,8975,35,488.0691176470588,2,1,0,Occasional Customer,Send personalized emails and re-engagement campaigns.,3.683864203072802,-1.9071556276502848
16841.0,37,6,1869.82,2250,35,311.63666666666666,2,0,0,Occasional Customer,Send personalized emails and re-engagement campaigns.,0.2660706543995838,-0.5434400877174493
16842.0,101,3,1264.19,693,35,421.3966666666667,2,0,0,Occasional Customer,Send personalized emails and re-engagement campaigns.,-0.2118196899666331,0.04382320172345651
16843.0,43,16,10196.57,10159,35,637.285625,2,0,0,Occasional Customer,Send personalized emails and re-engagement campaigns.,2.3442856191192587,-0.706384852602628
16846.0,50,1,214.32,135,35,214.32,2,0,0,Occasional Customer,Send personalized emails and re-engagement campaigns.,-0.4112704835246096,-0.27452856459762487
16847.0,43,1,193.44,78,35,193.44,2,0,0,Occasional Customer,Send personalized emails and re-engagement campaigns.,-0.4113701309556388,-0.3290294621683799
16848.0,53,1,281.42,182,35,281.42,2,0,0,Occasional Customer,Send personalized emails and re-engagement campaigns.,-0.3950677577243543,-0.23191441146470584
16849.0,187,1,124.57,33,35,124.57,0,0,2,At Risk,Provide special discounts and win-back offers.,-0.6668661409091771,0.6077879136514575
16850.0,334,1,332.41,249,35,332.41,0,0,2,At Risk,Provide special discounts and win-back offers.,-0.8324918020811831,1.6591306945560786
16851.0,4,3,342.45,271,35,114.15,2,0,0,Occasional Customer,Send personalized emails and re-engagement campaigns.,-0.2145441281671788,-0.7165344183177236
16852.0,10,2,144.91000000000005,56,35,72.45500000000001,2,0,0,Occasional Customer,Send personalized emails and re-engagement campaigns.,-0.3264157717045922,-0.6417775741529375
16855.0,24,2,328.4,164,35,164.2,2,0,0,Occasional Customer,Send personalized emails and re-engagement campaigns.,-0.30931630695327883,-0.5157669565104394
16856.0,15,1,35.400000000000006,12,35,35.400000000000006,2,0,0,Occasional Customer,Send personalized emails and re-engagement campaigns.,-0.4102845729196249,-0.5681119575114131
16858.0,369,1,375.69000000000005,91,35,375.69000000000005,0,0,2,At Risk,Provide special discounts and win-back offers.,-0.8977148044882199,1.9034939739391772
16859.0,145,2,747.81,827,35,373.905,0,0,0,At Risk,Provide special discounts and win-back offers.,-0.36662868880924043,0.37341389270336695
16861.0,60,2,173.76,140,35,86.88,2,0,0,Occasional Customer,Send personalized emails and re-engagement campaigns.,-0.39368765003422945,-0.30205411542809574
16863.0,31,2,502.8,409,35,251.4,2,0,0,Occasional Customer,Send personalized emails and re-engagement campaigns.,-0.26625906704472957,-0.43535771745732743
16866.0,141,3,207.74,60,35,69.24666666666666,0,0,0,At Risk,Provide special discounts and win-back offers.,-0.4782068059143406,0.17733520104747003
16869.0,23,4,825.42,585,35,206.355,2,0,0,Occasional Customer,Send personalized emails and re-engagement campaigns.,-0.10480611071770694,-0.6040131385427626
16871.0,22,6,2812.34,1253,35,468.72333333333336,2,0,0,Occasional Customer,Send personalized emails and re-engagement campaigns.,0.26218883856381625,-0.6033500913311921
16872.0,77,3,680.02,600,35,226.6733333333333,2,0,0,Occasional Customer,Send personalized emails and re-engagement campaigns.,-0.254227072727,-0.18495134044310876
16873.0,5,6,7123.62,3840,35,1187.27,2,0,0,Occasional Customer,Send personalized emails and re-engagement campaigns.,0.9912938915260056,-0.39861588537099446
16875.0,67,5,2095.53,1069,35,419.1060000000001,2,0,0,Occasional Customer,Send personalized emails and re-engagement campaigns.,0.05540721345569946,-0.27579563314632793
16877.0,12,6,853.72,463,35,142.28666666666666,2,0,0,Occasional Customer,Send personalized emails and re-engagement campaigns.,0.004568606403624506,-0.8072504517303015
16878.0,84,1,13.3,12,35,13.3,2,0,0,Occasional Customer,Send personalized emails and re-engagement campaigns.,-0.5276660182756232,-0.115284109671431
16880.0,31,7,1519.08,753,35,217.01142857142852,2,0,0,Occasional Customer,Send personalized emails and re-engagement campaigns.,0.12043683407067682,-0.6988047662512421
16881.0,67,1,432.0,600,35,432.0,2,0,0,Occasional Customer,Send personalized emails and re-engagement campaigns.,-0.33420096391306864,-0.08194420680501024
16882.0,67,3,705.12,424,35,235.04,2,0,0,Occasional Customer,Send personalized emails and re-engagement campaigns.,-0.255383879480534,-0.2520526476441365
16883.0,187,2,276.73,104,35,138.365,0,0,2,At Risk,Provide special discounts and win-back offers.,-0.5891231216025115,0.5611028712674796
16884.0,38,2,429.84,320,35,214.92,2,0,0,Occasional Customer,Send personalized emails and re-engagement campaigns.,-0.29885315120865985,-0.40255510669955225
16885.0,15,3,471.51,184,35,157.17,2,0,0,Occasional Customer,Send personalized emails and re-engagement campaigns.,-0.2269442289921318,-0.6300348693526521
16887.0,35,1,194.88,157,35,194.88,2,0,0,Occasional Customer,Send personalized emails and re-engagement campaigns.,-0.388839056231073,-0.3804058740511104
16889.0,195,3,1578.67,925,35,526.2233333333334,0,0,2,At Risk,Provide special discounts and win-back offers.,-0.2997289011504766,0.7109242048150438
16891.0,2,5,809.7,283,35,161.94,2,0,0,Occasional Customer,Send personalized emails and re-engagement campaigns.,-0.056938226522576366,-0.817691036730667
16892.0,1,5,525.54,239,35,105.108,2,0,0,Occasional Customer,Send personalized emails and re-engagement campaigns.,-0.08842867163008883,-0.8459079056971703
16893.0,367,1,145.93,62,35,145.93,0,0,2,At Risk,Provide special discounts and win-back offers.,-0.9513154261434958,1.81521108979452
16895.0,65,1,219.14,102,35,219.14,2,0,0,Occasional Customer,Send personalized emails and re-engagement campaigns.,-0.43838374577362743,-0.17359297102560184
16897.0,299,2,289.78,73,35,144.89,0,0,2,At Risk,Provide special discounts and win-back offers.,-0.7729655206619408,1.309339703901502
16898.0,26,3,508.81,419,35,169.60333333333332,2,0,0,Occasional Customer,Send personalized emails and re-engagement campaigns.,-0.21301071834867555,-0.5479954895889759
16899.0,8,6,1281.56,522,35,213.59333333333333,2,0,0,Occasional Customer,Send personalized emails and re-engagement campaigns.,0.05770178951241567,-0.8060787221186146
16900.0,17,3,887.11,833,35,295.7033333333333,2,0,0,Occasional Customer,Send personalized emails and re-engagement campaigns.,-0.10450521556836258,-0.5567854639806641
16902.0,116,1,1706.88,629,35,1706.88,0,0,0,At Risk,Provide special discounts and win-back offers.,-0.11377134606080233,0.6581040113596739
16903.0,29,1,373.24,262,35,373.24,2,0,0,Occasional Customer,Send personalized emails and re-engagement campaigns.,-0.3253560354086139,-0.36066718360885447
16904.0,4,16,3754.27,2034,35,234.641875,2,0,0,Occasional Customer,Send personalized emails and re-engagement campaigns.,0.9770569261870676,-1.3114503906829087
16905.0,5,7,3102.43,1408,35,443.2042857142857,2,0,0,Occasional Customer,Send personalized emails and re-engagement campaigns.,0.37971566777917515,-0.7727060201197573
16906.0,82,4,579.77,281,35,144.9425,2,0,0,Occasional Customer,Send personalized emails and re-engagement campaigns.,-0.26238206544740195,-0.23818742062081932
16907.0,29,5,981.65,298,35,196.33,2,0,0,Occasional Customer,Send personalized emails and re-engagement campaigns.,-0.08216867664489443,-0.6248756522915754
16909.0,72,1,379.14,436,35,379.14,2,0,0,Occasional Customer,Send personalized emails and re-engagement campaigns.,-0.37370189720672925,-0.06882040983601995
16910.0,4,8,1510.06,886,35,188.7575,2,0,0,Occasional Customer,Send personalized emails and re-engagement campaigns.,0.23177552145841548,-0.9391464227834813
16912.0,29,11,2575.38,1029,35,234.12545454545452,2,0,0,Occasional Customer,Send personalized emails and re-engagement campaigns.,0.45643718354827206,-0.9064043572287317
16913.0,290,1,113.44,82,35,113.44,0,0,2,At Risk,Provide special discounts and win-back offers.,-0.8313035264621613,1.2917506678257182
16914.0,36,1,208.46,121,35,208.46,2,0,0,Occasional Customer,Send personalized emails and re-engagement campaigns.,-0.39148916765911046,-0.37002024783053267
16915.0,9,6,621.6800000000001,132,35,103.61333333333334,2,0,0,Occasional Customer,Send personalized emails and re-engagement campaigns.,-0.050595218128115814,-0.8479823939039335
16916.0,24,2,576.26,440,35,288.13,2,0,0,Occasional Customer,Send personalized emails and re-engagement campaigns.,-0.2403324047233865,-0.4691698720831867
16917.0,277,1,391.52,232,35,391.52,0,0,2,At Risk,Provide special discounts and win-back offers.,-0.7279908174196136,1.2979647732642992
16918.0,50,6,1068.82,721,35,178.13666666666666,2,0,0,Occasional Customer,Send personalized emails and re-engagement campaigns.,-0.007259468474063279,-0.5356269442050715
16919.0,156,11,2596.45,1413,35,236.04090909090908,2,0,0,Occasional Customer,Send personalized emails and re-engagement campaigns.,0.29618237145592236,-0.05171390603876649
16921.0,61,1,169.79,171,35,169.79,2,0,0,Occasional Customer,Send personalized emails and re-engagement campaigns.,-0.43534432251554483,-0.21493946121566368
16923.0,12,19,7247.61,3417,35,381.4531578947368,2,0,0,Occasional Customer,Send personalized emails and re-engagement campaigns.,1.5483183461297987,-1.3121030226382389
16924.0,21,3,846.75,493,35,282.25,2,0,0,Occasional Customer,Send personalized emails and re-engagement campaigns.,-0.15541319102001103,-0.54115810899166
16926.0,371,1,230.25,35,35,230.25,0,0,2,At Risk,Provide special discounts and win-back offers.,-0.9413325845941347,1.8686734787755868
16927.0,116,3,543.05,993,35,181.01666666666665,2,0,0,Occasional Customer,Send personalized emails and re-engagement campaigns.,-0.28854549333355306,0.06673041891767577
16928.0,80,17,2847.6,2114,35,167.50588235294117,2,0,0,Occasional Customer,Send personalized emails and re-engagement campaigns.,0.8498331114218022,-0.887492274100314
16929.0,4,7,1295.39,929,35,185.0557142857143,2,0,0,Occasional Customer,Send personalized emails and re-engagement campaigns.,0.16491496299307984,-0.8877845442378225
16930.0,26,3,380.55,341,35,126.85,2,0,0,Occasional Customer,Send personalized emails and re-engagement campaigns.,-0.23758618684939609,-0.564181920597894
16931.0,5,21,4604.22,3158,35,219.24857142857144,2,0,0,Occasional Customer,Send personalized emails and re-engagement campaigns.,1.4451705865584277,-1.5492691849191846
16932.0,53,1,161.94,87,35,161.94,2,0,0,Occasional Customer,Send personalized emails and re-engagement campaigns.,-0.4339227095610254,-0.27239611316895734
16933.0,1,2,563.23,288,35,281.615,2,0,0,Occasional Customer,Send personalized emails and re-engagement campaigns.,-0.22252831493926403,-0.6275387605626166
16934.0,55,2,950.93,399,35,475.465,2,0,0,Occasional Customer,Send personalized emails and re-engagement campaigns.,-0.23974187083270818,-0.20070832749930625
16936.0,26,1,262.68,173,35,262.68,2,0,0,Occasional Customer,Send personalized emails and re-engagement campaigns.,-0.3565573062537387,-0.4181465630861637
16938.0,9,4,2736.38,2540,35,684.095,2,0,0,Occasional Customer,Send personalized emails and re-engagement campaigns.,0.3495615382784708,-0.49118351830551665
16940.0,52,3,3049.88,2169,35,1016.6266666666668,2,0,0,Occasional Customer,Send personalized emails and re-engagement campaigns.,0.2553741082376786,-0.05012734850110164
16942.0,13,9,1920.59,811,35,213.39888888888888,2,0,0,Occasional Customer,Send personalized emails and re-engagement campaigns.,0.2965186188223903,-0.9225494568989518
16943.0,212,3,816.73,145,35,272.24333333333334,0,0,2,At Risk,Provide special discounts and win-back offers.,-0.5101795070523979,0.7221295963681286
16945.0,22,19,4345.5,2725,35,228.71052631578948,2,0,0,Occasional Customer,Send personalized emails and re-engagement campaigns.,1.2373867535341052,-1.3359679615345434
16947.0,236,1,406.48,312,35,406.48,0,0,2,At Risk,Provide special discounts and win-back offers.,-0.6485177569760142,1.0309928098678312
16948.0,139,3,435.02,1614,35,145.00666666666666,2,0,0,Occasional Customer,Send personalized emails and re-engagement campaigns.,-0.2668360918984172,0.21936647511251622
16949.0,4,6,1286.27,791,35,214.37833333333333,2,0,0,Occasional Customer,Send personalized emails and re-engagement campaigns.,0.09591438523189956,-0.8273807841831948
16950.0,57,3,1178.56,644,35,392.8533333333333,2,0,0,Occasional Customer,Send personalized emails and re-engagement campaigns.,-0.15629807025613657,-0.26024882784674036
16951.0,135,3,1277.75,1318,35,425.9166666666667,2,0,0,Occasional Customer,Send personalized emails and re-engagement campaigns.,-0.1928358895248056,0.2838166618505021
16952.0,109,2,167.61,92,35,83.805,2,0,0,Occasional Customer,Send personalized emails and re-engagement campaigns.,-0.4798873301800058,0.02266983864738063
16953.0,30,1,20.8,10,35,20.8,2,0,0,Occasional Customer,Send personalized emails and re-engagement campaigns.,-0.4383149630366357,-0.4728809509707345
16954.0,1,9,2085.08,1054,35,231.67555555555555,2,0,0,Occasional Customer,Send personalized emails and re-engagement campaigns.,0.35804053859116586,-0.9905582997817416
16955.0,185,4,518.67,266,35,129.6675,0,0,2,At Risk,Provide special discounts and win-back offers.,-0.43820163601577977,0.4427598178235587
16956.0,18,1,308.74,114,35,308.74,2,0,0,Occasional Customer,Send personalized emails and re-engagement campaigns.,-0.33968068755858716,-0.4576743285686242
16957.0,239,2,416.64,172,35,208.32,0,0,2,At Risk,Provide special discounts and win-back offers.,-0.6449732190074576,0.9324060719596546
16959.0,87,1,117.35,49,35,117.35,2,0,0,Occasional Customer,Send personalized emails and re-engagement campaigns.,-0.5040245572200625,-0.06089284770413828
16960.0,39,3,507.05,304,35,169.01666666666668,2,0,0,Occasional Customer,Send personalized emails and re-engagement campaigns.,-0.2477371328595528,-0.4637009352129497
16961.0,116,1,234.17,125,35,234.17,0,0,0,At Risk,Provide special discounts and win-back offers.,-0.5151694341889873,0.1716962215515507
16963.0,187,1,110.55,35,35,110.55,0,0,2,At Risk,Provide special discounts and win-back offers.,-0.6698972022092526,0.603285490508971
16965.0,227,1,201.19,291,35,201.19,0,0,2,At Risk,Provide special discounts and win-back offers.,-0.6841060343394745,0.9041197464863884
16966.0,8,7,2154.97,1981,35,307.8528571428571,2,0,0,Occasional Customer,Send personalized emails and re-engagement campaigns.,0.3571575612581341,-0.7940172572750024
16967.0,189,1,319.02,333,35,319.02,0,0,2,At Risk,Provide special discounts and win-back offers.,-0.5899841163850962,0.6897434973874692
16968.0,4,2,439.43,326,35,219.715,2,0,0,Occasional Customer,Send personalized emails and re-engagement campaigns.,-0.24142271693358813,-0.6274994227910035
16969.0,39,3,650.41,816,35,216.8033333333333,2,0,0,Occasional Customer,Send personalized emails and re-engagement campaigns.,-0.17088808345482234,-0.4376029107120992
16971.0,38,1,357.21,72,35,357.21,2,0,0,Occasional Customer,Send personalized emails and re-engagement campaigns.,-0.36581248748622497,-0.3094408993785722
16976.0,267,1,251.52,88,35,251.52,0,0,2,At Risk,Provide special discounts and win-back offers.,-0.761051832320184,1.183250191853664
16978.0,78,1,344.33,166,35,344.33,2,0,0,Occasional Customer,Send personalized emails and re-engagement campaigns.,-0.42294915800923666,-0.04518265914263815
16979.0,4,6,1852.0,865,35,308.6666666666667,2,0,0,Occasional Customer,Send personalized emails and re-engagement campaigns.,0.15710180868581994,-0.7906471150170896
16980.0,255,2,1078.96,788,35,539.48,0,0,2,At Risk,Provide special discounts and win-back offers.,-0.5007883345404823,1.1612936945954475
16982.0,61,1,384.06,182,35,384.06,2,0,0,Occasional Customer,Send personalized emails and re-engagement campaigns.,-0.38418847702978687,-0.14534483060706818
16983.0,13,7,1931.25,1379,35,275.8928571428572,2,0,0,Occasional Customer,Send personalized emails and re-engagement campaigns.,0.25914709509681627,-0.7843344783800313
16984.0,88,2,4481.35,2423,35,2240.675,0,0,0,At Risk,Provide special discounts and win-back offers.,0.46746388015635487,0.6470515846506475
16985.0,17,10,5464.12,1832,35,546.412,2,0,0,Occasional Customer,Send personalized emails and re-engagement campaigns.,0.752138662447986,-0.7899769525399378
16986.0,30,2,1873.2,1040,35,936.6,2,0,0,Occasional Customer,Send personalized emails and re-engagement campaigns.,0.012742497318056609,-0.20125884423294635
16987.0,3,7,1625.05,402,35,232.15,2,0,0,Occasional Customer,Send personalized emails and re-engagement campaigns.,0.13460918721921292,-0.8862517672883943
16988.0,5,1,126.12,43,35,126.12,2,0,0,Occasional Customer,Send personalized emails and re-engagement campaigns.,-0.3692973552704569,-0.6048141905995902
16989.0,7,6,1133.25,1233,35,188.875,2,0,0,Occasional Customer,Send personalized emails and re-engagement campaigns.,0.128188642522232,-0.8086102630722889
16990.0,219,1,179.0,100,35,179.0,0,0,2,At Risk,Provide special discounts and win-back offers.,-0.6984600241972989,0.840002865155159
16992.0,11,5,1614.31,860,35,322.862,2,0,0,Occasional Customer,Send personalized emails and re-engagement campaigns.,0.07478237611484982,-0.6881461696122326
16996.0,30,6,1456.96,544,35,242.82666666666668,2,0,0,Occasional Customer,Send personalized emails and re-engagement campaigns.,0.040777098352161034,-0.6480457884483796
16997.0,288,3,702.0,360,35,234.0,0,0,2,At Risk,Provide special discounts and win-back offers.,-0.6226843691135598,1.219666991014951
16998.0,150,4,295.0,76,35,73.75,2,0,0,Occasional Customer,Send personalized emails and re-engagement campaigns.,-0.427273254046579,0.1860358581709634
16999.0,23,2,484.82,294,35,242.41,2,0,0,Occasional Customer,Send personalized emails and re-engagement campaigns.,-0.2692904622482862,-0.49385939180618155
17001.0,1,11,3989.57,2164,35,362.6881818181818,2,0,0,Occasional Customer,Send personalized emails and re-engagement campaigns.,0.7473893981332864,-1.016937384212723
17002.0,86,3,1493.73,679,35,497.91,2,0,0,Occasional Customer,Send personalized emails and re-engagement campaigns.,-0.16129236676489073,-0.030100005442507124
17004.0,46,2,1412.94,819,35,706.47,2,0,0,Occasional Customer,Send personalized emails and re-engagement campaigns.,-0.10749681720557859,-0.17562975584520155
17006.0,5,4,781.78,272,35,195.445,2,0,0,Occasional Customer,Send personalized emails and re-engagement campaigns.,-0.11657631196425859,-0.7337744291171715
17007.0,51,6,889.9300000000001,597,35,148.3216666666667,2,0,0,Occasional Customer,Send personalized emails and re-engagement campaigns.,-0.039927914272210506,-0.542471972800893
17010.0,18,1,195.36,118,35,195.36,2,0,0,Occasional Customer,Send personalized emails and re-engagement campaigns.,-0.36560803459477037,-0.49431493614993355
17011.0,30,1,270.9,186,35,270.9,2,0,0,Occasional Customer,Send personalized emails and re-engagement campaigns.,-0.3596392652045834,-0.388573906783261
17014.0,8,3,586.33,245,35,195.44333333333336,2,0,0,Occasional Customer,Send personalized emails and re-engagement campaigns.,-0.19458358051327138,-0.6623760078858034
17015.0,29,3,1842.56,1981,35,614.1866666666666,2,0,0,Occasional Customer,Send personalized emails and re-engagement campaigns.,0.12494791364283497,-0.34552560587210146
17017.0,3,20,8694.26,6673,35,434.713,2,0,0,Occasional Customer,Send personalized emails and re-engagement campaigns.,2.1016689919823537,-1.3331896439442226
17018.0,41,2,920.1,176,35,460.05,2,0,0,Occasional Customer,Send personalized emails and re-engagement campaigns.,-0.2474804708603302,-0.3033900985465716
17019.0,11,4,1272.61,827,35,318.1525,2,0,0,Occasional Customer,Send personalized emails and re-engagement campaigns.,-0.009336720908352652,-0.6398274839705812
17022.0,31,1,71.0,108,35,71.0,2,0,0,Occasional Customer,Send personalized emails and re-engagement campaigns.,-0.4168647374568924,-0.4481113008560198
17024.0,45,3,95.85,69,35,31.95,2,0,0,Occasional Customer,Send personalized emails and re-engagement campaigns.,-0.3345341514910535,-0.47531183334090565
17025.0,61,3,357.77,235,35,119.25666666666666,2,0,0,Occasional Customer,Send personalized emails and re-engagement campaigns.,-0.3095938580508076,-0.3354678451187128
17026.0,185,2,154.82999999999998,97,35,77.41499999999999,0,0,2,At Risk,Provide special discounts and win-back offers.,-0.6048322825807705,0.527279264864308
17027.0,79,6,890.29,421,35,148.38166666666666,2,0,0,Occasional Customer,Send personalized emails and re-engagement campaigns.,-0.10589799382083322,-0.3591059418223015
17029.0,111,2,716.0,400,35,358.0,2,0,0,Occasional Customer,Send personalized emails and re-engagement campaigns.,-0.3656934701455239,0.13339508267700698
17030.0,64,1,146.87,146,35,146.87,2,0,0,Occasional Customer,Send personalized emails and re-engagement campaigns.,-0.44846542859414673,-0.20283348945267876
17031.0,12,2,380.35,235,35,190.175,2,0,0,Occasional Customer,Send personalized emails and re-engagement campaigns.,-0.27380941878002196,-0.5857499300888537
17033.0,86,3,1030.14,750,35,343.38000000000005,2,0,0,Occasional Customer,Send personalized emails and re-engagement campaigns.,-0.2090953478260009,-0.08195397000788113
17034.0,16,3,745.52,410,35,248.50666666666663,2,0,0,Occasional Customer,Send personalized emails and re-engagement campaigns.,-0.16916834518920718,-0.5876695757399124
17035.0,246,2,433.53,229,35,216.765,0,0,2,At Risk,Provide special discounts and win-back offers.,-0.6472193441678843,0.9829662105439506
17037.0,88,1,1267.32,656,35,1267.32,0,0,0,At Risk,Provide special discounts and win-back offers.,-0.16740705688291002,0.32960918371309217
17038.0,30,1,112.4,28,35,112.4,2,0,0,Occasional Customer,Send personalized emails and re-engagement campaigns.,-0.4149002497070944,-0.4428787834490812
17040.0,138,1,449.73,181,35,449.73,0,0,0,At Risk,Provide special discounts and win-back offers.,-0.49426828084034086,0.3892183812909976
17041.0,27,3,1081.57,951,35,360.5233333333333,2,0,0,Occasional Customer,Send personalized emails and re-engagement campaigns.,-0.08354171667208714,-0.4655850382957407
17042.0,3,5,1044.38,994,35,208.876,2,0,0,Occasional Customer,Send personalized emails and re-engagement campaigns.,0.047207634705013615,-0.7805122208906279
17043.0,32,4,1735.18,998,35,433.795,2,0,0,Occasional Customer,Send personalized emails and re-engagement campaigns.,0.025845755967435182,-0.4556245655909515
17044.0,25,1,948.48,504,35,948.48,2,0,0,Occasional Customer,Send personalized emails and re-engagement campaigns.,-0.15681681792543267,-0.19649159124405702
17045.0,113,3,339.44,106,35,113.14666666666666,2,0,0,Occasional Customer,Send personalized emails and re-engagement campaigns.,-0.41138955569404545,0.006652888726781267
17046.0,157,1,642.02,510,35,642.02,0,0,2,At Risk,Provide special discounts and win-back offers.,-0.4421707341662509,0.5843505336766643
17047.0,85,3,1100.9,533,35,366.9666666666667,2,0,0,Occasional Customer,Send personalized emails and re-engagement campaigns.,-0.22413649726873383,-0.0845909716928765
17048.0,118,3,925.35,485,35,308.45,2,0,0,Occasional Customer,Send personalized emails and re-engagement campaigns.,-0.3046215602932715,0.11435454091220186
17049.0,3,9,5659.9800000000005,2676,35,628.8866666666668,2,0,0,Occasional Customer,Send personalized emails and re-engagement campaigns.,0.8422969632596506,-0.7856369839045066
17050.0,96,6,3228.84,1614,35,538.14,2,0,0,Occasional Customer,Send personalized emails and re-engagement campaigns.,0.2224954471493738,-0.07721283185818135
17051.0,194,1,247.14,184,35,247.14,0,0,2,At Risk,Provide special discounts and win-back offers.,-0.632168890836923,0.6969907087940613
17052.0,28,1,413.75,261,35,413.75,2,0,0,Occasional Customer,Send personalized emails and re-engagement campaigns.,-0.31441583729534595,-0.35423406651780326
17053.0,131,1,498.48,122,35,498.48,0,0,0,At Risk,Provide special discounts and win-back offers.,-0.47839211502744927,0.35722816425304144
17054.0,28,5,1356.33,804,35,271.266,2,0,0,Occasional Customer,Send personalized emails and re-engagement campaigns.,0.015197737182545424,-0.5946841549663008
17058.0,82,3,1179.89,592,35,393.2966666666667,2,0,0,Occasional Customer,Send personalized emails and re-engagement campaigns.,-0.20284728245301367,-0.09441514277623615
17059.0,30,5,3095.04,1855,35,619.008,2,0,0,Occasional Customer,Send personalized emails and re-engagement campaigns.,0.3054529042683847,-0.4347560702811925
17060.0,266,1,234.24,216,35,234.24,0,0,2,At Risk,Provide special discounts and win-back offers.,-0.7485690078520248,1.1734001933969236
17061.0,74,11,5232.2300000000005,1526,35,475.6572727272728,2,0,0,Occasional Customer,Send personalized emails and re-engagement campaigns.,0.6541971305867322,-0.49421237029346904
17062.0,314,4,538.37,430,35,134.5925,0,0,2,At Risk,Provide special discounts and win-back offers.,-0.6268663388325231,1.307567044442156
17063.0,21,7,1461.14,770,35,208.73428571428573,2,0,0,Occasional Customer,Send personalized emails and re-engagement campaigns.,0.133524970543335,-0.7683354419149715
17064.0,59,3,859.35,318,35,286.45,2,0,0,Occasional Customer,Send personalized emails and re-engagement campaigns.,-0.2360431802446894,-0.28968558152415924
17068.0,12,21,4552.14,2164,35,216.76857142857145,2,0,0,Occasional Customer,Send personalized emails and re-engagement campaigns.,1.314441996600876,-1.52264539722008
17069.0,28,9,2709.7000000000003,1506,35,301.0777777777778,2,0,0,Occasional Customer,Send personalized emails and re-engagement campaigns.,0.418898885620079,-0.7739119582540664
17070.0,114,1,312.14,133,35,312.14,0,0,0,At Risk,Provide special discounts and win-back offers.,-0.49283661891284114,0.1837632272361177
17071.0,28,9,2429.03,1197,35,269.89222222222224,2,0,0,Occasional Customer,Send personalized emails and re-engagement campaigns.,0.3595085110660492,-0.7923772206206497
17073.0,18,4,1446.09,759,35,361.5225,2,0,0,Occasional Customer,Send personalized emails and re-engagement campaigns.,-0.010076338269717634,-0.5790730736105906
17075.0,18,4,834.12,292,35,208.53,2,0,0,Occasional Customer,Send personalized emails and re-engagement campaigns.,-0.12980069124973165,-0.6420962925537417
17076.0,36,3,841.0799999999999,295,35,280.36,2,0,0,Occasional Customer,Send personalized emails and re-engagement campaigns.,-0.20351347790334443,-0.4455434930887231
17078.0,36,2,378.2,788,35,189.1,2,0,0,Occasional Customer,Send personalized emails and re-engagement campaigns.,-0.24888831857579508,-0.4156927245901417
17079.0,78,1,118.8,24,35,118.8,2,0,0,Occasional Customer,Send personalized emails and re-engagement campaigns.,-0.49195338825805,-0.12089241535538546
17080.0,22,2,287.62,166,35,143.81,2,0,0,Occasional Customer,Send personalized emails and re-engagement campaigns.,-0.3119019954298763,-0.5358729122022048
17081.0,25,2,290.16,78,35,145.08,2,0,0,Occasional Customer,Send personalized emails and re-engagement campaigns.,-0.3266327405021256,-0.5171077947223934
17082.0,33,2,2003.85,1049,35,1001.925,2,0,0,Occasional Customer,Send personalized emails and re-engagement campaigns.,0.0283602311627951,-0.15926974633282817
17083.0,109,3,1405.78,772,35,468.5933333333333,2,0,0,Occasional Customer,Send personalized emails and re-engagement campaigns.,-0.19852915070233282,0.11488949221081225
17084.0,35,2,2949.75,1816,35,1474.875,2,0,0,Occasional Customer,Send personalized emails and re-engagement campaigns.,0.25508994958652076,0.0264947372970659
17085.0,123,5,1566.65,786,35,313.33000000000004,2,0,0,Occasional Customer,Send personalized emails and re-engagement campaigns.,-0.12069786849944092,0.053625375219848226
17086.0,7,6,2050.08,1859,35,341.68,2,0,0,Occasional Customer,Send personalized emails and re-engagement campaigns.,0.28617545080285467,-0.7395418375144537
17088.0,28,4,1991.01,868,35,497.7525,2,0,0,Occasional Customer,Send personalized emails and re-engagement campaigns.,0.044598244624554174,-0.46207300928697537
17090.0,4,7,2043.95,921,35,291.99285714285713,2,0,0,Occasional Customer,Send personalized emails and re-engagement campaigns.,0.23057469573610923,-0.846765422662854
17091.0,3,9,3827.76,1746,35,425.3066666666667,2,0,0,Occasional Customer,Send personalized emails and re-engagement campaigns.,0.580965555001042,-0.8856903679576243
17092.0,50,4,1777.78,1131,35,444.445,2,0,0,Occasional Customer,Send personalized emails and re-engagement campaigns.,0.01658172241534234,-0.3293476461999765
17094.0,322,1,302.0,152,35,302.0,0,0,2,At Risk,Provide special discounts and win-back offers.,-0.8313262582800223,1.5674576457680163
17095.0,23,3,1324.16,618,35,441.3866666666667,2,0,0,Occasional Customer,Send personalized emails and re-engagement campaigns.,-0.08640953696957157,-0.4706918069282335
17096.0,15,4,1022.13,339,35,255.5325,2,0,0,Occasional Customer,Send personalized emails and re-engagement campaigns.,-0.09935282162398887,-0.644551651578961
17097.0,2,8,954.42,459,30,119.3025,2,0,0,Occasional Customer,Send personalized emails and re-engagement campaigns.,0.18281916067113113,-0.8093041737523533
17100.0,18,2,971.74,800,35,485.87,2,0,0,Occasional Customer,Send personalized emails and re-engagement campaigns.,-0.12984669497146814,-0.4363340446540197
17101.0,10,4,1621.73,815,35,405.4325,2,0,0,Occasional Customer,Send personalized emails and re-engagement campaigns.,0.02822802281565775,-0.6157870501169815
17102.0,262,1,25.5,2,35,25.5,0,0,2,At Risk,Provide special discounts and win-back offers.,-0.8155276179896256,1.075104905434517
17105.0,159,2,665.78,693,35,332.89,0,0,2,At Risk,Provide special discounts and win-back offers.,-0.4171902588079406,0.4505187417903885
17107.0,33,6,10815.43,4837,35,1802.5716666666667,2,0,0,Occasional Customer,Send personalized emails and re-engagement campaigns.,1.4047998466678646,0.037447547270685014
17109.0,29,6,885.04,589,35,147.50666666666666,2,0,0,Occasional Customer,Send personalized emails and re-engagement campaigns.,-0.005526630972848699,-0.6895899294978044
17110.0,165,1,163.29999999999998,50,35,163.29999999999998,0,0,2,At Risk,Provide special discounts and win-back offers.,-0.6200888777090652,0.4739885450703975
17111.0,47,1,248.61,302,35,248.61,2,0,0,Occasional Customer,Send personalized emails and re-engagement campaigns.,-0.3789967579919054,-0.28027648672418487
17114.0,6,8,808.62,219,35,101.0775,2,0,0,Occasional Customer,Send personalized emails and re-engagement campaigns.,0.0906945538636081,-0.9730334191605678
17115.0,8,3,837.5,372,35,279.1666666666667,2,0,0,Occasional Customer,Send personalized emails and re-engagement campaigns.,-0.14945048137675776,-0.6311635263274971
17117.0,288,1,116.2,68,35,116.2,0,0,2,At Risk,Provide special discounts and win-back offers.,-0.8290351587783044,1.2790477178805615
17118.0,318,1,157.02,154,35,157.02,0,0,2,At Risk,Provide special discounts and win-back offers.,-0.8583353531086049,1.4938805091870997
17119.0,3,2,606.91,334,35,303.455,2,0,0,Occasional Customer,Send personalized emails and re-engagement campaigns.,-0.2139313954131365,-0.6060438760120083
17120.0,233,1,307.46,120,35,307.46,0,0,2,At Risk,Provide special discounts and win-back offers.,-0.6890053951179691,0.9753093372574754
17122.0,119,1,138.32,80,35,138.32,0,0,0,At Risk,Provide special discounts and win-back offers.,-0.5475917773260268,0.15980826437980233
17123.0,162,1,345.29999999999995,246,35,345.29999999999995,0,0,2,At Risk,Provide special discounts and win-back offers.,-0.5500606690208091,0.5166202660866414
17124.0,185,1,298.89,130,35,298.89,0,0,2,At Risk,Provide special discounts and win-back offers.,-0.6117599494577098,0.6527333294306116
17125.0,50,1,259.35,291,35,259.35,2,0,0,Occasional Customer,Send personalized emails and re-engagement campaigns.,-0.3826552301212466,-0.25700651446906847
17126.0,152,5,1004.75,792,35,200.95,2,0,0,Occasional Customer,Send personalized emails and re-engagement campaigns.,-0.22254498002396556,0.20609099611670406
17128.0,335,1,157.09,76,35,157.09,0,0,2,At Risk,Provide special discounts and win-back offers.,-0.8950383120354692,1.6057627327414563
17131.0,5,5,2463.17,983,35,492.634,2,0,0,Occasional Customer,Send personalized emails and re-engagement campaigns.,0.1824904444379089,-0.6639271285032796
17133.0,16,7,4892.240000000001,2730,35,698.8914285714287,2,0,0,Occasional Customer,Send personalized emails and re-engagement campaigns.,0.6747068928394774,-0.5760237851354851
17134.0,107,2,425.0,102,35,212.5,2,0,0,Occasional Customer,Send personalized emails and re-engagement campaigns.,-0.43715091090129377,0.052512712304864206
17135.0,16,7,1139.73,1224,35,162.81857142857143,2,0,0,Occasional Customer,Send personalized emails and re-engagement campaigns.,0.16583893806553077,-0.8107888681407118
17138.0,276,1,380.5,126,35,380.5,0,0,2,At Risk,Provide special discounts and win-back offers.,-0.7412507360808562,1.2857320671150299
17139.0,16,12,10668.47,5182,35,889.0391666666666,2,0,0,Occasional Customer,Send personalized emails and re-engagement campaigns.,1.6534441882828161,-0.6808011156957253
17140.0,247,1,465.32,302,35,465.32,0,0,2,At Risk,Provide special discounts and win-back offers.,-0.6538763895066263,1.123189450748282
17142.0,239,1,579.0,81,35,579.0,0,0,2,At Risk,Provide special discounts and win-back offers.,-0.6400900827221632,1.1025061545050616
17144.0,1,2,984.57,483,35,492.285,2,0,0,Occasional Customer,Send personalized emails and re-engagement campaigns.,-0.13713169473342351,-0.5534948795465348
17146.0,106,3,749.78,212,35,249.92666666666665,2,0,0,Occasional Customer,Send personalized emails and re-engagement campaigns.,-0.33806473469098125,0.009067574691112159
17147.0,23,4,1714.59,882,35,428.6475,2,0,0,Occasional Customer,Send personalized emails and re-engagement campaigns.,0.024799864979081338,-0.5196329789305609
17148.0,52,1,124.88,82,35,124.88,2,0,0,Occasional Customer,Send personalized emails and re-engagement campaigns.,-0.441504011447669,-0.2911579711018863
17152.0,195,3,1689.5,517,35,563.1666666666666,0,0,2,At Risk,Provide special discounts and win-back offers.,-0.3337531791907313,0.7159517237923964
17153.0,24,1,213.78,104,35,213.78,2,0,0,Occasional Customer,Send personalized emails and re-engagement campaigns.,-0.37270736560990186,-0.4486151498303199
17154.0,75,1,329.34,490,35,329.34,2,0,0,Occasional Customer,Send personalized emails and re-engagement campaigns.,-0.3838971778889631,-0.06393021331383199
17155.0,18,2,251.7,242,35,125.85,2,0,0,Occasional Customer,Send personalized emails and re-engagement campaigns.,-0.3019091811481344,-0.5671054915529294
17157.0,8,2,319.0,172,35,159.5,2,0,0,Occasional Customer,Send personalized emails and re-engagement campaigns.,-0.28375990121496875,-0.6238491836999208
17158.0,32,3,1266.97,778,35,422.3233333333333,2,0,0,Occasional Customer,Send personalized emails and re-engagement campaigns.,-0.08936615958889152,-0.4142404583529798
17159.0,22,3,1538.88,1111,35,512.96,2,0,0,Occasional Customer,Send personalized emails and re-engagement campaigns.,-0.001513761596026759,-0.4434304938613144
17160.0,31,6,3518.03,2856,35,586.3383333333334,2,0,0,Occasional Customer,Send personalized emails and re-engagement campaigns.,0.4994756625592401,-0.4690605908507162
17162.0,29,10,1715.46,1001,35,171.546,2,0,0,Occasional Customer,Send personalized emails and re-engagement campaigns.,0.32951173163887476,-0.8814240601383315
17163.0,22,2,293.1,66,35,146.55,2,0,0,Occasional Customer,Send personalized emails and re-engagement campaigns.,-0.32271002275307226,-0.5368422536967559
17164.0,33,7,2467.35,1501,35,352.4785714285714,2,0,0,Occasional Customer,Send personalized emails and re-engagement campaigns.,0.2884856152246225,-0.6192216118670315
17165.0,284,1,158.68,100,35,158.68,0,0,2,At Risk,Provide special discounts and win-back offers.,-0.8089206292636779,1.2667413634479188
17166.0,39,2,206.34,78,35,103.17,2,0,0,Occasional Customer,Send personalized emails and re-engagement campaigns.,-0.3618847814399477,-0.43777657521029073
17169.0,58,2,835.78,526,35,417.89,2,0,0,Occasional Customer,Send personalized emails and re-engagement campaigns.,-0.2470031696647903,-0.19754706672548727
17171.0,289,1,224.91,185,35,224.91,0,0,2,At Risk,Provide special discounts and win-back offers.,-0.7917565854533404,1.3231228042057235
17172.0,79,1,317.76,480,35,317.76,2,0,0,Occasional Customer,Send personalized emails and re-engagement campaigns.,-0.39426162698684036,-0.041202867196165144
17173.0,5,8,3766.6,1122,35,470.825,2,0,0,Occasional Customer,Send personalized emails and re-engagement campaigns.,0.4515551347930904,-0.8165636013259393
17174.0,218,1,59.9,41,35,59.9,0,0,2,At Risk,Provide special discounts and win-back offers.,-0.7314152919187167,0.7936562218764143
17175.0,44,4,1443.69,866,35,360.9225,2,0,0,Occasional Customer,Send personalized emails and re-engagement campaigns.,-0.040187633678415075,-0.40394173163926667
17176.0,202,1,306.13,170,35,306.13,0,0,2,At Risk,Provide special discounts and win-back offers.,-0.6330776904487286,0.7691612146886231
17179.0,178,3,711.79,290,35,237.2633333333333,0,0,2,At Risk,Provide special discounts and win-back offers.,-0.4507086683818716,0.48616243717447766
17180.0,56,4,796.03,683,35,199.0075,2,0,0,Occasional Customer,Send personalized emails and re-engagement campaigns.,-0.15023608946141315,-0.3847777023673121
17181.0,57,2,239.92,241,35,119.96,2,0,0,Occasional Customer,Send personalized emails and re-engagement campaigns.,-0.3672175929061545,-0.30910049246586435
17183.0,8,6,3347.31,1296,35,557.885,2,0,0,Occasional Customer,Send personalized emails and re-engagement campaigns.,0.3396863866613892,-0.6624522957603619
17186.0,47,2,144.0,200,35,72.0,2,0,0,Occasional Customer,Send personalized emails and re-engagement campaigns.,-0.36999792874931625,-0.3925574106734372
17187.0,227,1,203.95,144,35,203.95,0,0,2,At Risk,Provide special discounts and win-back offers.,-0.7005507040259494,0.9022432043626205
17188.0,11,7,2474.23,1328,35,353.4614285714286,2,0,0,Occasional Customer,Send personalized emails and re-engagement campaigns.,0.30477402027649153,-0.7687652553784862
17189.0,106,2,384.4,227,35,192.2,2,0,0,Occasional Customer,Send personalized emails and re-engagement campaigns.,-0.4270390257478965,0.04142128102507821
17190.0,59,2,444.74,161,35,222.37,2,0,0,Occasional Customer,Send personalized emails and re-engagement campaigns.,-0.34927591705881605,-0.2630677994274487
17191.0,28,7,2095.13,1167,35,299.3042857142857,2,0,0,Occasional Customer,Send personalized emails and re-engagement campaigns.,0.22468333347572192,-0.6793199299659508
17193.0,36,7,1699.3000000000002,1254,35,242.7571428571429,2,0,0,Occasional Customer,Send personalized emails and re-engagement campaigns.,0.1865712892936361,-0.6461189837442881
17194.0,274,2,262.62,119,35,131.31,0,0,2,At Risk,Provide special discounts and win-back offers.,-0.7309965624844799,1.1390094933611383
17197.0,30,1,1013.01,191,35,1013.01,2,0,0,Occasional Customer,Send personalized emails and re-engagement campaigns.,-0.18631162407105167,-0.14816124833925887
17198.0,24,3,692.22,357,35,230.74,2,0,0,Occasional Customer,Send personalized emails and re-engagement campaigns.,-0.19478688662664914,-0.5414524654570526
17201.0,54,1,342.63,268,35,342.63,2,0,0,Occasional Customer,Send personalized emails and re-engagement campaigns.,-0.3724495210176791,-0.2038055272569086
17203.0,36,6,3563.85,2850,35,593.975,2,0,0,Occasional Customer,Send personalized emails and re-engagement campaigns.,0.49490416859194414,-0.4329792453135405
17204.0,175,4,1564.56,646,35,391.14,0,0,2,At Risk,Provide special discounts and win-back offers.,-0.26592279911660005,0.47592558416830405
17205.0,54,1,384.08,884,35,384.08,2,0,0,Occasional Customer,Send personalized emails and re-engagement campaigns.,-0.2911976634098922,-0.17877377563584296
17206.0,53,1,204.24,76,35,204.24,2,0,0,Occasional Customer,Send personalized emails and re-engagement campaigns.,-0.42535485416146857,-0.25890535268543924
17211.0,27,8,2317.2200000000003,1323,35,289.65250000000003,2,0,0,Occasional Customer,Send personalized emails and re-engagement campaigns.,0.31454368085618334,-0.7377105100060379
17212.0,253,1,226.85,147,35,226.85,0,0,2,At Risk,Provide special discounts and win-back offers.,-0.7371636114301868,1.0830429776555268
17213.0,40,7,2781.23,1176,35,397.3185714285714,2,0,0,Occasional Customer,Send personalized emails and re-engagement campaigns.,0.2672433863755558,-0.5614183478173687
17214.0,60,6,1069.12,276,35,178.1866666666667,2,0,0,Occasional Customer,Send personalized emails and re-engagement campaigns.,-0.07522418621296222,-0.47733011336013587
17217.0,234,1,113.5,24,35,113.5,0,0,2,At Risk,Provide special discounts and win-back offers.,-0.7469404718236704,0.9173562785555476
17218.0,4,10,1960.72,958,35,196.072,2,0,0,Occasional Customer,Send personalized emails and re-engagement campaigns.,0.38523297871027595,-1.03870317448482
17219.0,32,1,114.23,89,35,114.23,2,0,0,Occasional Customer,Send personalized emails and re-engagement campaigns.,-0.41063693531440587,-0.42780370049913485
17220.0,24,14,3198.25,1905,35,228.44642857142856,2,0,0,Occasional Customer,Send personalized emails and re-engagement campaigns.,0.7777821071963898,-1.0803619924235366
17221.0,7,2,335.13,288,35,167.565,2,0,0,Occasional Customer,Send personalized emails and re-engagement campaigns.,-0.26624808189165516,-0.6256356172063681
17222.0,65,1,354.15,128,35,354.15,2,0,0,Occasional Customer,Send personalized emails and re-engagement campaigns.,-0.40393425281264655,-0.1293825221885831
17223.0,310,2,426.79,112,35,213.395,0,0,2,At Risk,Provide special discounts and win-back offers.,-0.765926718746958,1.4062879093147476
17226.0,309,1,393.49,406,35,393.49,0,0,2,At Risk,Provide special discounts and win-back offers.,-0.759358629092098,1.5152080247506325
17227.0,19,6,939.32,741,35,156.55333333333334,2,0,0,Occasional Customer,Send personalized emails and re-engagement campaigns.,0.0334533753752528,-0.7499991341824752
17228.0,16,8,1906.09,1532,35,238.26125,2,0,0,Occasional Customer,Send personalized emails and re-engagement campaigns.,0.3213894648951597,-0.8274116683834869
17229.0,96,2,318.76,185,35,159.38,2,0,0,Occasional Customer,Send personalized emails and re-engagement campaigns.,-0.42542744860110726,-0.03699734978509996
17230.0,264,8,3638.41,1651,35,454.80125,0,0,0,At Risk,Provide special discounts and win-back offers.,0.08073062002793355,0.9136819830584467
17231.0,12,10,3174.32,1742,35,317.432,2,0,0,Occasional Customer,Send personalized emails and re-engagement campaigns.,0.5625825547690841,-0.9201628509771757
17232.0,3,2,421.52,203,35,210.76,2,0,0,Occasional Customer,Send personalized emails and re-engagement campaigns.,-0.2567599713781427,-0.639475075658801
17233.0,35,1,190.88,131,35,190.88,2,0,0,Occasional Customer,Send personalized emails and re-engagement campaigns.,-0.3927923802986327,-0.38219118710850647
17234.0,183,1,149.89,55,35,149.89,0,0,2,At Risk,Provide special discounts and win-back offers.,-0.651908461963404,0.5897361575804352
17235.0,25,2,550.06,224,35,275.03,2,0,0,Occasional Customer,Send personalized emails and re-engagement campaigns.,-0.2709673690611767,-0.4709498216667768
17236.0,13,6,916.13,474,35,152.68833333333333,2,0,0,Occasional Customer,Send personalized emails and re-engagement campaigns.,0.010021745920465017,-0.7964781819394529
17237.0,11,2,314.69,105,35,157.345,2,0,0,Occasional Customer,Send personalized emails and re-engagement campaigns.,-0.2970694697934721,-0.6058323411275397
17238.0,3,17,3744.65,1822,35,220.2735294117647,2,0,0,Occasional Customer,Send personalized emails and re-engagement campaigns.,1.0082918025163337,-1.3806173811028764
17239.0,313,1,382.5,150,35,382.5,0,0,2,At Risk,Provide special discounts and win-back offers.,-0.7981805374433595,1.5334903915455942
17242.0,108,2,1135.04,611,35,567.52,2,0,0,Occasional Customer,Send personalized emails and re-engagement campaigns.,-0.27389958229684314,0.1873570394795651
17243.0,1,26,8676.85,3370,35,333.725,2,0,0,Occasional Customer,Send personalized emails and re-engagement campaigns.,2.0466303392250675,-1.7640254374631217
17244.0,53,1,954.9,616,35,954.9,2,0,0,Occasional Customer,Send personalized emails and re-engagement campaigns.,-0.1878490926050197,-0.0056414925810019485
17245.0,205,1,171.45,75,35,171.45,0,0,2,At Risk,Provide special discounts and win-back offers.,-0.6803507313355832,0.7437566044701492
17247.0,15,1,282.19,106,35,282.19,2,0,0,Occasional Customer,Send personalized emails and re-engagement campaigns.,-0.34191096763405665,-0.4864221414476683
17248.0,120,1,318.65,213,35,318.65,0,0,0,At Risk,Provide special discounts and win-back offers.,-0.49178186141767394,0.2273776779044282
17250.0,4,2,384.52,168,35,192.26,2,0,0,Occasional Customer,Send personalized emails and re-engagement campaigns.,-0.26796360122619306,-0.639647688394742
17251.0,363,1,283.28000000000003,110,35,283.28000000000003,0,0,2,At Risk,Provide special discounts and win-back offers.,-0.9072574791903395,1.8339281397835097
17252.0,117,2,353.86,193,35,176.93,2,0,0,Occasional Customer,Send personalized emails and re-engagement campaigns.,-0.4534308790191215,0.10901083663139736
17253.0,18,1,178.26,43,35,178.26,2,0,0,Occasional Customer,Send personalized emails and re-engagement campaigns.,-0.3783064545564917,-0.5012658777713724
17254.0,5,2,272.44,252,35,136.22,2,0,0,Occasional Customer,Send personalized emails and re-engagement campaigns.,-0.2765128612460048,-0.6501169490824967
17255.0,41,2,298.41,232,35,149.205,2,0,0,Occasional Customer,Send personalized emails and re-engagement campaigns.,-0.33352964014591663,-0.4061646298980235
17256.0,107,2,240.0,141,35,120.0,2,0,0,Occasional Customer,Send personalized emails and re-engagement campaigns.,-0.4601607901074412,0.022350414788891156
17259.0,148,2,603.37,410,35,301.685,0,0,0,At Risk,Provide special discounts and win-back offers.,-0.44148477098664146,0.36143130714598243
17262.0,52,5,1253.36,367,35,250.67200000000005,2,0,0,Occasional Customer,Send personalized emails and re-engagement campaigns.,-0.08478487234016908,-0.45043377613624236
17263.0,208,1,63.440000000000005,36,35,63.440000000000005,0,0,2,At Risk,Provide special discounts and win-back offers.,-0.7149062137204313,0.7280439330942885
17265.0,139,2,562.9,394,35,281.45,0,0,0,At Risk,Provide special discounts and win-back offers.,-0.43473023941397926,0.2943728067113318
17266.0,2,3,310.64,161,35,103.54666666666668,2,0,0,Occasional Customer,Send personalized emails and re-engagement campaigns.,-0.2279235441334232,-0.7355901871093431
17267.0,127,2,317.62,159,35,158.81,2,0,0,Occasional Customer,Send personalized emails and re-engagement campaigns.,-0.47904473651664053,0.16898197970089224
17268.0,108,4,763.64,844,35,190.91,2,0,0,Occasional Customer,Send personalized emails and re-engagement campaigns.,-0.21956967217731874,-0.03795839243253222
17272.0,42,4,2148.63,1778,35,537.1575,2,0,0,Occasional Customer,Send personalized emails and re-engagement campaigns.,0.1444580341526306,-0.3376276589054516
17274.0,35,1,111.98,79,35,111.98,2,0,0,Occasional Customer,Send personalized emails and re-engagement campaigns.,-0.41720294702426847,-0.40872145085993117
17277.0,228,2,1065.35,430,35,532.6750000000001,0,0,2,At Risk,Provide special discounts and win-back offers.,-0.5005093372073244,0.9722799575760271
17278.0,241,1,246.04,179,35,246.04,0,0,2,At Risk,Provide special discounts and win-back offers.,-0.7094574748787107,1.0098630543041296
17279.0,58,1,187.83,48,35,187.83,2,0,0,Occasional Customer,Send personalized emails and re-engagement campaigns.,-0.4405625445756518,-0.23141489175933488
17282.0,130,3,1703.41,1877,35,567.8033333333334,2,0,0,Occasional Customer,Send personalized emails and re-engagement campaigns.,-0.06825559280295987,0.30985913668480203
17284.0,60,6,1652.58,1364,35,275.43,2,0,0,Occasional Customer,Send personalized emails and re-engagement campaigns.,0.10547763842952247,-0.42037938599908214
17286.0,22,1,153.92,118,35,153.92,2,0,0,Occasional Customer,Send personalized emails and re-engagement campaigns.,-0.3817608270889014,-0.48106873510297715
17287.0,26,7,1064.11,559,35,152.01571428571427,2,0,0,Occasional Customer,Send personalized emails and re-engagement campaigns.,0.06554682358599116,-0.7608158368116518
17288.0,9,7,1419.73,1203,35,202.81857142857143,2,0,0,Occasional Customer,Send personalized emails and re-engagement campaigns.,0.19969224495845353,-0.8424500652466939
17289.0,32,3,944.41,520,35,314.80333333333334,2,0,0,Occasional Customer,Send personalized emails and re-engagement campaigns.,-0.15835884047777932,-0.45611296648563027
17290.0,4,2,525.24,404,35,262.62,2,0,0,Occasional Customer,Send personalized emails and re-engagement campaigns.,-0.21958049496886492,-0.6116981316725577
17291.0,308,1,550.8000000000001,72,35,550.8000000000001,0,0,2,At Risk,Provide special discounts and win-back offers.,-0.7599376214418954,1.553189020335618
17293.0,8,9,1875.11,1140,35,208.3455555555556,2,0,0,Occasional Customer,Send personalized emails and re-engagement campaigns.,0.3390908692723836,-0.9517299474953614
17295.0,29,3,556.95,294,35,185.65,2,0,0,Occasional Customer,Send personalized emails and re-engagement campaigns.,-0.226599519267945,-0.5248283223274921
17297.0,17,1,131.78,67,35,131.78,2,0,0,Occasional Customer,Send personalized emails and re-engagement campaigns.,-0.38470958821181267,-0.522531701332218
17298.0,101,2,498.42,387,35,249.21,2,0,0,Occasional Customer,Send personalized emails and re-engagement campaigns.,-0.383332117935342,0.0301471247899826
17299.0,12,4,669.11,678,35,167.2775,2,0,0,Occasional Customer,Send personalized emails and re-engagement campaigns.,-0.09281795535279755,-0.6894408650626808
17301.0,21,1,197.63,149,35,197.63,2,0,0,Occasional Customer,Send personalized emails and re-engagement campaigns.,-0.36635609274278963,-0.47299629583632713
17302.0,15,5,1135.63,575,35,227.12600000000003,2,0,0,Occasional Customer,Send personalized emails and re-engagement campaigns.,-0.012023769505497404,-0.7017572209833306
17303.0,361,1,250.04,144,35,250.04,0,0,2,At Risk,Provide special discounts and win-back offers.,-0.9077896256126902,1.8104718569441403
17306.0,11,19,8631.31,11491,35,454.2794736842105,2,0,0,Occasional Customer,Send personalized emails and re-engagement campaigns.,2.5906007499977663,-1.1296637109339385
17309.0,95,1,82.75,41,35,82.75,2,0,0,Occasional Customer,Send personalized emails and re-engagement campaigns.,-0.5260215608303924,-0.018916637011587443
17311.0,78,2,1384.85,1005,35,692.425,2,0,0,Occasional Customer,Send personalized emails and re-engagement campaigns.,-0.1421104322513203,0.03651032020053881
17312.0,139,3,644.3,372,35,214.76666666666665,0,0,0,At Risk,Provide special discounts and win-back offers.,-0.38589942228543683,0.21997277608917704
17313.0,31,1,2328.84,1402,35,2328.84,2,0,0,Occasional Customer,Send personalized emails and re-engagement campaigns.,0.25912270364912093,0.3074342357595972
17314.0,25,8,2527.92,1896,35,315.99,2,0,0,Occasional Customer,Send personalized emails and re-engagement campaigns.,0.40251381143668336,-0.7298366337721482
17315.0,2,38,6292.26,3888,35,165.58578947368423,2,0,0,Occasional Customer,Send personalized emails and re-engagement campaigns.,2.6094798390230753,-2.4714476775073995
17317.0,46,3,2600.34,1146,35,866.7800000000001,2,0,0,Occasional Customer,Send personalized emails and re-engagement campaigns.,0.09186427349037121,-0.16098506426043468
17320.0,100,3,1200.62,634,35,400.2066666666667,2,0,0,Occasional Customer,Send personalized emails and re-engagement campaigns.,-0.22473786684539815,0.02875088413821848
17321.0,8,2,700.86,373,35,350.43,2,0,0,Occasional Customer,Send personalized emails and re-engagement campaigns.,-0.20354371485236455,-0.5562858749860117
17323.0,15,7,921.07,776,35,131.58142857142855,2,0,0,Occasional Customer,Send personalized emails and re-engagement campaigns.,0.09593914747639498,-0.8379242129676072
17324.0,18,4,990.23,844,35,247.5575,2,0,0,Occasional Customer,Send personalized emails and re-engagement campaigns.,-0.048943202867375114,-0.6178616818179907
17325.0,280,1,96.8,60,35,96.8,0,0,2,At Risk,Provide special discounts and win-back offers.,-0.8214679597321122,1.2192830871134759
17329.0,14,2,523.11,142,35,261.555,2,0,0,Occasional Customer,Send personalized emails and re-engagement campaigns.,-0.26661847740200734,-0.5503270156793599
17330.0,23,2,363.9,120,35,181.95,2,0,0,Occasional Customer,Send personalized emails and re-engagement campaigns.,-0.30751888261634197,-0.5173336717782425
17331.0,124,1,175.2,16,35,175.2,0,0,0,At Risk,Provide special discounts and win-back offers.,-0.5545793639695148,0.20387724928498752
17333.0,86,1,494.25,375,35,494.25,2,0,0,Occasional Customer,Send personalized emails and re-engagement campaigns.,-0.376770206885688,0.06063641379785445
17334.0,302,2,307.02,315,35,153.51,0,0,2,At Risk,Provide special discounts and win-back offers.,-0.7471488226164572,1.3367789802532943
17337.0,151,4,2027.87,1269,35,506.9675,0,0,0,At Risk,Provide special discounts and win-back offers.,-0.104923069902596,0.36872241684374324
17338.0,17,8,6643.93,3128,35,830.49125,2,0,0,Occasional Customer,Send personalized emails and re-engagement campaigns.,0.9125485037063981,-0.5566271943220892
17339.0,94,2,243.36,152,35,121.68,2,0,0,Occasional Customer,Send personalized emails and re-engagement campaigns.,-0.43723580324558287,-0.06354487119390538
17340.0,30,11,12353.29,5967,35,1123.0263636363636,2,0,0,Occasional Customer,Send personalized emails and re-engagement campaigns.,1.813384198483166,-0.42821507277455434
17341.0,157,3,781.36,489,35,260.4533333333333,0,0,0,At Risk,Provide special discounts and win-back offers.,-0.38500579604285096,0.35789985666902846
17343.0,355,1,193.64,56,35,193.64,0,0,2,At Risk,Provide special discounts and win-back offers.,-0.9213875603763427,1.7505506982766084
17344.0,46,1,160.57,66,35,160.57,2,0,0,Occasional Customer,Send personalized emails and re-engagement campaigns.,-0.42529626508729684,-0.3199006176532522
17345.0,15,4,537.74,346,35,134.435,2,0,0,Occasional Customer,Send personalized emails and re-engagement campaigns.,-0.15033717199005187,-0.687338062720115
17346.0,4,15,2676.56,1657,35,178.43733333333333,2,0,0,Occasional Customer,Send personalized emails and re-engagement campaigns.,0.7964802061392974,-1.293267837850786
17347.0,86,1,228.96,216,35,228.96,2,0,0,Occasional Customer,Send personalized emails and re-engagement campaigns.,-0.45700573035171244,-0.028269250775549152
17348.0,15,5,1159.52,1401,35,231.904,2,0,0,Occasional Customer,Send personalized emails and re-engagement campaigns.,0.08634389817870428,-0.684448599495896
17349.0,179,1,110.75,112,35,110.75,0,0,2,At Risk,Provide special discounts and win-back offers.,-0.6478872495088889,0.5514698364607576
17350.0,8,4,1286.07,795,35,321.5175,2,0,0,Occasional Customer,Send personalized emails and re-engagement campaigns.,-0.006737158094333089,-0.6592372787097798
17351.0,36,3,587.15,113,35,195.71666666666667,2,0,0,Occasional Customer,Send personalized emails and re-engagement campaigns.,-0.25537345407104195,-0.47810916817139826
17353.0,129,2,1740.0,1200,35,870.0,0,0,0,At Risk,Provide special discounts and win-back offers.,-0.1495261529572925,0.4394882132626305
17354.0,51,1,1393.06,1006,35,1393.06,2,0,0,Occasional Customer,Send personalized emails and re-engagement campaigns.,-0.03726887679739141,0.1302653548980397
17356.0,312,1,178.22,166,35,178.22,0,0,2,At Risk,Provide special discounts and win-back offers.,-0.8422458590174144,1.460973226736317
17357.0,24,2,388.14,153,35,194.07,2,0,0,Occasional Customer,Send personalized emails and re-engagement campaigns.,-0.3017007154936985,-0.5059969430304291
17358.0,303,2,365.85,202,35,182.925,0,0,2,At Risk,Provide special discounts and win-back offers.,-0.7531517176804065,1.3511411944313276
17359.0,11,1,127.86,161,35,127.86,2,0,0,Occasional Customer,Send personalized emails and re-engagement campaigns.,-0.3649358634292635,-0.562028278903411
17360.0,17,3,585.79,335,35,195.2633333333333,2,0,0,Occasional Customer,Send personalized emails and re-engagement campaigns.,-0.19882698141421765,-0.600743874262349
17361.0,49,3,488.2,157,35,162.73333333333332,2,0,0,Occasional Customer,Send personalized emails and re-engagement campaigns.,-0.2833697964843628,-0.40196966508326476
17362.0,239,2,312.23,191,35,156.115,0,0,2,At Risk,Provide special discounts and win-back offers.,-0.6583094647232177,0.915326383610468
17364.0,1,11,4481.18,2701,35,407.38000000000005,2,0,0,Occasional Customer,Send personalized emails and re-engagement campaigns.,0.8492568317296781,-0.9877890402223171
17365.0,13,8,4801.56,4777,35,600.195,2,0,0,Occasional Customer,Send personalized emails and re-engagement campaigns.,0.9523616641157358,-0.6432260042728641
17367.0,238,1,168.4,150,35,168.4,0,0,2,At Risk,Provide special discounts and win-back offers.,-0.7260213723259458,0.9641749419198639
17368.0,23,8,1912.67,1391,35,239.08375,2,0,0,Occasional Customer,Send personalized emails and re-engagement campaigns.,0.29417901639440586,-0.7830787750344324
17370.0,73,4,446.18,540,35,111.545,2,0,0,Occasional Customer,Send personalized emails and re-engagement campaigns.,-0.23192192885354743,-0.3051408213784526
17371.0,17,3,423.89,152,35,141.29666666666665,2,0,0,Occasional Customer,Send personalized emails and re-engagement campaigns.,-0.23967519731309214,-0.622768933984823
17372.0,41,8,1342.68,749,35,167.835,2,0,0,Occasional Customer,Send personalized emails and re-engagement campaigns.,0.14127757641414068,-0.7033381715731727
17373.0,40,4,646.92,408,35,161.73,2,0,0,Occasional Customer,Send personalized emails and re-engagement campaigns.,-0.1721208426409243,-0.5098349139235131
17374.0,219,2,495.77,85,35,247.885,0,0,2,At Risk,Provide special discounts and win-back offers.,-0.6107724850786609,0.8106533357837199
17375.0,199,3,400.1,367,35,133.36666666666667,0,0,2,At Risk,Provide special discounts and win-back offers.,-0.5136060168093878,0.5918457402388403
17376.0,71,2,203.2,86,35,101.6,2,0,0,Occasional Customer,Send personalized emails and re-engagement campaigns.,-0.41347433126955546,-0.22482407459601714
17377.0,24,20,4100.92,2076,35,205.046,2,0,0,Occasional Customer,Send personalized emails and re-engagement campaigns.,1.196116170008834,-1.3986818592036754
17379.0,11,1,404.66,663,35,404.66,2,0,0,Occasional Customer,Send personalized emails and re-engagement campaigns.,-0.24215108946254896,-0.4629312445944237
17381.0,9,29,20275.61,25649,35,699.1589655172414,2,-1,0,Occasional Customer,Send personalized emails and re-engagement campaigns.,5.6102513268385605,-1.219688668342516
17382.0,65,1,65.4,25,35,65.4,2,0,0,Occasional Customer,Send personalized emails and re-engagement campaigns.,-0.48312134949658797,-0.22482990990420273
17383.0,4,1,199.29,150,35,199.29,2,0,0,Occasional Customer,Send personalized emails and re-engagement campaigns.,-0.3382008331204429,-0.5857694094206631
17384.0,19,2,336.4,88,35,168.2,2,0,0,Occasional Customer,Send personalized emails and re-engagement campaigns.,-0.3088262942155805,-0.5491953419202354
17385.0,15,1,261.11,201,35,261.11,2,0,0,Occasional Customer,Send personalized emails and re-engagement campaigns.,-0.3357752089861444,-0.49145816423149996
17386.0,8,6,2686.42,1902,35,447.7366666666667,2,0,0,Occasional Customer,Send personalized emails and re-engagement campaigns.,0.34869618152215576,-0.692315193475119
17387.0,20,2,784.11,542,35,392.055,2,0,0,Occasional Customer,Send personalized emails and re-engagement campaigns.,-0.19102437026430052,-0.4591998699381296
17388.0,78,4,1259.56,1068,35,314.89,2,0,0,Occasional Customer,Send personalized emails and re-engagement campaigns.,-0.09170243013124366,-0.18979030526087637
17389.0,1,34,31833.68,7612,35,936.2847058823528,2,-1,0,Occasional Customer,Send personalized emails and re-engagement campaigns.,4.6040068537988095,-1.6902563997068665
17391.0,164,2,508.8,480,35,254.4,0,0,0,At Risk,Provide special discounts and win-back offers.,-0.4734538123455171,0.45361922712648955
17392.0,307,2,457.91,320,35,228.955,0,0,2,At Risk,Provide special discounts and win-back offers.,-0.7322359180298724,1.3954059093863387
17394.0,219,1,203.87,241,35,203.87,0,0,2,At Risk,Provide special discounts and win-back offers.,-0.676281148681982,0.8507137913594666
17396.0,39,8,7330.8,2005,35,916.35,2,0,0,Occasional Customer,Send personalized emails and re-engagement campaigns.,0.8052702058981841,-0.3971990983442067
17397.0,22,2,696.41,254,35,348.205,2,0,0,Occasional Customer,Send personalized emails and re-engagement campaigns.,-0.24081142112353168,-0.4659415246639193
17398.0,115,3,653.38,310,35,217.7933333333333,2,0,0,Occasional Customer,Send personalized emails and re-engagement campaigns.,-0.35296933518256524,0.05985156113027339
17400.0,126,5,2129.96,1097,35,425.992,2,0,0,Occasional Customer,Send personalized emails and re-engagement campaigns.,-0.0339160123919727,0.12056281041765081
17402.0,5,13,2633.85,701,35,202.60384615384612,2,0,0,Occasional Customer,Send personalized emails and re-engagement campaigns.,0.5704344633909477,-1.189672211839116
17403.0,36,1,281.62,117,35,281.62,2,0,0,Occasional Customer,Send personalized emails and re-engagement campaigns.,-0.3749241281787887,-0.3464041342653781
17404.0,4,15,31906.82,32748,31,2127.121333333333,2,-1,0,Occasional Customer,Send personalized emails and re-engagement campaigns.,6.673172810754236,0.3447352281894936
17405.0,1,3,1031.41,726,35,343.80333333333334,2,0,0,Occasional Customer,Send personalized emails and re-engagement campaigns.,-0.07346846900886235,-0.6489081435982662
17406.0,333,3,2200.42,787,35,733.4733333333334,0,0,2,At Risk,Provide special discounts and win-back offers.,-0.46506381712933437,1.6996317196344448
17408.0,163,1,32.65,3,35,32.65,0,0,2,At Risk,Provide special discounts and win-back offers.,-0.6527112322369375,0.41746135650256727
17409.0,185,2,771.85,105,35,385.925,0,0,2,At Risk,Provide special discounts and win-back offers.,-0.5120390959917097,0.6304799728451194
17410.0,16,5,1214.72,616,35,242.944,2,0,0,Occasional Customer,Send personalized emails and re-engagement campaigns.,-0.001090668441418378,-0.6885507876847385
17411.0,12,3,778.94,306,35,259.6466666666667,2,0,0,Occasional Customer,Send personalized emails and re-engagement campaigns.,-0.17070965739184296,-0.6124607081442907
17412.0,3,7,1258.06,738,35,179.72285714285712,2,0,0,Occasional Customer,Send personalized emails and re-engagement campaigns.,0.1410191706090733,-0.9001036178365129
17414.0,44,2,778.0,2100,35,389.0,2,0,0,Occasional Customer,Send personalized emails and re-engagement campaigns.,-0.04987263239622297,-0.2708641146306469
17415.0,80,1,507.84,114,35,507.84,2,0,0,Occasional Customer,Send personalized emails and re-engagement campaigns.,-0.39418540026652754,0.020119901907654583
17416.0,30,7,6893.42,4302,35,984.7742857142856,2,0,0,Occasional Customer,Send personalized emails and re-engagement campaigns.,1.0126808386195782,-0.34300570847219536
17418.0,42,2,463.46,289,35,231.73,2,0,0,Occasional Customer,Send personalized emails and re-engagement campaigns.,-0.30395763875530096,-0.3708585996309515
17419.0,11,12,4226.57,1876,35,352.21416666666664,2,0,0,Occasional Customer,Send personalized emails and re-engagement campaigns.,0.7685777497635249,-1.010470484583484
17420.0,50,3,598.83,265,35,199.61,2,0,0,Occasional Customer,Send personalized emails and re-engagement campaigns.,-0.259065549827689,-0.38057427554984596
17422.0,16,6,1979.37,2253,35,329.895,2,0,0,Occasional Customer,Send personalized emails and re-engagement campaigns.,0.3107613698965045,-0.6765356504413361
17423.0,46,2,698.41,459,35,349.205,2,0,0,Occasional Customer,Send personalized emails and re-engagement campaigns.,-0.25572363748318966,-0.30174951820427043
17425.0,19,2,759.17,407,35,379.585,2,0,0,Occasional Customer,Send personalized emails and re-engagement campaigns.,-0.20880313453191449,-0.472575767706139
17426.0,8,6,5037.26,3094,35,839.5433333333334,2,0,0,Occasional Customer,Send personalized emails and re-engagement campaigns.,0.7057683736855102,-0.5230027369582002
17427.0,72,1,100.8,34,35,100.8,2,0,0,Occasional Customer,Send personalized emails and re-engagement campaigns.,-0.48522124679326206,-0.16653157529868312
17428.0,1,28,17256.85,9474,35,616.3160714285714,2,1,0,Occasional Customer,Send personalized emails and re-engagement campaigns.,3.475731101921161,-1.5807024936920806
17429.0,128,3,524.9200000000001,624,35,174.97333333333336,2,0,0,Occasional Customer,Send personalized emails and re-engagement campaigns.,-0.3531494064486588,0.13769344276697662
17430.0,33,2,265.76,190,35,132.88,2,0,0,Occasional Customer,Send personalized emails and re-engagement campaigns.,-0.330259688568742,-0.4657406396186977
17431.0,313,1,403.3,292,35,403.3,0,0,2,At Risk,Provide special discounts and win-back offers.,-0.7768328269834945,1.5429021701370749
17432.0,18,2,365.76,207,35,182.88,2,0,0,Occasional Customer,Send personalized emails and re-engagement campaigns.,-0.28899604677970353,-0.5487156653460531
17433.0,88,1,303.16,185,35,303.16,2,0,0,Occasional Customer,Send personalized emails and re-engagement campaigns.,-0.44659030403989647,0.008507698296421128
17434.0,2,7,2373.82,1693,35,339.1171428571429,2,0,0,Occasional Customer,Send personalized emails and re-engagement campaigns.,0.3529087067909777,-0.827406986770125
17436.0,2,2,216.3,90,35,108.15,2,0,0,Occasional Customer,Send personalized emails and re-engagement campaigns.,-0.29882195429674147,-0.6825453495190217
17438.0,254,1,388.4500000000001,103,35,388.4500000000001,0,0,2,At Risk,Provide special discounts and win-back offers.,-0.7062879222952692,1.1412113441796476
17440.0,157,3,186.42,246,35,62.14000000000001,0,0,0,At Risk,Provide special discounts and win-back offers.,-0.48519028716321605,0.28505733367245445
17442.0,37,6,2248.56,1496,35,374.76,2,0,0,Occasional Customer,Send personalized emails and re-engagement campaigns.,0.21363107772151943,-0.5339912327522796
17443.0,220,1,534.24,504,5,534.24,0,0,2,At Risk,Provide special discounts and win-back offers.,-0.2993082069027225,2.041339622714033
17444.0,148,3,2940.04,2119,5,980.0133333333332,0,0,2,At Risk,Provide special discounts and win-back offers.,0.35125073974831456,1.6483246928237338
17446.0,177,2,120.9,198,35,60.45,0,0,2,At Risk,Provide special discounts and win-back offers.,-0.585130720894055,0.47018441306390596
17447.0,40,2,541.53,443,35,270.765,2,0,0,Occasional Customer,Send personalized emails and re-engagement campaigns.,-0.2711803512999978,-0.36825059603895405
17449.0,2,7,2520.86,1122,35,360.1228571428572,2,0,0,Occasional Customer,Send personalized emails and re-engagement campaigns.,0.2996164645708828,-0.8300808551680166
17450.0,8,46,194550.79,69993,35,4229.365,3,-1,1,Frequent Buyer,Recommend complementary products and loyalty rewards.,23.65820157644668,1.5766823571572344
17451.0,1,7,1721.4,1203,35,245.9142857142857,2,0,0,Occasional Customer,Send personalized emails and re-engagement campaigns.,0.23954089329611505,-0.8791901215927794
17453.0,18,2,486.72,219,35,243.36,2,0,0,Occasional Customer,Send personalized emails and re-engagement campaigns.,-0.26959239171113913,-0.5282877066854716
17454.0,192,4,517.53,243,35,129.3825,0,0,2,At Risk,Provide special discounts and win-back offers.,-0.45238340762737833,0.4888904558492046
17455.0,204,1,131.7,66,35,131.7,0,0,2,At Risk,Provide special discounts and win-back offers.,-0.6890231605273871,0.7240482576377965
17456.0,365,1,249.86,222,35,249.86,0,0,2,At Risk,Provide special discounts and win-back offers.,-0.9052713787961238,1.8385493003684732
17457.0,127,5,1737.7,826,35,347.54,2,0,0,Occasional Customer,Send personalized emails and re-engagement campaigns.,-0.10569867889755444,0.09351810002973744
17458.0,15,1,316.5,170,35,316.5,2,0,0,Occasional Customer,Send personalized emails and re-engagement campaigns.,-0.3264850775680685,-0.47410536611708526
17459.0,43,2,657.3,537,35,328.65,2,0,0,Occasional Customer,Send personalized emails and re-engagement campaigns.,-0.24789766773795555,-0.3271447578163169
17460.0,94,6,622.4300000000001,236,35,103.73833333333334,2,0,0,Occasional Customer,Send personalized emails and re-engagement campaigns.,-0.1766996969691087,-0.2793279963830097
17461.0,23,3,757.46,799,35,252.48666666666668,2,0,0,Occasional Customer,Send personalized emails and re-engagement campaigns.,-0.13389398685548562,-0.5323035184652949
17462.0,60,2,675.69,227,35,337.845,2,0,0,Occasional Customer,Send personalized emails and re-engagement campaigns.,-0.3088464297428276,-0.2165860459784434
17463.0,16,5,1896.41,1095,35,379.282,2,0,0,Occasional Customer,Send personalized emails and re-engagement campaigns.,0.12176497403858566,-0.6298142217551
17464.0,158,1,289.96000000000004,220,35,289.96000000000004,0,0,2,At Risk,Provide special discounts and win-back offers.,-0.5594582889839149,0.47154368597485913
17466.0,10,2,763.28,306,35,381.64,2,0,0,Occasional Customer,Send personalized emails and re-engagement campaigns.,-0.20529175232729327,-0.5337907425220902
17468.0,10,2,137.0,116,35,68.5,2,0,0,Occasional Customer,Send personalized emails and re-engagement campaigns.,-0.3206190886848932,-0.6419679002050388
17469.0,16,5,1870.97,787,35,374.194,2,0,0,Occasional Customer,Send personalized emails and re-engagement campaigns.,0.08345637184463495,-0.6374738032125612
17470.0,45,5,1125.07,1675,35,225.014,2,0,0,Occasional Customer,Send personalized emails and re-engagement campaigns.,0.06599978894986903,-0.4818037378478086
17472.0,191,3,710.29,462,35,236.7633333333333,0,0,2,At Risk,Provide special discounts and win-back offers.,-0.45204304686913505,0.5758955368508483
17475.0,79,1,194.37,178,35,194.37,2,0,0,Occasional Customer,Send personalized emails and re-engagement campaigns.,-0.4580882148133617,-0.08685180705994212
17480.0,78,1,511.82,338,35,511.82,2,0,0,Occasional Customer,Send personalized emails and re-engagement campaigns.,-0.3639681583392428,0.012297300377856323
17481.0,4,4,1255.59,1061,35,313.8975,2,0,0,Occasional Customer,Send personalized emails and re-engagement campaigns.,0.02742955176348107,-0.6835907089978487
17483.0,65,3,414.04,191,35,138.01333333333335,2,0,0,Occasional Customer,Send personalized emails and re-engagement campaigns.,-0.31441086690373243,-0.3031749038513891
17486.0,261,1,396.87,191,35,396.87,0,0,2,At Risk,Provide special discounts and win-back offers.,-0.7054852719368877,1.1922615204165328
17489.0,59,2,376.64,428,35,188.32,2,0,0,Occasional Customer,Send personalized emails and re-engagement campaigns.,-0.32837897534475546,-0.2694095392346885
17490.0,1,7,2092.32,1134,35,298.9028571428572,2,0,0,Occasional Customer,Send personalized emails and re-engagement campaigns.,0.2645163281416155,-0.8600903265673804
17491.0,1,10,3558.87,2013,35,355.887,2,0,0,Occasional Customer,Send personalized emails and re-engagement campaigns.,0.6434192970087605,-0.9724057301393775
17492.0,248,1,374.57,155,35,374.57,0,0,2,At Risk,Provide special discounts and win-back offers.,-0.6937146992179238,1.0976978880895536
17495.0,8,2,497.56,229,35,248.78,2,0,0,Occasional Customer,Send personalized emails and re-engagement campaigns.,-0.25054987762945735,-0.5929532592784005
17496.0,359,1,271.05,79,35,271.05,0,0,2,At Risk,Provide special discounts and win-back offers.,-0.9072012599534743,1.8027176976316284
17498.0,76,1,272.22,394,35,272.22,2,0,0,Occasional Customer,Send personalized emails and re-engagement campaigns.,-0.409978993382728,-0.07757019988322332
17499.0,290,1,622.88,711,35,622.88,0,0,2,At Risk,Provide special discounts and win-back offers.,-0.6396030600787784,1.4685772133844308
17500.0,17,3,1138.0,17,35,379.3333333333333,2,0,0,Occasional Customer,Send personalized emails and re-engagement campaigns.,-0.16901936526949216,-0.5433765952479326
17501.0,221,2,288.6,160,35,144.3,0,0,2,At Risk,Provide special discounts and win-back offers.,-0.6361517255916853,0.7907997045623343
17502.0,9,4,689.1,376,35,172.275,2,0,0,Occasional Customer,Send personalized emails and re-engagement campaigns.,-0.12090464428063404,-0.7133604195796411
17503.0,3,2,558.96,486,35,279.48,2,0,0,Occasional Customer,Send personalized emails and re-engagement campaigns.,-0.20340196487709503,-0.6111875719132684
17504.0,206,9,2997.03,1664,35,333.00333333333333,2,0,0,Occasional Customer,Send personalized emails and re-engagement campaigns.,0.17175505262213014,0.42863431517280665
17505.0,162,2,1145.84,556,35,572.92,0,0,2,At Risk,Provide special discounts and win-back offers.,-0.3665225034476103,0.5481121440976381
17506.0,76,1,302.2,139,35,302.2,2,0,0,Occasional Customer,Send personalized emails and re-engagement campaigns.,-0.43264127560806276,-0.07266738914590279
17507.0,262,2,605.58,359,35,302.79,0,0,2,At Risk,Provide special discounts and win-back offers.,-0.632519081298876,1.1208136970259803
17508.0,281,1,387.31,289,15,387.31,0,0,2,At Risk,Provide special discounts and win-back offers.,-0.548100995759569,2.0390206392125423
17509.0,58,8,6115.14,3534,35,764.3925,2,0,0,Occasional Customer,Send personalized emails and re-engagement campaigns.,0.8475947797636854,-0.30177293269213346
17510.0,25,1,308.48,214,35,308.48,2,0,0,Occasional Customer,Send personalized emails and re-engagement campaigns.,-0.3395036769545577,-0.4092088595462127
17511.0,3,31,91062.38,64549,35,2937.496129032258,3,-1,1,Frequent Buyer,Recommend complementary products and loyalty rewards.,15.232068598094756,0.78919125903967
17512.0,29,10,2924.99,2753,35,292.499,2,0,0,Occasional Customer,Send personalized emails and re-engagement campaigns.,0.6320608806436004,-0.7981417846338806
17513.0,72,1,513.2,254,35,513.2,2,0,0,Occasional Customer,Send personalized emails and re-engagement campaigns.,-0.3636512581087145,-0.028837504264693285
17514.0,128,1,208.65,135,35,208.65,0,0,0,At Risk,Provide special discounts and win-back offers.,-0.5394670130950553,0.2436178118971558
17515.0,31,4,639.02,243,35,159.755,2,0,0,Occasional Customer,Send personalized emails and re-engagement campaigns.,-0.17750544605575735,-0.5736423960067034
17516.0,15,5,768.08,416,35,153.616,2,0,0,Occasional Customer,Send personalized emails and re-engagement campaigns.,-0.06672599468618398,-0.7315557797801963
17517.0,309,1,153.94,102,35,153.94,0,0,2,At Risk,Provide special discounts and win-back offers.,-0.8504571192590717,1.4319051522107686
17519.0,17,6,1844.02,1236,35,307.33666666666664,2,0,0,Occasional Customer,Send personalized emails and re-engagement campaigns.,0.17833861302358556,-0.6974900954692362
17520.0,54,1,546.81,365,35,546.81,2,0,0,Occasional Customer,Send personalized emails and re-engagement campaigns.,-0.3136458442574477,-0.13585762489417913
17521.0,30,3,723.2099999999999,519,35,241.07,2,0,0,Occasional Customer,Send personalized emails and re-engagement campaigns.,-0.18196869033381266,-0.4948450378100459
17522.0,2,5,1070.71,1034,35,214.142,2,0,0,Occasional Customer,Send personalized emails and re-engagement campaigns.,0.056078509810884414,-0.7845048270562837
17523.0,11,4,652.74,872,35,163.185,2,0,0,Occasional Customer,Send personalized emails and re-engagement campaigns.,-0.07039148060769777,-0.693901672014116
17524.0,361,1,145.0,90,35,145.0,0,0,2,At Risk,Provide special discounts and win-back offers.,-0.9385174719493243,1.7754389521957494
17525.0,360,1,422.7000000000001,82,35,422.7000000000001,0,0,2,At Risk,Provide special discounts and win-back offers.,-0.8731784723288392,1.858549690372998
17526.0,5,4,1195.9,310,35,298.975,2,0,0,Occasional Customer,Send personalized emails and re-engagement campaigns.,-0.0678754962445779,-0.696366083675317
17527.0,54,4,939.37,488,35,234.8425,2,0,0,Occasional Customer,Send personalized emails and re-engagement campaigns.,-0.15432145187621082,-0.3890851650863037
17528.0,1,8,3628.5,2138,35,453.5625,2,0,0,Occasional Customer,Send personalized emails and re-engagement campaigns.,0.5642892944478914,-0.830904027437467
17530.0,1,10,2385.0,1526,35,238.5,2,0,0,Occasional Customer,Send personalized emails and re-engagement campaigns.,0.4908282776692047,-1.030366279436671
17531.0,190,1,296.7,136,35,296.7,0,0,2,At Risk,Provide special discounts and win-back offers.,-0.619705418514491,0.6854694246002835
17534.0,54,1,223.36,103,35,223.36,2,0,0,Occasional Customer,Send personalized emails and re-engagement campaigns.,-0.4193923207150693,-0.24553842270321452
17535.0,280,1,164.4,136,35,164.4,0,0,2,At Risk,Provide special discounts and win-back offers.,-0.7968980413916472,1.2426063539828922
17536.0,177,1,76.5,6,35,76.5,0,0,2,At Risk,Provide special discounts and win-back offers.,-0.6649279633534458,0.5250480874092065
17537.0,30,2,897.62,700,35,448.81,2,0,0,Occasional Customer,Send personalized emails and re-engagement campaigns.,-0.17202523224212865,-0.3706002592521426
17538.0,26,1,98.42,134,35,98.42,2,0,0,Occasional Customer,Send personalized emails and re-engagement campaigns.,-0.39932664575613797,-0.47207407078753977
17540.0,25,2,578.9,194,35,289.45,2,0,0,Occasional Customer,Send personalized emails and re-engagement campaigns.,-0.27016077785414394,-0.4666985570263419
17542.0,270,1,170.75,134,35,170.75,0,0,2,At Risk,Provide special discounts and win-back offers.,-0.7793861416145904,1.1779605681634444
17545.0,43,3,645.96,341,35,215.32,2,0,0,Occasional Customer,Send personalized emails and re-engagement campaigns.,-0.2331461935578888,-0.4203994343538922
17548.0,234,1,103.3,58,35,103.3,0,0,2,At Risk,Provide special discounts and win-back offers.,-0.745362674894765,0.9146939529812511
17549.0,24,2,148.86,210,35,74.43,2,0,0,Occasional Customer,Send personalized emails and re-engagement campaigns.,-0.3306996164178142,-0.5448854469213189
17550.0,197,3,267.16,86,35,89.05333333333334,0,0,2,At Risk,Provide special discounts and win-back offers.,-0.5590906492590287,0.5579637694277145
17551.0,359,1,306.84,150,35,306.84,0,0,2,At Risk,Provide special discounts and win-back offers.,-0.8906171862043145,1.8156456630852544
17552.0,60,4,930.41,719,35,232.6025,2,0,0,Occasional Customer,Send personalized emails and re-engagement campaigns.,-0.13818811743879864,-0.34552703829805465
17553.0,130,1,1487.6,1048,35,1487.6,0,0,0,At Risk,Provide special discounts and win-back offers.,-0.13888336725172518,0.6883208250905494
17554.0,1,5,1952.45,1763,35,390.49,2,0,0,Occasional Customer,Send personalized emails and re-engagement campaigns.,0.22933446140684105,-0.7131354454511667
17555.0,20,2,483.26,349,35,241.63,2,0,0,Occasional Customer,Send personalized emails and re-engagement campaigns.,-0.2582497001795377,-0.5130827449861208
17556.0,206,1,157.9,101,35,157.9,0,0,2,At Risk,Provide special discounts and win-back offers.,-0.6821092749919204,0.7465251208977837
17557.0,14,3,541.46,306,35,180.48666666666668,2,0,0,Occasional Customer,Send personalized emails and re-engagement campaigns.,-0.20267829486152117,-0.6263761209385285
17560.0,95,4,854.95,635,35,213.7375,2,0,0,Occasional Customer,Send personalized emails and re-engagement campaigns.,-0.21295331974953458,-0.12047056608145465
17561.0,19,1,167.62,146,35,167.62,2,0,0,Occasional Customer,Send personalized emails and re-engagement campaigns.,-0.37043721171141425,-0.4961038941821089
17562.0,14,7,1122.38,817,35,160.34,2,0,0,Occasional Customer,Send personalized emails and re-engagement campaigns.,0.12023950302872571,-0.8327461774840647
17564.0,24,3,454.01,146,35,151.33666666666667,2,0,0,Occasional Customer,Send personalized emails and re-engagement campaigns.,-0.24811697768925928,-0.5727609631992909
17566.0,8,2,901.21,518,35,450.605,2,0,0,Occasional Customer,Send personalized emails and re-engagement campaigns.,-0.15686051545090127,-0.5200923313511695
17567.0,7,8,4331.48,2632,35,541.435,2,0,0,Occasional Customer,Send personalized emails and re-engagement campaigns.,0.6723802988193635,-0.7468697239316535
17569.0,332,1,344.14,159,35,344.14,0,0,2,At Risk,Provide special discounts and win-back offers.,-0.8369695862148596,1.647900238726513
17571.0,50,4,1498.51,905,35,374.6275,2,0,0,Occasional Customer,Send personalized emails and re-engagement campaigns.,-0.039551905127988486,-0.3583508880528743
17572.0,71,4,226.75000000000003,95,35,56.68750000000001,2,0,0,Occasional Customer,Send personalized emails and re-engagement campaigns.,-0.30385968956875936,-0.34630215987883656
17573.0,29,3,380.6,308,35,126.86666666666667,2,0,0,Occasional Customer,Send personalized emails and re-engagement campaigns.,-0.24629590089267528,-0.5447987644890282
17574.0,243,1,185.65,77,35,185.65,0,0,2,At Risk,Provide special discounts and win-back offers.,-0.7386245307327404,1.0017175076192393
17576.0,8,19,3622.68,1994,35,190.66736842105263,2,0,0,Occasional Customer,Send personalized emails and re-engagement campaigns.,1.1218316447477006,-1.4623740974699955
17578.0,218,1,143.45999999999998,138,35,143.45999999999998,0,0,2,At Risk,Provide special discounts and win-back offers.,-0.7006892267295445,0.8225435954418145
17579.0,5,3,448.9,258,35,149.63333333333335,2,0,0,Occasional Customer,Send personalized emails and re-engagement campaigns.,-0.20481023585527133,-0.6978989677150614
17580.0,253,3,215.72,88,35,71.90666666666667,0,0,2,At Risk,Provide special discounts and win-back offers.,-0.6561690969724154,0.9254200385056611
17581.0,1,25,11045.04,5927,35,441.8016,2,0,0,Occasional Customer,Send personalized emails and re-engagement campaigns.,2.4586021339376267,-1.603899521641698
17582.0,236,1,175.27,123,35,175.27,0,0,2,At Risk,Provide special discounts and win-back offers.,-0.7243073966816789,0.9525579445568676
17584.0,7,2,1242.3,458,35,621.15,2,0,0,Occasional Customer,Send personalized emails and re-engagement campaigns.,-0.1114260140653069,-0.4709232824096297
17585.0,109,4,1133.07,1671,35,283.2675,2,0,0,Occasional Customer,Send personalized emails and re-engagement campaigns.,-0.08556180173023191,0.017025983803534202
17588.0,100,3,1240.2,676,35,413.4,2,0,0,Occasional Customer,Send personalized emails and re-engagement campaigns.,-0.21506992997115482,0.034083786025459584
17589.0,60,4,2404.17,1631,35,601.0425,2,0,0,Occasional Customer,Send personalized emails and re-engagement campaigns.,0.12541771780235766,-0.19776044343341725
17590.0,2,3,1479.22,828,35,493.0733333333333,2,0,0,Occasional Customer,Send personalized emails and re-engagement campaigns.,-0.009090833902666635,-0.5889380190461542
17591.0,73,7,2225.9700000000003,1009,35,317.9957142857143,2,0,0,Occasional Customer,Send personalized emails and re-engagement campaigns.,0.14475861604088586,-0.37511160481949535
17593.0,4,5,3927.34,3101,35,785.4680000000001,2,0,0,Occasional Customer,Send personalized emails and re-engagement campaigns.,0.5745979644796911,-0.5239097361292248
17594.0,85,2,993.18,550,35,496.59,2,0,0,Occasional Customer,Send personalized emails and re-engagement campaigns.,-0.26469823158847133,0.00918691145676034
17595.0,12,2,388.79,229,35,194.395,2,0,0,Occasional Customer,Send personalized emails and re-engagement campaigns.,-0.2732502873893484,-0.5844534202383782
17596.0,23,7,2827.93,4400,35,403.99,2,0,0,Occasional Customer,Send personalized emails and re-engagement campaigns.,0.6738048754040927,-0.6114209189225933
17597.0,214,1,2044.37,1176,35,2044.37,0,0,2,At Risk,Provide special discounts and win-back offers.,-0.13103771928251454,1.4310137679666495
17600.0,18,1,161.67000000000002,144,35,161.67000000000002,2,0,0,Occasional Customer,Send personalized emails and re-engagement campaigns.,-0.37042809122786746,-0.504734823974409
17601.0,239,1,116.01,103,35,116.01,0,0,2,At Risk,Provide special discounts and win-back offers.,-0.7453064388734,0.952990116114535
17602.0,2,6,5102.97,4151,35,850.495,2,0,0,Occasional Customer,Send personalized emails and re-engagement campaigns.,0.8445006343732321,-0.5389768324555589
17603.0,78,1,394.72,74,35,394.72,2,0,0,Occasional Customer,Send personalized emails and re-engagement campaigns.,-0.42191349363058245,-0.030598604519248677
17604.0,217,2,309.36,169,35,154.68,0,0,2,At Risk,Provide special discounts and win-back offers.,-0.6255082841742673,0.7677707223401753
17608.0,33,2,193.42,232,35,96.71,2,0,0,Occasional Customer,Send personalized emails and re-engagement campaigns.,-0.33614778583312765,-0.47703079195184195
17609.0,41,5,1112.22,723,35,222.444,2,0,0,Occasional Customer,Send personalized emails and re-engagement campaigns.,-0.03941956124450445,-0.5273476382622182
17611.0,7,15,3984.22,2560,35,265.61466666666666,2,0,0,Occasional Customer,Send personalized emails and re-engagement campaigns.,0.996172488934964,-1.2155792811897574
17612.0,53,6,2048.45,1808,35,341.4083333333333,2,0,0,Occasional Customer,Send personalized emails and re-engagement campaigns.,0.20527103954094544,-0.4339484418010046
17613.0,23,14,4559.150000000001,2496,35,325.65357142857147,2,0,0,Occasional Customer,Send personalized emails and re-engagement campaigns.,0.9528571238191955,-1.0315306370663595
17614.0,57,1,390.07,238,35,390.07,2,0,0,Occasional Customer,Send personalized emails and re-engagement campaigns.,-0.3697736033886713,-0.16900901519836323
17615.0,130,3,329.6,140,35,109.86666666666667,2,0,0,Occasional Customer,Send personalized emails and re-engagement campaigns.,-0.4362798633631612,0.11949412632669416
17616.0,174,3,571.1999999999999,224,35,190.4,0,0,0,At Risk,Provide special discounts and win-back offers.,-0.46887367984841766,0.4421216492173468
17618.0,6,3,971.58,331,35,323.86,2,0,0,Occasional Customer,Send personalized emails and re-engagement campaigns.,-0.1347504700969368,-0.6298848341249326
17619.0,312,1,218.52,127,35,218.52,0,0,2,At Risk,Provide special discounts and win-back offers.,-0.8373982508910964,1.4732886453388843
17620.0,60,1,81.44,60,35,81.44,2,0,0,Occasional Customer,Send personalized emails and re-engagement campaigns.,-0.4671861136135133,-0.25230826857225375
17621.0,21,3,1379.9,514,35,459.9666666666667,2,0,0,Occasional Customer,Send personalized emails and re-engagement campaigns.,-0.08850522809372031,-0.4795890727518493
17623.0,33,1,527.0500000000001,265,35,527.0500000000001,2,0,0,Occasional Customer,Send personalized emails and re-engagement campaigns.,-0.2957103209423237,-0.284136388389155
17624.0,15,2,843.48,554,35,421.74,2,0,0,Occasional Customer,Send personalized emails and re-engagement campaigns.,-0.1726572472213847,-0.4823904116719361
17625.0,18,4,2047.0,1198,35,511.75,2,0,0,Occasional Customer,Send personalized emails and re-engagement campaigns.,0.10521062621329581,-0.5175574814318323
17628.0,81,1,75.75,79,35,75.75,2,0,0,Occasional Customer,Send personalized emails and re-engagement campaigns.,-0.5004611823857305,-0.1137975120140308
17629.0,6,8,1814.12,1629,35,226.765,2,0,0,Occasional Customer,Send personalized emails and re-engagement campaigns.,0.3410250821775031,-0.8967912030666619
17630.0,170,2,503.6,158,35,251.8,0,0,2,At Risk,Provide special discounts and win-back offers.,-0.521416707493828,0.4866811046617034
17631.0,2,3,528.33,334,35,176.11,2,0,0,Occasional Customer,Send personalized emails and re-engagement campaigns.,-0.18149175425099273,-0.7073522767582275
17633.0,31,4,1324.84,644,35,331.21,2,0,0,Occasional Customer,Send personalized emails and re-engagement campaigns.,-0.05755575209922953,-0.5053196726805644
17634.0,36,9,2361.9700000000003,840,35,262.4411111111111,2,0,0,Occasional Customer,Send personalized emails and re-engagement campaigns.,0.2993899409060539,-0.7487941115052573
17636.0,19,1,285.56,182,35,285.56,2,0,0,Occasional Customer,Send personalized emails and re-engagement campaigns.,-0.3387988390328267,-0.45723278836541226
17637.0,31,2,547.0600000000001,280,35,273.53000000000003,2,0,0,Occasional Customer,Send personalized emails and re-engagement campaigns.,-0.2746643754085089,-0.43039684614803714
17639.0,276,1,108.5,49,35,108.5,0,0,2,At Risk,Provide special discounts and win-back offers.,-0.8135165966799026,1.1961988412560598
17640.0,87,1,621.66,250,35,621.66,2,0,0,Occasional Customer,Send personalized emails and re-engagement campaigns.,-0.3632685377985706,0.10620648801224368
17642.0,120,2,712.29,474,35,356.145,2,0,0,Occasional Customer,Send personalized emails and re-engagement campaigns.,-0.37228375291451454,0.19416802878740458
17643.0,373,1,101.55,71,35,101.55,0,0,2,At Risk,Provide special discounts and win-back offers.,-0.9703596813356662,1.8410077227057753
17644.0,1,11,2895.64,1793,35,263.24,2,0,0,Occasional Customer,Send personalized emails and re-engagement campaigns.,0.616487122189021,-1.0662706824053023
17646.0,219,3,1008.39,323,35,336.13,0,0,2,At Risk,Provide special discounts and win-back offers.,-0.4777003626641398,0.7941401664054881
17647.0,65,1,133.06,30,35,133.06,2,0,0,Occasional Customer,Send personalized emails and re-engagement campaigns.,-0.4667904346447747,-0.20282525715874705
17648.0,61,4,1797.5,487,35,449.375,2,0,0,Occasional Customer,Send personalized emails and re-engagement campaigns.,-0.07406032002878014,-0.266406157236286
17649.0,138,1,868.49,399,35,868.49,0,0,2,At Risk,Provide special discounts and win-back offers.,-0.3714503058402503,0.5289343278751382
17650.0,21,1,166.08,150,35,166.08,2,0,0,Occasional Customer,Send personalized emails and re-engagement campaigns.,-0.37358398111089897,-0.48319432697883935
17651.0,12,10,3945.0,3112,35,394.5,2,0,0,Occasional Customer,Send personalized emails and re-engagement campaigns.,0.7848454039798947,-0.8623169868264556
17652.0,25,12,4867.72,2509,35,405.6433333333334,2,0,0,Occasional Customer,Send personalized emails and re-engagement campaigns.,0.8700155792126576,-0.8819180826318329
17653.0,37,4,1207.56,1409,35,301.89,2,0,0,Occasional Customer,Send personalized emails and re-engagement campaigns.,0.009066067121771099,-0.4612954072726557
17654.0,277,1,117.55,41,35,117.55,0,0,2,At Risk,Provide special discounts and win-back offers.,-0.8139664973424031,1.2056451911098138
17655.0,11,7,2638.94,1116,35,376.99142857142857,2,0,0,Occasional Customer,Send personalized emails and re-engagement campaigns.,0.2947834548110484,-0.7637016925618512
17656.0,73,5,1674.69,1399,35,334.938,2,0,0,Occasional Customer,Send personalized emails and re-engagement campaigns.,0.042534658290676944,-0.26026595289030074
17658.0,26,2,595.42,616,35,297.71,2,0,0,Occasional Customer,Send personalized emails and re-engagement campaigns.,-0.22027500384800563,-0.4493201899301816
17659.0,17,12,2999.46,1525,35,249.955,2,0,0,Occasional Customer,Send personalized emails and re-engagement campaigns.,0.6211138948368866,-1.0216673987991016
17660.0,141,1,196.0,130,35,196.0,0,0,0,At Risk,Provide special discounts and win-back offers.,-0.5641389560572365,0.3260908677488478
17663.0,26,7,1802.91,797,35,257.55857142857144,2,0,0,Occasional Customer,Send personalized emails and re-engagement campaigns.,0.15893313402805878,-0.7156974635569632
17664.0,19,2,604.64,604,35,302.32,2,0,0,Occasional Customer,Send personalized emails and re-engagement campaigns.,-0.20891080959818362,-0.49467158074980017
17666.0,4,2,728.16,596,35,364.08,2,0,0,Occasional Customer,Send personalized emails and re-engagement campaigns.,-0.16705143464882732,-0.5741896189350363
17667.0,66,5,2055.51,1033,35,411.102,2,0,0,Occasional Customer,Send personalized emails and re-engagement campaigns.,0.04890546135409385,-0.2860588165956088
17668.0,1,2,347.75,93,35,173.875,2,0,0,Occasional Customer,Send personalized emails and re-engagement campaigns.,-0.27727605232021507,-0.667201485125528
17669.0,43,7,3406.7200000000003,1916,35,486.67428571428576,2,0,0,Occasional Customer,Send personalized emails and re-engagement campaigns.,0.4040220938578749,-0.49307202300341474
17670.0,228,1,205.7,110,35,205.7,0,0,2,At Risk,Provide special discounts and win-back offers.,-0.70572209421932,0.9088355979403483
17671.0,16,4,1572.71,772,35,393.1775,2,0,0,Occasional Customer,Send personalized emails and re-engagement campaigns.,0.008228069070324898,-0.5809420723081761
17672.0,50,2,3178.17,1690,35,1589.085,2,0,0,Occasional Customer,Send personalized emails and re-engagement campaigns.,0.25005213622592737,0.16226576934400627
17673.0,2,6,1629.12,1487,35,271.52,2,0,0,Occasional Customer,Send personalized emails and re-engagement campaigns.,0.21193858258539566,-0.8061804804073817
17674.0,74,2,551.04,672,35,275.52,2,0,0,Occasional Customer,Send personalized emails and re-engagement campaigns.,-0.2984509674406861,-0.13568760742627506
17675.0,1,31,20374.28,8360,35,657.2348387096774,2,1,0,Occasional Customer,Send personalized emails and re-engagement campaigns.,3.727559701437256,-1.7187880476398938
17676.0,4,6,1387.68,932,35,231.28,2,0,0,Occasional Customer,Send personalized emails and re-engagement campaigns.,0.12173034903810243,-0.8183888293347433
17677.0,2,30,16363.23,9775,35,545.441,2,1,0,Occasional Customer,Send personalized emails and re-engagement campaigns.,3.553700585938686,-1.7075030896787937
17678.0,264,1,298.11,207,35,298.11,0,0,2,At Risk,Provide special discounts and win-back offers.,-0.731494417372319,1.180580801323881
17679.0,53,2,1992.11,729,35,996.055,2,0,0,Occasional Customer,Send personalized emails and re-engagement campaigns.,-0.04311661305332843,-0.03393224571876897
17680.0,24,1,184.4,96,35,184.4,2,0,0,Occasional Customer,Send personalized emails and re-engagement campaigns.,-0.38047627813520674,-0.45828007831011475
17682.0,10,6,2474.33,1367,35,412.3883333333333,2,0,0,Occasional Customer,Send personalized emails and re-engagement campaigns.,0.26354086956223804,-0.7023132412316726
17684.0,44,1,239.41,145,35,239.41,2,0,0,Occasional Customer,Send personalized emails and re-engagement campaigns.,-0.39450796332829335,-0.30621383475583785
17685.0,17,7,3191.53,1956,35,455.9328571428572,2,0,0,Occasional Customer,Send personalized emails and re-engagement campaigns.,0.43182122690557334,-0.6774808829108849
17686.0,7,7,5739.46,2478,35,819.9228571428572,2,0,0,Occasional Customer,Send personalized emails and re-engagement campaigns.,0.735420419490297,-0.5941748130287654
17690.0,30,15,4757.95,1773,35,317.19666666666666,2,0,0,Occasional Customer,Send personalized emails and re-engagement campaigns.,0.9262173274723678,-1.0530176837840044
17691.0,358,2,290.40000000000003,134,35,145.20000000000002,0,0,2,At Risk,Provide special discounts and win-back offers.,-0.861753457035128,1.7039129346750463
17692.0,127,4,740.9399999999999,672,35,185.235,2,0,0,Occasional Customer,Send personalized emails and re-engagement campaigns.,-0.27289605540603384,0.08345126814044647
17693.0,137,1,200.47,231,35,200.47,0,0,0,At Risk,Provide special discounts and win-back offers.,-0.5448518039139554,0.3027760390456169
17694.0,142,1,283.12,184,35,283.12,0,0,0,At Risk,Provide special discounts and win-back offers.,-0.5392091050873551,0.36198715829447903
17695.0,132,2,765.34,779,35,382.67,0,0,0,At Risk,Provide special discounts and win-back offers.,-0.34845214358793924,0.2887732755938666
17696.0,38,8,2285.71,1756,35,285.71375,2,0,0,Occasional Customer,Send personalized emails and re-engagement campaigns.,0.3442736867509702,-0.6577759950470684
17697.0,236,1,338.95,93,35,338.95,0,0,2,At Risk,Provide special discounts and win-back offers.,-0.6896935601804031,1.004997277496425
17698.0,261,1,154.95,93,35,154.95,0,0,2,At Risk,Provide special discounts and win-back offers.,-0.773190207284396,1.112073379917863
17700.0,17,4,2534.64,1266,35,633.66,2,0,0,Occasional Customer,Send personalized emails and re-engagement campaigns.,0.16688706416627017,-0.47973612659634285
17701.0,253,1,417.95,109,35,417.95,0,0,2,At Risk,Provide special discounts and win-back offers.,-0.6970969303887528,1.1442109987268652
17702.0,30,4,1824.37,1353,35,456.0925,2,0,0,Occasional Customer,Send personalized emails and re-engagement campaigns.,0.07990134680765866,-0.4543647426591847
17703.0,35,3,798.74,590,35,266.24666666666667,2,0,0,Occasional Customer,Send personalized emails and re-engagement campaigns.,-0.17271597342734557,-0.4515085202671428
17704.0,169,2,885.19,343,35,442.595,0,0,2,At Risk,Provide special discounts and win-back offers.,-0.44147391944807546,0.5472313467007899
17705.0,3,9,1823.52,963,35,202.61333333333332,2,0,0,Occasional Customer,Send personalized emails and re-engagement campaigns.,0.3223351964611183,-0.9907215640577304
17706.0,4,17,10504.49,3899,35,617.9111764705882,2,0,0,Occasional Customer,Send personalized emails and re-engagement campaigns.,1.754114613741172,-1.1411886875047954
17707.0,185,2,152.4,144,35,76.2,0,0,2,At Risk,Provide special discounts and win-back offers.,-0.5997308324954054,0.5277591723607215
17708.0,188,2,267.08,91,35,133.54,0,0,2,At Risk,Provide special discounts and win-back offers.,-0.5936975658417009,0.565912650701116
17709.0,170,1,137.45,17,35,137.45,0,0,2,At Risk,Provide special discounts and win-back offers.,-0.6380751819829619,0.49832781027791134
17711.0,11,2,385.1,246,35,192.55,2,0,0,Occasional Customer,Send personalized emails and re-engagement campaigns.,-0.2701969751893055,-0.5914157612769307
17712.0,45,1,522.91,215,35,522.91,2,0,0,Occasional Customer,Send personalized emails and re-engagement campaigns.,-0.3220054597136291,-0.20642202672095003
17714.0,321,1,153.0,92,35,153.0,0,0,2,At Risk,Provide special discounts and win-back offers.,-0.871357809669822,1.511409601575774
17715.0,201,1,326.4,384,35,326.4,0,0,2,At Risk,Provide special discounts and win-back offers.,-0.6018575187448518,0.7730918100876975
17716.0,23,11,5655.99,3072,35,514.180909090909,2,0,0,Occasional Customer,Send personalized emails and re-engagement campaigns.,0.9508632367917399,-0.7886634779678426
17718.0,232,1,139.35,83,35,139.35,0,0,2,At Risk,Provide special discounts and win-back offers.,-0.7308118255054047,0.9135063282089825
17719.0,38,15,5396.04,2466,35,359.736,2,0,0,Occasional Customer,Send personalized emails and re-engagement campaigns.,1.0423631721417295,-0.9667798505647606
17720.0,26,4,1195.94,576,35,298.985,2,0,0,Occasional Customer,Send personalized emails and re-engagement campaigns.,-0.07111074721129017,-0.55135429756235
17722.0,96,4,2424.04,1595,35,606.01,2,0,0,Occasional Customer,Send personalized emails and re-engagement campaigns.,0.06479943415670397,0.0433135732100248
17723.0,127,6,3276.4000000000005,792,35,546.0666666666667,2,0,0,Occasional Customer,Send personalized emails and re-engagement campaigns.,0.08094242542686911,0.11692662191288535
17724.0,71,3,1033.0,300,35,344.3333333333333,2,0,0,Occasional Customer,Send personalized emails and re-engagement campaigns.,-0.23665772029468748,-0.19010301066102203
17725.0,16,11,3439.08,2162,35,312.64363636363635,2,0,0,Occasional Customer,Send personalized emails and re-engagement campaigns.,0.6785859096173517,-0.9382856528850476
17727.0,15,1,1060.25,645,35,1060.25,2,0,0,Occasional Customer,Send personalized emails and re-engagement campaigns.,-0.0981433439739645,-0.2243041500059661
17728.0,4,3,2876.01,1469,35,958.67,2,0,0,Occasional Customer,Send personalized emails and re-engagement campaigns.,0.23106090151530903,-0.40325829055042306
17730.0,3,13,5298.4800000000005,3576,35,407.5753846153847,2,0,0,Occasional Customer,Send personalized emails and re-engagement campaigns.,1.1154332550808062,-1.0573753475962666
17731.0,79,4,1240.11,493,35,310.0275,2,0,0,Occasional Customer,Send personalized emails and re-engagement campaigns.,-0.16224636530321088,-0.1956834600819344
17732.0,373,1,303.97,93,35,303.97,0,0,2,At Risk,Provide special discounts and win-back offers.,-0.9206836190198285,1.906972255257305
17733.0,39,2,692.19,463,35,346.095,2,0,0,Occasional Customer,Send personalized emails and re-engagement campaigns.,-0.24479835963089472,-0.34937804822163443
17734.0,54,3,700.63,422,35,233.5433333333333,2,0,0,Occasional Customer,Send personalized emails and re-engagement campaigns.,-0.2350131616154431,-0.3392692686149001
17735.0,2,19,13110.02,8439,35,690.001052631579,2,0,0,Occasional Customer,Send personalized emails and re-engagement campaigns.,2.5810882995088016,-1.1275943917830211
17736.0,9,3,377.44,238,35,125.81333333333332,2,0,0,Occasional Customer,Send personalized emails and re-engagement campaigns.,-0.22228224752582065,-0.6798093852134974
17737.0,9,2,168.24,108,35,84.12,2,0,0,Occasional Customer,Send personalized emails and re-engagement campaigns.,-0.31527129780314905,-0.6435676431159738
17738.0,19,4,1879.05,1029,35,469.7625,2,0,0,Occasional Customer,Send personalized emails and re-engagement campaigns.,0.06597995182769803,-0.5289568081918706
17739.0,12,7,2791.35,861,35,398.7642857142857,2,0,0,Occasional Customer,Send personalized emails and re-engagement campaigns.,0.2770738165514219,-0.7534585371155692
17742.0,113,2,355.11,89,35,177.555,2,0,0,Occasional Customer,Send personalized emails and re-engagement campaigns.,-0.4588271374768102,0.08059388103461894
17744.0,4,6,2322.4,3412,35,387.06666666666666,2,0,0,Occasional Customer,Send personalized emails and re-engagement campaigns.,0.49688720423736404,-0.7132629712398318
17746.0,240,1,110.25,29,35,110.25,0,0,2,At Risk,Provide special discounts and win-back offers.,-0.7568755480778917,0.9563967091856757
17747.0,113,1,71.4,12,35,71.4,2,0,0,Occasional Customer,Send personalized emails and re-engagement campaigns.,-0.5613137501564688,0.09685731446679226
17749.0,178,2,674.52,320,35,337.26,0,0,2,At Risk,Provide special discounts and win-back offers.,-0.4901520399737632,0.5716113908600706
17750.0,5,9,1797.57,3957,35,199.73,2,0,0,Occasional Customer,Send personalized emails and re-engagement campaigns.,0.6649313555104864,-0.9221335235887079
17752.0,359,1,80.64,192,35,80.64,0,0,2,At Risk,Provide special discounts and win-back offers.,-0.9383893983825576,1.743186546903631
17754.0,1,5,1772.26,1869,35,354.452,2,0,0,Occasional Customer,Send personalized emails and re-engagement campaigns.,0.22389897017003438,-0.7242774277318128
17757.0,1,30,5605.29,3320,35,186.843,2,0,0,Occasional Customer,Send personalized emails and re-engagement campaigns.,2.045709638959902,-2.0579479904201685
17758.0,19,8,3456.7000000000003,2091,35,432.0875,2,0,0,Occasional Customer,Send personalized emails and re-engagement campaigns.,0.5147787727536285,-0.7202804075386771
17759.0,17,3,834.99,708,35,278.33,2,0,0,Occasional Customer,Send personalized emails and re-engagement campaigns.,-0.12533729100700416,-0.5651213894181244
17760.0,22,2,287.59,239,35,143.795,2,0,0,Occasional Customer,Send personalized emails and re-engagement campaigns.,-0.30342101372950847,-0.534502187190879
17761.0,33,1,712.78,398,35,712.78,2,0,0,Occasional Customer,Send personalized emails and re-engagement campaigns.,-0.23701678287953495,-0.2214847282669975
17763.0,263,1,15.0,12,35,15.0,0,0,2,At Risk,Provide special discounts and win-back offers.,-0.8184360147913564,1.0785595762187856
17764.0,51,2,818.8199999999999,395,35,409.41,2,0,0,Occasional Customer,Send personalized emails and re-engagement campaigns.,-0.25336915343735966,-0.24951347724338463
17765.0,159,3,371.88,144,35,123.96,0,0,0,At Risk,Provide special discounts and win-back offers.,-0.4778746325508189,0.31774751505896665
17767.0,15,1,271.2,128,35,271.2,2,0,0,Occasional Customer,Send personalized emails and re-engagement campaigns.,-0.34191193305308676,-0.48956644201368155
17768.0,8,3,2273.1800000000003,1186,35,757.7266666666668,2,0,0,Occasional Customer,Send personalized emails and re-engagement campaigns.,0.11876631746557356,-0.45109416528774077
17769.0,13,10,3997.98,1862,35,399.798,2,0,0,Occasional Customer,Send personalized emails and re-engagement campaigns.,0.6422519709631844,-0.8770059591070715
17770.0,199,5,1143.27,365,35,228.654,0,0,2,At Risk,Provide special discounts and win-back offers.,-0.33497991765052243,0.5214676843654585
17771.0,57,2,245.81,287,35,122.905,2,0,0,Occasional Customer,Send personalized emails and re-engagement campaigns.,-0.36099368221029315,-0.3072498881467749
17772.0,11,2,182.77,58,35,91.385,2,0,0,Occasional Customer,Send personalized emails and re-engagement campaigns.,-0.3221732389671687,-0.628750353984312
17774.0,97,4,1225.41,512,35,306.3525,2,0,0,Occasional Customer,Send personalized emails and re-engagement campaigns.,-0.1908889960120457,-0.07663189225440593
17775.0,255,1,56.4,72,35,56.4,0,0,2,At Risk,Provide special discounts and win-back offers.,-0.7888116959416563,1.0397653941069795
17777.0,25,3,665.86,507,35,221.95333333333332,2,0,0,Occasional Customer,Send personalized emails and re-engagement campaigns.,-0.18216503270254306,-0.5349836985138516
17779.0,21,3,658.57,397,35,219.5233333333333,2,0,0,Occasional Customer,Send personalized emails and re-engagement campaigns.,-0.1893263135101842,-0.5645589434092321
17781.0,159,2,188.02,34,35,94.01,0,0,0,At Risk,Provide special discounts and win-back offers.,-0.5649217142629787,0.35830762537952
17783.0,72,2,283.47,354,35,141.735,2,0,0,Occasional Customer,Send personalized emails and re-engagement campaigns.,-0.3719981275984453,-0.19970090830309753
17785.0,53,1,131.94,67,35,131.94,2,0,0,Occasional Customer,Send personalized emails and re-engagement campaigns.,-0.44323081227403455,-0.2824879653231455
17786.0,85,2,278.74,200,35,139.37,2,0,0,Occasional Customer,Send personalized emails and re-engagement campaigns.,-0.4117492623114453,-0.1167293628918939
17787.0,153,4,1865.19,910,35,466.2975,0,0,0,At Risk,Provide special discounts and win-back offers.,-0.16730223640118436,0.36087578824184535
17788.0,74,2,1117.9,211,35,558.95,2,0,0,Occasional Customer,Send personalized emails and re-engagement campaigns.,-0.2676418088174645,-0.049702866159956505
17789.0,281,1,225.9,74,35,225.9,0,0,2,At Risk,Provide special discounts and win-back offers.,-0.7914156735978279,1.2680199871191904
17790.0,27,14,1965.55,836,35,140.39642857142857,2,0,0,Occasional Customer,Send personalized emails and re-engagement campaigns.,0.5537593973742729,-1.120689886593123
17791.0,30,1,106.1,46,35,106.1,2,0,0,Occasional Customer,Send personalized emails and re-engagement campaigns.,-0.414274445122427,-0.44457969808012665
17793.0,25,1,323.04,232,35,323.04,2,0,0,Occasional Customer,Send personalized emails and re-engagement campaigns.,-0.33402213553211635,-0.40415465371040116
17795.0,180,2,350.39,341,35,175.195,0,0,2,At Risk,Provide special discounts and win-back offers.,-0.5392214455592699,0.5312063312768086
17796.0,40,4,697.9,178,35,174.475,2,0,0,Occasional Customer,Send personalized emails and re-engagement campaigns.,-0.19340429329006684,-0.5096524497375509
17797.0,22,3,780.43,498,35,260.1433333333333,2,0,0,Occasional Customer,Send personalized emails and re-engagement campaigns.,-0.16447784110653618,-0.5420069509686765
17799.0,22,10,3055.93,1758,35,305.593,2,0,0,Occasional Customer,Send personalized emails and re-engagement campaigns.,0.5384958646649859,-0.8581168485243975
17800.0,37,9,1199.01,736,35,133.22333333333333,2,0,0,Occasional Customer,Send personalized emails and re-engagement campaigns.,0.18841575582056516,-0.796469690032705
17802.0,82,3,1285.04,752,35,428.3466666666666,2,0,0,Occasional Customer,Send personalized emails and re-engagement campaigns.,-0.17153460846560675,-0.07933499121948458
17805.0,74,1,512.31,478,35,512.31,2,0,0,Occasional Customer,Send personalized emails and re-engagement campaigns.,-0.3410741386776032,-0.011571394897441325
17806.0,11,1,546.04,727,35,546.04,2,0,0,Occasional Customer,Send personalized emails and re-engagement campaigns.,-0.20180172177333655,-0.4159418542884632
17809.0,16,12,5411.91,2057,35,450.9925,2,0,0,Occasional Customer,Send personalized emails and re-engagement campaigns.,0.8750895522211007,-0.9306639704572371
17811.0,4,39,7837.73,4177,35,200.9674358974359,2,0,0,Occasional Customer,Send personalized emails and re-engagement campaigns.,2.803478675334852,-2.479718567886722
17812.0,13,4,732.16,350,35,183.04,2,0,0,Occasional Customer,Send personalized emails and re-engagement campaigns.,-0.12582875375112496,-0.6833693998944469
17813.0,14,5,1770.88,790,35,354.176,2,0,0,Occasional Customer,Send personalized emails and re-engagement campaigns.,0.07719496621273438,-0.6580488083368348
17816.0,37,4,36.56,30,35,9.14,2,0,0,Occasional Customer,Send personalized emails and re-engagement campaigns.,-0.2764478862145799,-0.5910375427836062
17817.0,4,3,387.68,67,35,129.22666666666666,2,0,0,Occasional Customer,Send personalized emails and re-engagement campaigns.,-0.23278780769274518,-0.7151892789615891
17819.0,72,7,3704.87,1031,35,529.2671428571429,2,0,0,Occasional Customer,Send personalized emails and re-engagement campaigns.,0.2805009918887178,-0.30002574552939326
17824.0,51,1,298.4,408,35,298.4,2,0,0,Occasional Customer,Send personalized emails and re-engagement campaigns.,-0.36159193139452506,-0.23548951499535717
17827.0,5,5,1995.46,1247,35,399.092,2,0,0,Occasional Customer,Send personalized emails and re-engagement campaigns.,0.1670870539317318,-0.693057722416268
17828.0,23,4,1820.09,667,22,455.0225,2,0,0,Occasional Customer,Send personalized emails and re-engagement campaigns.,0.1285780175254455,-0.04979570806391819
17829.0,299,1,889.24,496,34,889.24,0,0,2,At Risk,Provide special discounts and win-back offers.,-0.6081939395056216,1.6465130311641034
17830.0,2,3,398.7,92,35,132.9,2,0,0,Occasional Customer,Send personalized emails and re-engagement campaigns.,-0.2252960777755372,-0.7267865938414743
17831.0,33,1,35.400000000000006,12,35,35.400000000000006,2,0,0,Occasional Customer,Send personalized emails and re-engagement campaigns.,-0.4395638071437858,-0.4481159960091466
17832.0,50,1,155.37,208,35,155.37,2,0,0,Occasional Customer,Send personalized emails and re-engagement campaigns.,-0.416507263862923,-0.2922426830767391
17835.0,3,3,350.64,348,35,116.88,2,0,0,Occasional Customer,Send personalized emails and re-engagement campaigns.,-0.20297678889249204,-0.7208100273237146
17836.0,47,1,110.21,88,35,110.21,2,0,0,Occasional Customer,Send personalized emails and re-engagement campaigns.,-0.4360883013845972,-0.3291277133431218
17837.0,42,8,1593.38,518,35,199.1725,2,0,0,Occasional Customer,Send personalized emails and re-engagement campaigns.,0.13435009506014375,-0.6886409791664502
17838.0,27,5,2779.3,1879,35,555.86,2,0,0,Occasional Customer,Send personalized emails and re-engagement campaigns.,0.2820079088013498,-0.47732716043451684
17839.0,42,1,338.8,285,35,338.8,2,0,0,Occasional Customer,Send personalized emails and re-engagement campaigns.,-0.35184550575578455,-0.28472273198870096
17841.0,2,124,40991.57,23071,35,330.5771774193548,3,-1,1,Frequent Buyer,Recommend complementary products and loyalty rewards.,12.048657538545894,-6.339944504602338
17843.0,303,1,205.48,113,35,205.48,0,0,2,At Risk,Provide special discounts and win-back offers.,-0.8274213974696525,1.408804065055667
17844.0,107,1,51.56,52,5,51.56,0,0,2,At Risk,Provide special discounts and win-back offers.,-0.2803967179224938,1.1232065087791536
17846.0,85,1,2033.1,1,35,2033.1,0,0,0,At Risk,Provide special discounts and win-back offers.,-0.06040745254622702,0.545249446100014
17848.0,81,9,901.2,398,35,100.13333333333333,2,0,0,Occasional Customer,Send personalized emails and re-engagement campaigns.,0.05264956488305478,-0.5229300362082467
17849.0,218,4,605.8000000000001,114,35,151.45000000000002,0,0,2,At Risk,Provide special discounts and win-back offers.,-0.5002313557534327,0.6676078346920864
17850.0,372,34,5391.21,1733,35,158.565,2,0,0,Occasional Customer,Send personalized emails and re-engagement campaigns.,1.4682514695602582,0.15873977159428831
17852.0,12,2,114.34,53,35,57.17,2,0,0,Occasional Customer,Send personalized emails and re-engagement campaigns.,-0.33456906483385407,-0.6336067932727336
17854.0,185,2,311.26,84,35,155.63,0,0,2,At Risk,Provide special discounts and win-back offers.,-0.5830537524605184,0.5531600083059837
17855.0,373,1,208.97,197,35,208.97,0,0,2,At Risk,Provide special discounts and win-back offers.,-0.930708615606393,1.8781682355875062
17856.0,2,4,1418.03,842,35,354.5075,2,0,0,Occasional Customer,Send personalized emails and re-engagement campaigns.,0.02259690274450021,-0.6866581539850027
17857.0,4,23,26879.04,19256,35,1168.6539130434785,2,-1,0,Occasional Customer,Send personalized emails and re-engagement campaigns.,5.039459967968738,-0.8355343322044969
17858.0,6,12,5155.66,2706,35,429.6383333333333,2,0,0,Occasional Customer,Send personalized emails and re-engagement campaigns.,0.9465589903746517,-0.9944070664594343
17859.0,305,1,148.21,127,35,148.21,0,0,2,At Risk,Provide special discounts and win-back offers.,-0.8423784619429181,1.403854972016721
17860.0,369,1,252.8,104,35,252.8,0,0,2,At Risk,Provide special discounts and win-back offers.,-0.9248097135795403,1.863943342111894
17861.0,3,8,2100.8,1988,35,262.6,2,0,0,Occasional Customer,Send personalized emails and re-engagement campaigns.,0.4122779838659275,-0.8958634789332446
17862.0,324,1,330.9,100,35,330.9,0,0,2,At Risk,Provide special discounts and win-back offers.,-0.833896668117982,1.5891692784365439
17863.0,59,6,3160.0,2638,35,526.6666666666666,2,0,0,Occasional Customer,Send personalized emails and re-engagement campaigns.,0.3953104762286067,-0.3088733939775955
17864.0,13,3,597.5,810,35,199.16666666666663,2,0,0,Occasional Customer,Send personalized emails and re-engagement campaigns.,-0.13569101327781907,-0.617114343044488
17865.0,31,20,10526.32,5757,35,526.316,2,0,0,Occasional Customer,Send personalized emails and re-engagement campaigns.,2.0840786273737675,-1.116386883010303
17866.0,143,1,329.65,174,35,329.65,0,0,0,At Risk,Provide special discounts and win-back offers.,-0.531166986337883,0.38353301308134585
17867.0,30,6,1197.1,542,35,199.51666666666668,2,0,0,Occasional Customer,Send personalized emails and re-engagement campaigns.,0.01639011299731399,-0.6643159854981063
17869.0,107,5,428.18,111,35,85.636,2,0,0,Occasional Customer,Send personalized emails and re-engagement campaigns.,-0.2853237657970361,-0.14877685303226004
17870.0,2,12,1894.35,1401,35,157.86249999999998,2,0,0,Occasional Customer,Send personalized emails and re-engagement campaigns.,0.543829677400165,-1.164149387217557
17871.0,205,1,155.9,182,35,155.9,0,0,2,At Risk,Provide special discounts and win-back offers.,-0.671532845401526,0.7407375169375214
17873.0,80,5,1859.16,1047,35,371.832,2,0,0,Occasional Customer,Send personalized emails and re-engagement campaigns.,0.008410755415664705,-0.20678281259374928
17874.0,185,6,683.46,221,35,113.91,0,0,0,At Risk,Provide special discounts and win-back offers.,-0.32079321675133676,0.33084788941248733
17877.0,170,1,237.61,98,35,237.61,0,0,2,At Risk,Provide special discounts and win-back offers.,-0.6053448359913484,0.5322892520218976
17878.0,44,1,379.45,401,35,379.45,2,0,0,Occasional Customer,Send personalized emails and re-engagement campaigns.,-0.33215262630759246,-0.2560400058540619
17879.0,174,1,178.51999999999998,45,35,178.51999999999998,0,0,2,At Risk,Provide special discounts and win-back offers.,-0.6317668176732127,0.5388210094276139
17880.0,365,1,458.92,314,35,458.92,0,0,2,At Risk,Provide special discounts and win-back offers.,-0.8459129433396653,1.907983270918911
17881.0,304,1,133.35000000000002,32,35,133.35000000000002,0,0,2,At Risk,Provide special discounts and win-back offers.,-0.855253616694955,1.3905860563501524
17883.0,3,4,671.77,379,35,167.9425,2,0,0,Occasional Customer,Send personalized emails and re-engagement campaigns.,-0.11264935812848742,-0.7548380236071545
17884.0,4,4,717.45,854,35,179.3625,2,0,0,Occasional Customer,Send personalized emails and re-engagement campaigns.,-0.054177679726645084,-0.7351725006259066
17885.0,12,1,190.19,167,35,190.19,2,0,0,Occasional Customer,Send personalized emails and re-engagement campaigns.,-0.35135603729700354,-0.5350643588758509
17886.0,32,3,899.61,481,35,299.87,2,0,0,Occasional Customer,Send personalized emails and re-engagement campaigns.,-0.16830924748512172,-0.46198827063397396
17887.0,129,1,111.35,30,35,111.35,0,0,0,At Risk,Provide special discounts and win-back offers.,-0.5759479761918321,0.21679667335139308
17888.0,21,8,726.05,980,35,90.75625,2,0,0,Occasional Customer,Send personalized emails and re-engagement campaigns.,0.14765530553562217,-0.8627740157698994
17889.0,212,2,203.87,79,35,101.935,0,0,2,At Risk,Provide special discounts and win-back offers.,-0.6435422547522467,0.7151242689292581
17890.0,323,2,602.09,416,35,301.045,0,0,2,At Risk,Provide special discounts and win-back offers.,-0.7256371276879462,1.5279580090099365
17891.0,162,1,203.86,393,35,203.86,0,0,2,At Risk,Provide special discounts and win-back offers.,-0.5658975709864191,0.4735878865256669
17892.0,56,3,244.1,109,35,81.36666666666666,2,0,0,Occasional Customer,Send personalized emails and re-engagement campaigns.,-0.3298514984373965,-0.3842170338776223
17893.0,225,1,112.25,161,35,112.25,0,0,2,At Risk,Provide special discounts and win-back offers.,-0.7166670812909365,0.8595353682570233
17894.0,72,8,1119.81,405,35,139.97625,2,0,0,Occasional Customer,Send personalized emails and re-engagement campaigns.,0.031707938800248775,-0.5141707328164488
17895.0,44,1,98.0,130,35,98.0,2,0,0,Occasional Customer,Send personalized emails and re-engagement campaigns.,-0.4291686025576668,-0.3522895011827907
17896.0,23,1,256.32,288,35,256.32,2,0,0,Occasional Customer,Send personalized emails and re-engagement campaigns.,-0.3397904113946638,-0.43803820256638826
17897.0,173,3,566.6,229,35,188.86666666666667,0,0,0,At Risk,Provide special discounts and win-back offers.,-0.46722207923364617,0.43502163441890185
17898.0,85,2,152.06,190,35,76.03,2,0,0,Occasional Customer,Send personalized emails and re-engagement campaigns.,-0.43177204534127317,-0.138074940649743
17899.0,159,1,155.8,171,35,155.8,0,0,2,At Risk,Provide special discounts and win-back offers.,-0.598010042634475,0.4338414851566846
17900.0,190,2,112.2,73,35,56.1,0,0,2,At Risk,Provide special discounts and win-back offers.,-0.6221019863456692,0.5530394445740898
17901.0,29,1,110.38,24,35,110.38,2,0,0,Occasional Customer,Send personalized emails and re-engagement campaigns.,-0.41420879202189675,-0.45027474769767656
17904.0,21,1,191.67,63,35,191.67,2,0,0,Occasional Customer,Send personalized emails and re-engagement campaigns.,-0.377740001497909,-0.4765470596083448
17905.0,71,4,800.24,407,35,200.06,2,0,0,Occasional Customer,Send personalized emails and re-engagement campaigns.,-0.2062672252932095,-0.28960946029580165
17906.0,247,1,72.9,26,35,72.9,0,0,2,At Risk,Provide special discounts and win-back offers.,-0.7773048703709294,0.9909101700077706
17908.0,374,1,243.28,173,35,243.28,0,0,2,At Risk,Provide special discounts and win-back offers.,-0.9271383830687953,1.8954930324905546
17911.0,9,1,366.23,223,35,366.23,2,0,0,Occasional Customer,Send personalized emails and re-engagement campaigns.,-0.29898864422591914,-0.4970010688997343
17912.0,310,5,311.01,185,35,62.202,0,0,2,At Risk,Provide special discounts and win-back offers.,-0.6184732955465089,1.1973613687343896
17913.0,59,2,411.6,289,35,205.8,2,0,0,Occasional Customer,Send personalized emails and re-engagement campaigns.,-0.33933127801794327,-0.2661903394145542
17914.0,4,1,336.43,473,35,336.43,2,0,0,Occasional Customer,Send personalized emails and re-engagement campaigns.,-0.2687325365282191,-0.535272029986106
17917.0,45,3,341.28,187,35,113.76,2,0,0,Occasional Customer,Send personalized emails and re-engagement campaigns.,-0.2911412675631362,-0.44492756677998807
17919.0,88,1,1304.04,756,35,1304.04,0,0,0,At Risk,Provide special discounts and win-back offers.,-0.14723556867659057,0.3433848372699602
17920.0,4,17,4204.1,2516,35,247.3,2,0,0,Occasional Customer,Send personalized emails and re-engagement campaigns.,1.1217280807620487,-1.3477121628173068
17921.0,64,4,826.52,430,35,206.63,2,0,0,Occasional Customer,Send personalized emails and re-engagement campaigns.,-0.18939711926052016,-0.3335126228561379
17923.0,282,1,207.50000000000003,50,35,207.50000000000003,0,0,2,At Risk,Provide special discounts and win-back offers.,-0.8001151385060147,1.268275637339208
17924.0,12,7,2962.5,1160,35,423.2142857142857,2,0,0,Occasional Customer,Send personalized emails and re-engagement campaigns.,0.3270542712629023,-0.7384106344860715
17925.0,373,1,244.08,72,35,244.08,0,0,2,At Risk,Provide special discounts and win-back offers.,-0.9370656776270886,1.8871822405024032
17926.0,133,2,397.29,306,35,198.645,0,0,0,At Risk,Provide special discounts and win-back offers.,-0.45985590369497387,0.2250568216212952
17928.0,45,2,212.54,140,35,106.27,2,0,0,Occasional Customer,Send personalized emails and re-engagement campaigns.,-0.36351463775839143,-0.3955740121951212
17929.0,11,4,843.0,108,35,210.75,2,0,0,Occasional Customer,Send personalized emails and re-engagement campaigns.,-0.13885272257674658,-0.6914422024380289
17930.0,36,5,1740.48,1594,35,348.096,2,0,0,Occasional Customer,Send personalized emails and re-engagement campaigns.,0.13186963575924635,-0.498451939519328
17931.0,134,2,408.36,249,35,204.18,0,0,0,At Risk,Provide special discounts and win-back offers.,-0.4664600261437573,0.23249788598468846
17932.0,29,3,1331.57,789,35,443.8566666666666,2,0,0,Occasional Customer,Send personalized emails and re-engagement campaigns.,-0.07539641438512182,-0.42662032160206353
17934.0,52,2,704.25,478,35,352.125,2,0,0,Occasional Customer,Send personalized emails and re-engagement campaigns.,-0.26240536906807355,-0.2604174443012098
17935.0,138,2,145.79,82,35,72.895,0,0,0,At Risk,Provide special discounts and win-back offers.,-0.5314704287991405,0.21216399976089795
17936.0,5,1,389.84,262,35,389.84,2,0,0,Occasional Customer,Send personalized emails and re-engagement campaigns.,-0.2824529513852018,-0.515286199724221
17937.0,9,7,4301.22,1754,35,614.46,2,0,0,Occasional Customer,Send personalized emails and re-engagement campaigns.,0.5200686215493209,-0.6735876540853803
17939.0,160,1,99.14,40,35,99.14,0,0,2,At Risk,Provide special discounts and win-back offers.,-0.6280531460769404,0.41969086182008836
17940.0,49,10,4106.4400000000005,9755,35,410.64400000000006,2,0,0,Occasional Customer,Send personalized emails and re-engagement campaigns.,1.5100363925653633,-0.483757714655394
17941.0,131,1,304.56,252,35,304.56,0,0,0,At Risk,Provide special discounts and win-back offers.,-0.5084212389052122,0.29688074247050844
17942.0,8,1,77.50000000000001,38,35,77.50000000000001,2,0,0,Occasional Customer,Send personalized emails and re-engagement campaigns.,-0.386076060547076,-0.6006537688877831
17946.0,233,2,149.57999999999998,75,35,74.78999999999999,0,0,2,At Risk,Provide special discounts and win-back offers.,-0.6862491302379424,0.8459770756671355
17947.0,37,1,176.68,168,35,176.68,2,0,0,Occasional Customer,Send personalized emails and re-engagement campaigns.,-0.39505022422146197,-0.3727594161144807
17948.0,147,1,358.56000000000006,144,35,358.56000000000006,0,0,2,At Risk,Provide special discounts and win-back offers.,-0.5344310582976338,0.4189953738573243
17949.0,1,45,58510.48,30546,35,1300.232888888889,3,-1,0,Frequent Buyer,Recommend complementary products and loyalty rewards.,9.694699227727153,-1.4648832371571705
17950.0,72,3,482.2,366,35,160.73333333333332,2,0,0,Occasional Customer,Send personalized emails and re-engagement campaigns.,-0.2972136994967703,-0.24539117882448233
17951.0,40,3,1008.54,616,35,336.18,2,0,0,Occasional Customer,Send personalized emails and re-engagement campaigns.,-0.15245847530599083,-0.3936140081971591
17954.0,5,12,2332.72,2234,35,194.3933333333333,2,0,0,Occasional Customer,Send personalized emails and re-engagement campaigns.,0.6703947480510971,-1.1125256809981354
17955.0,199,4,557.3,273,35,139.325,0,0,2,At Risk,Provide special discounts and win-back offers.,-0.45602981922237046,0.5396446577473925
17956.0,249,1,12.75,1,35,12.75,0,0,2,At Risk,Provide special discounts and win-back offers.,-0.7974656554165865,0.984293460971254
17957.0,66,1,111.68,287,35,111.68,2,0,0,Occasional Customer,Send personalized emails and re-engagement campaigns.,-0.44352041275820714,-0.19823898521607955
17958.0,117,1,508.4599999999999,84,35,508.4599999999999,0,0,0,At Risk,Provide special discounts and win-back offers.,-0.4577133413211948,0.2664136719059546
17960.0,171,1,73.78,41,35,73.78,0,0,2,At Risk,Provide special discounts and win-back offers.,-0.6517330076170195,0.48482821165320006
17961.0,21,39,1296.44,560,35,33.242051282051285,2,0,0,Occasional Customer,Send personalized emails and re-engagement campaigns.,1.902148528556306,-2.553836700631638
17962.0,142,1,102.83,128,35,102.83,0,0,0,At Risk,Provide special discounts and win-back offers.,-0.5876859297935246,0.30254825846823363
17964.0,32,2,471.7,301,35,235.85,2,0,0,Occasional Customer,Send personalized emails and re-engagement campaigns.,-0.28506974027496007,-0.43592069287883817
17965.0,38,14,2622.57,1556,35,187.32642857142855,2,0,0,Occasional Customer,Send personalized emails and re-engagement campaigns.,0.6701307376270281,-1.0123738529042796
17966.0,38,5,1098.43,2571,35,219.686,2,0,0,Occasional Customer,Send personalized emails and re-engagement campaigns.,0.17891107681894194,-0.5135257096405981
17967.0,372,1,123.07,80,35,123.07,0,0,2,At Risk,Provide special discounts and win-back offers.,-0.9626775361379903,1.841479740722028
17968.0,374,1,277.35,160,35,277.35,0,0,2,At Risk,Provide special discounts and win-back offers.,-0.9207187638111798,1.9062809701727639
17969.0,166,2,228.2,152,35,114.1,0,0,2,At Risk,Provide special discounts and win-back offers.,-0.5566097937885169,0.41390706802496285
17970.0,211,1,582.59,525,35,582.59,0,0,2,At Risk,Provide special discounts and win-back offers.,-0.5420988132612549,0.9253758106620199
17972.0,242,1,136.04,37,35,136.04,0,0,2,At Risk,Provide special discounts and win-back offers.,-0.7531955547128323,0.9782319679874748
17973.0,52,1,337.04,176,35,337.04,2,0,0,Occasional Customer,Send personalized emails and re-engagement campaigns.,-0.38119148797859703,-0.22068243220819225
17974.0,25,3,740.79,519,35,246.93,2,0,0,Occasional Customer,Send personalized emails and re-engagement campaigns.,-0.1717098473708141,-0.5261601318195445
17975.0,15,13,4488.81,1568,35,345.29307692307697,2,0,0,Occasional Customer,Send personalized emails and re-engagement campaigns.,0.7994374827863568,-1.0430075399662193
17976.0,372,1,353.19,106,35,353.19,0,0,2,At Risk,Provide special discounts and win-back offers.,-0.9060885834147524,1.9164897824450853
17977.0,29,1,288.14,342,35,288.14,2,0,0,Occasional Customer,Send personalized emails and re-engagement campaigns.,-0.3358662719883816,-0.38671757018636665
17978.0,365,1,300.92,499,35,300.92,0,0,2,At Risk,Provide special discounts and win-back offers.,-0.8611875566599851,1.8603043816137896
17979.0,36,4,757.71,397,35,189.4275,2,0,0,Occasional Customer,Send personalized emails and re-engagement campaigns.,-0.1550456972589185,-0.5268916767959008
17980.0,166,3,811.45,682,35,270.4833333333333,0,0,0,At Risk,Provide special discounts and win-back offers.,-0.37357288800185895,0.4249875622257433
17984.0,145,1,152.68,98,35,152.68,0,0,0,At Risk,Provide special discounts and win-back offers.,-0.5844490185988872,0.33812520390765743
17985.0,22,1,634.95,183,35,634.95,2,0,0,Occasional Customer,Send personalized emails and re-engagement campaigns.,-0.2622323720160393,-0.32407120540753914
17986.0,56,1,20.8,10,35,20.8,2,0,0,Occasional Customer,Send personalized emails and re-engagement campaigns.,-0.48060719024931253,-0.29955345102301634
17987.0,185,1,198.57,261,35,198.57,0,0,2,At Risk,Provide special discounts and win-back offers.,-0.6198848684510695,0.6227153609939243
17988.0,12,7,201.12,43,35,28.731428571428573,2,0,0,Occasional Customer,Send personalized emails and re-engagement campaigns.,-0.04842876422463799,-0.9113338027521348
17990.0,237,3,630.84,414,35,210.28,0,0,2,At Risk,Provide special discounts and win-back offers.,-0.5420540916813865,0.8725312495758114
17991.0,225,2,93.35,25,35,46.675,0,0,2,At Risk,Provide special discounts and win-back offers.,-0.6874197322778939,0.7823121498901108
17994.0,122,4,678.49,497,35,169.6225,2,0,0,Occasional Customer,Send personalized emails and re-engagement campaigns.,-0.2917828248172663,0.04128781330956095
17995.0,282,1,76.1,133,35,76.1,0,0,2,At Risk,Provide special discounts and win-back offers.,-0.8210542522655482,1.2272883996434847
17997.0,74,8,1970.67,2298,35,246.33375,2,0,0,Occasional Customer,Send personalized emails and re-engagement campaigns.,0.32163569601514125,-0.4231320864804861
17999.0,37,2,382.06,221,35,191.03,2,0,0,Occasional Customer,Send personalized emails and re-engagement campaigns.,-0.31584777958767185,-0.4190671210395765
18001.0,12,2,417.23,363,35,208.615,2,0,0,Occasional Customer,Send personalized emails and re-engagement campaigns.,-0.25344005043088746,-0.5771782673418147
18004.0,362,1,169.47,78,35,169.47,0,0,2,At Risk,Provide special discounts and win-back offers.,-0.9358429009653032,1.7898033976014118
18005.0,4,2,249.72,93,35,124.86,2,0,0,Occasional Customer,Send personalized emails and re-engagement campaigns.,-0.2967508434868083,-0.6635743760609285
18006.0,23,1,444.68,220,35,444.68,2,0,0,Occasional Customer,Send personalized emails and re-engagement campaigns.,-0.30384871094410854,-0.37832284990229686
18008.0,70,9,2116.19,1581,35,235.13222222222225,2,0,0,Occasional Customer,Send personalized emails and re-engagement campaigns.,0.3096631743683808,-0.5192408446988283
18009.0,235,1,257.34,126,35,257.34,0,0,2,At Risk,Provide special discounts and win-back offers.,-0.7032280132151071,0.9725248723376932
18010.0,257,1,174.8,60,35,174.8,0,0,2,At Risk,Provide special discounts and win-back offers.,-0.7658989666664293,1.0912137537958817
18011.0,373,1,102.79,71,35,102.79,0,0,2,At Risk,Provide special discounts and win-back offers.,-0.970071037343392,1.841409273490958
18013.0,155,2,187.29,285,35,93.645,0,0,0,At Risk,Provide special discounts and win-back offers.,-0.5293479087434222,0.3362502053899751
18014.0,28,1,166.42,68,35,166.42,2,0,0,Occasional Customer,Send personalized emails and re-engagement campaigns.,-0.39442280496443066,-0.4379644747967373
18015.0,4,1,120.03,157,35,120.03,2,0,0,Occasional Customer,Send personalized emails and re-engagement campaigns.,-0.3558370977729314,-0.6113043567134413
18016.0,32,5,1483.56,1029,35,296.712,2,0,0,Occasional Customer,Send personalized emails and re-engagement campaigns.,0.04738290201603207,-0.5545003733753495
18017.0,81,3,523.0,300,35,174.33333333333334,2,0,0,Occasional Customer,Send personalized emails and re-engagement campaigns.,-0.31459167461564524,-0.18195564873296088
18018.0,108,2,122.14,55,35,61.07,2,0,0,Occasional Customer,Send personalized emails and re-engagement campaigns.,-0.4893312217643114,0.007712055558762349
18019.0,52,1,38.45,7,35,38.45,2,0,0,Occasional Customer,Send personalized emails and re-engagement campaigns.,-0.4703408894613016,-0.32056013525291255
18022.0,36,1,668.11,736,35,668.11,2,0,0,Occasional Customer,Send personalized emails and re-engagement campaigns.,-0.21300603489868394,-0.20958110128410515
18024.0,153,2,389.78,184,35,194.89,0,0,0,At Risk,Provide special discounts and win-back offers.,-0.5076876511853438,0.35483223100399125
18027.0,99,1,115.31,78,35,115.31,2,0,0,Occasional Customer,Send personalized emails and re-engagement campaigns.,-0.5206479811626561,0.01899036917051412
18030.0,4,2,230.65,67,35,115.325,2,0,0,Occasional Customer,Send personalized emails and re-engagement campaigns.,-0.3026122408197304,-0.6672492889711304
18032.0,334,1,73.5,42,35,73.5,0,0,2,At Risk,Provide special discounts and win-back offers.,-0.916821678417743,1.571386480411485
18033.0,65,1,97.97,253,35,97.97,2,0,0,Occasional Customer,Send personalized emails and re-engagement campaigns.,-0.44903729351135124,-0.20998590781335852
18034.0,22,2,422.88,561,35,211.44,2,0,0,Occasional Customer,Send personalized emails and re-engagement campaigns.,-0.24584978226414733,-0.5058387780201836
18035.0,36,3,730.4,611,35,243.46666666666667,2,0,0,Occasional Customer,Send personalized emails and re-engagement campaigns.,-0.1801650517690994,-0.45228760465956047
18036.0,32,3,405.62,234,35,135.20666666666668,2,0,0,Occasional Customer,Send personalized emails and re-engagement campaigns.,-0.25675211499098505,-0.5233232404677219
18037.0,154,6,70.02,20,35,11.67,2,0,0,Occasional Customer,Send personalized emails and re-engagement campaigns.,-0.3507523874328725,0.08208083657031627
18040.0,19,2,357.20000000000005,148,35,178.60000000000002,2,0,0,Occasional Customer,Send personalized emails and re-engagement campaigns.,-0.29875520419159424,-0.5445907442291593
18041.0,12,21,4183.39,3819,35,199.2090476190476,2,0,0,Occasional Customer,Send personalized emails and re-engagement campaigns.,1.4799073200561994,-1.500721915468395
18042.0,54,1,165.04999999999998,33,35,165.04999999999998,2,0,0,Occasional Customer,Send personalized emails and re-engagement campaigns.,-0.4411023027918255,-0.2657402228556463
18043.0,25,3,559.51,282,35,186.50333333333333,2,0,0,Occasional Customer,Send personalized emails and re-engagement campaigns.,-0.22117834322898286,-0.551426507133021
18044.0,4,10,2088.6,1033,35,208.86,2,0,0,Occasional Customer,Send personalized emails and re-engagement campaigns.,0.4044071370815831,-1.0319754186708772
18045.0,45,1,189.4,142,35,189.4,2,0,0,Occasional Customer,Send personalized emails and re-engagement campaigns.,-0.40812450293009844,-0.3157987317520315
18048.0,203,2,172.29000000000002,127,35,86.14500000000001,0,0,2,At Risk,Provide special discounts and win-back offers.,-0.6280248636964469,0.6507566322001598
18050.0,359,1,74.4,40,35,74.4,0,0,2,At Risk,Provide special discounts and win-back offers.,-0.9575102598669712,1.7383012948237568
18053.0,71,1,300.02,302,35,300.02,2,0,0,Occasional Customer,Send personalized emails and re-engagement campaigns.,-0.40606865014873034,-0.10363370536668313
18055.0,7,10,6784.1900000000005,2455,35,678.4190000000001,2,0,0,Occasional Customer,Send personalized emails and re-engagement campaigns.,0.9487586139287247,-0.7900421562965435
18056.0,288,1,363.65,211,35,363.65,0,0,2,At Risk,Provide special discounts and win-back offers.,-0.7548122086178413,1.3618747014053914
18058.0,10,1,170.16,88,35,170.16,2,0,0,Occasional Customer,Send personalized emails and re-engagement campaigns.,-0.361948202895906,-0.5563723935148857
18059.0,23,3,306.46,258,35,102.15333333333332,2,0,0,Occasional Customer,Send personalized emails and re-engagement campaigns.,-0.2513128995929067,-0.5942464771680492
18061.0,22,10,2119.41,955,35,211.941,2,0,0,Occasional Customer,Send personalized emails and re-engagement campaigns.,0.3685804691311697,-0.9121690450376019
18062.0,173,3,720.52,396,35,240.1733333333333,0,0,2,At Risk,Provide special discounts and win-back offers.,-0.42919860592435305,0.45582954320131136
18064.0,133,2,814.0,384,35,407.0,0,0,0,At Risk,Provide special discounts and win-back offers.,-0.38874857278846514,0.29612248984240364
18065.0,6,14,2392.83,1027,35,170.91642857142855,2,0,0,Occasional Customer,Send personalized emails and re-engagement campaigns.,0.6430087331092105,-1.243157998424221
18066.0,75,1,318.0,108,35,318.0,2,0,0,Occasional Customer,Send personalized emails and re-engagement campaigns.,-0.43094017785201544,-0.0748015136479494
18067.0,40,1,396.33,189,35,396.33,2,0,0,Occasional Customer,Send personalized emails and re-engagement campaigns.,-0.3463595184641492,-0.28123478940969326
18068.0,289,1,101.7,6,35,101.7,0,0,2,At Risk,Provide special discounts and win-back offers.,-0.8412438743819357,1.279850173860526
18069.0,26,5,2036.67,1311,35,407.334,2,0,0,Occasional Customer,Send personalized emails and re-engagement campaigns.,0.1444282845813529,-0.548851237602245
18071.0,258,2,453.0,260,35,226.5,0,0,2,At Risk,Provide special discounts and win-back offers.,-0.6602366883712597,1.0667994645015824
18072.0,186,1,247.44,288,35,247.44,0,0,2,At Risk,Provide special discounts and win-back offers.,-0.6069972069642208,0.6457162715077404
18073.0,114,12,3877.52,3108,35,323.1266666666667,2,0,0,Occasional Customer,Send personalized emails and re-engagement campaigns.,0.7166776422582118,-0.31328997341448794
18074.0,374,1,489.6,190,35,489.6,0,0,2,At Risk,Provide special discounts and win-back offers.,-0.8678245873966183,1.9755795297118999
18075.0,23,10,2611.75,1464,35,261.175,2,0,0,Occasional Customer,Send personalized emails and re-engagement campaigns.,0.4663761615351325,-0.8754498964783516
18077.0,8,11,2633.01,1878,35,239.36454545454544,2,0,0,Occasional Customer,Send personalized emails and re-engagement campaigns.,0.5939074805516124,-1.0281690335902889
18078.0,217,2,336.13,145,35,168.065,0,0,2,At Risk,Provide special discounts and win-back offers.,-0.6243124449563997,0.7717893456165172
18079.0,45,4,3651.97,7432,35,912.9925,2,0,0,Occasional Customer,Send personalized emails and re-engagement campaigns.,0.9575525345178514,-0.07787460234473713
18080.0,19,2,1231.5,642,35,615.75,2,0,0,Occasional Customer,Send personalized emails and re-engagement campaigns.,-0.11116545201044913,-0.38926210082335244
18081.0,36,3,343.45,195,35,114.48333333333332,2,0,0,Occasional Customer,Send personalized emails and re-engagement campaigns.,-0.2753093482500205,-0.5045257976517837
18082.0,26,1,703.37,621,35,703.37,2,0,0,Occasional Customer,Send personalized emails and re-engagement campaigns.,-0.20189954891212666,-0.2669944878327653
18084.0,16,1,90.48,312,35,90.48,2,0,0,Occasional Customer,Send personalized emails and re-engagement campaigns.,-0.3642181123391203,-0.5379551813479021
18085.0,330,2,689.95,265,35,344.975,0,0,2,At Risk,Provide special discounts and win-back offers.,-0.741494800802299,1.5864511084823298
18086.0,274,1,101.34,106,35,101.34,0,0,2,At Risk,Provide special discounts and win-back offers.,-0.8053044108007996,1.1816215290301078
18087.0,98,2,4055.7199999999993,3907,35,2027.86,0,0,0,At Risk,Provide special discounts and win-back offers.,0.5603276220234186,0.6705975575953604
18088.0,61,1,167.67000000000002,109,35,167.67000000000002,2,0,0,Occasional Customer,Send personalized emails and re-engagement campaigns.,-0.44304462962113234,-0.21679441631512536
18092.0,2,11,9068.26,4252,35,824.3872727272727,2,0,0,Occasional Customer,Send personalized emails and re-engagement campaigns.,1.3959869789515529,-0.774345864503588
18093.0,93,4,2106.52,1392,35,526.63,2,0,0,Occasional Customer,Send personalized emails and re-engagement campaigns.,0.012128930066164596,-0.0086446034194818
18094.0,82,7,3017.3,2518,35,431.04285714285714,2,0,0,Occasional Customer,Send personalized emails and re-engagement campaigns.,0.3759180093763515,-0.24315329269557656
18095.0,313,2,580.0500000000001,419,35,290.02500000000003,0,0,2,At Risk,Provide special discounts and win-back offers.,-0.7123035323571955,1.4576691714631533
18096.0,12,3,911.15,825,35,303.71666666666664,2,0,0,Occasional Customer,Send personalized emails and re-engagement campaigns.,-0.09439516036732816,-0.5875101074037333
18097.0,8,6,2697.8,1686,35,449.6333333333334,2,0,0,Occasional Customer,Send personalized emails and re-engagement campaigns.,0.32464634786034985,-0.695674995486379
18099.0,127,1,168.31,149,35,168.31,0,0,0,At Risk,Provide special discounts and win-back offers.,-0.5456032835934321,0.2241518554840175
18101.0,11,2,223.65,88,35,111.825,2,0,0,Occasional Customer,Send personalized emails and re-engagement campaigns.,-0.31259976551593227,-0.6213575195869783
18102.0,1,60,259657.3,64124,35,4327.621666666667,3,-1,1,Frequent Buyer,Recommend complementary products and loyalty rewards.,28.036956836097836,1.3592728736342385
18104.0,37,1,754.64,362,35,754.64,2,0,0,Occasional Customer,Send personalized emails and re-engagement campaigns.,-0.2379638214351092,-0.18194182657699204
18105.0,38,1,113.48000000000002,46,35,113.48000000000002,2,0,0,Occasional Customer,Send personalized emails and re-engagement campaigns.,-0.42556954080208526,-0.38885828480028356
18106.0,330,1,430.7,128,35,430.7,0,0,2,At Risk,Provide special discounts and win-back offers.,-0.8171705345825687,1.662013973176445
18108.0,254,1,271.0,84,35,271.0,0,0,2,At Risk,Provide special discounts and win-back offers.,-0.7358361707700389,1.1028192924219067
18109.0,2,26,8052.97,4237,35,309.7296153846154,2,0,0,Occasional Customer,Send personalized emails and re-engagement campaigns.,2.1012127047797273,-1.7549050801949526
18110.0,20,1,236.3,86,35,236.3,2,0,0,Occasional Customer,Send personalized emails and re-engagement campaigns.,-0.36305102405943424,-0.4683274610867932
18112.0,12,2,352.69,255,35,176.345,2,0,0,Occasional Customer,Send personalized emails and re-engagement campaigns.,-0.27560271919005663,-0.5899925770917117
18113.0,369,1,76.32000000000001,72,35,76.32000000000001,0,0,2,At Risk,Provide special discounts and win-back offers.,-0.9696099199585717,1.8061905360198536
18114.0,290,1,220.1,55,35,220.1,0,0,2,At Risk,Provide special discounts and win-back offers.,-0.8096139410093444,1.3257816783429077
18116.0,68,8,1418.03,848,35,177.25375,2,0,0,Occasional Customer,Send personalized emails and re-engagement campaigns.,0.11534352879794868,-0.5177563589027072
18117.0,26,1,320.72,618,35,320.72,2,0,0,Occasional Customer,Send personalized emails and re-engagement campaigns.,-0.29132054309205135,-0.39096506357257427
18118.0,11,26,5653.82,2882,35,217.45461538461535,2,0,0,Occasional Customer,Send personalized emails and re-engagement campaigns.,1.7576729837979073,-1.773839357694532
18119.0,368,1,181.12,125,35,181.12,0,0,2,At Risk,Provide special discounts and win-back offers.,-0.9374275550934866,1.8344604332656025
18120.0,214,1,111.15,31,35,111.15,0,0,2,At Risk,Provide special discounts and win-back offers.,-0.714141343161475,0.7833983487687934
18121.0,149,2,673.1,450,35,336.55,0,0,0,At Risk,Provide special discounts and win-back offers.,-0.42808028099171297,0.3804973462186524
18122.0,8,6,1826.21,1234,35,304.36833333333334,2,0,0,Occasional Customer,Send personalized emails and re-engagement campaigns.,0.19109027694241595,-0.7586382932913205
18123.0,24,2,589.4399999999999,594,35,294.72,2,0,0,Occasional Customer,Send personalized emails and re-engagement campaigns.,-0.22046932930860136,-0.46406641340594224
18125.0,30,4,1142.99,804,35,285.7475,2,0,0,Occasional Customer,Send personalized emails and re-engagement campaigns.,-0.05677693213883261,-0.5250832315059925
18126.0,61,1,206.83,144,35,206.83,2,0,0,Occasional Customer,Send personalized emails and re-engagement campaigns.,-0.4298607005644451,-0.20345358429878946
18127.0,19,3,348.73,188,35,116.24333333333334,2,0,0,Occasional Customer,Send personalized emails and re-engagement campaigns.,-0.24783196905511193,-0.6173814129877341
18129.0,243,1,112.55,48,35,112.55,0,0,2,At Risk,Provide special discounts and win-back offers.,-0.7590114910950845,0.9774989161558311
18130.0,15,3,1059.39,824,35,353.13000000000005,2,0,0,Occasional Customer,Send personalized emails and re-engagement campaigns.,-0.08146652315052133,-0.5505206670754145
18133.0,212,1,931.5,1350,35,931.5,0,0,2,At Risk,Provide special discounts and win-back offers.,-0.3666098820013575,1.0605779186786617
18135.0,29,5,681.9100000000001,349,35,136.382,2,0,0,Occasional Customer,Send personalized emails and re-engagement campaigns.,-0.1057783707515592,-0.6457718467420991
18136.0,63,3,784.33,379,35,261.4433333333333,2,0,0,Occasional Customer,Send personalized emails and re-engagement campaigns.,-0.2445302964429125,-0.2704779701549764
18138.0,295,1,152.65,38,35,152.65,0,0,2,At Risk,Provide special discounts and win-back offers.,-0.8354239614137908,1.3369510934125155
18139.0,18,6,8438.34,5557,35,1406.39,2,0,0,Occasional Customer,Send personalized emails and re-engagement campaigns.,1.2919360248201126,-0.1974683259476074
18142.0,157,2,1019.52,1276,35,509.76,0,0,2,At Risk,Provide special discounts and win-back offers.,-0.29350408662595373,0.5072518330566661
18143.0,117,2,1000.16,570,35,500.08,2,0,0,Occasional Customer,Send personalized emails and re-engagement campaigns.,-0.3133862257000965,0.2240557250439179
18144.0,8,12,2888.75,1343,35,240.72916666666663,2,0,0,Occasional Customer,Send personalized emails and re-engagement campaigns.,0.6058553019896784,-1.0891173736245694
18145.0,13,4,2861.55,2625,35,715.3875,2,0,0,Occasional Customer,Send personalized emails and re-engagement campaigns.,0.3663203549385987,-0.45182544760010557
18146.0,141,2,160.35000000000002,153,35,80.17500000000001,0,0,0,At Risk,Provide special discounts and win-back offers.,-0.5259296066900896,0.23593307007605097
18147.0,46,2,179.33999999999995,203,35,89.66999999999999,2,0,0,Occasional Customer,Send personalized emails and re-engagement campaigns.,-0.3627610918087373,-0.3932651004755823
18149.0,51,3,612.0799999999999,310,35,204.02666666666664,2,0,0,Occasional Customer,Send personalized emails and re-engagement campaigns.,-0.2538592668635032,-0.3715394809914142
18150.0,32,3,566.58,332,35,188.86,2,0,0,Occasional Customer,Send personalized emails and re-engagement campaigns.,-0.22589787750845697,-0.5030079193834273
18151.0,135,2,653.35,355,35,326.675,0,0,0,At Risk,Provide special discounts and win-back offers.,-0.4192906725695601,0.28207832003009503
18154.0,3,2,399.19,255,35,199.595,2,0,0,Occasional Customer,Send personalized emails and re-engagement campaigns.,-0.2540400813291306,-0.6422244849045741
18155.0,75,3,371.62,266,35,123.87333333333332,2,0,0,Occasional Customer,Send personalized emails and re-engagement campaigns.,-0.3270884846657666,-0.2399642966471965
18156.0,13,2,734.94,301,35,367.47,2,0,0,Occasional Customer,Send personalized emails and re-engagement campaigns.,-0.2149721403804362,-0.5186187732401106
18158.0,9,2,453.4,354,35,226.7,2,0,0,Occasional Customer,Send personalized emails and re-engagement campaigns.,-0.244221261236434,-0.5913063698104847
18159.0,301,1,530.15,139,35,530.15,0,0,2,At Risk,Provide special discounts and win-back offers.,-0.7455700920883783,1.5010994695375108
18160.0,57,2,638.0600000000001,294,35,319.03000000000003,2,0,0,Occasional Customer,Send personalized emails and re-engagement campaigns.,-0.3017809792332831,-0.24160738530418108
18161.0,15,5,1618.69,812,35,323.738,2,0,0,Occasional Customer,Send personalized emails and re-engagement campaigns.,0.06312803403645832,-0.6620655997689373
18164.0,37,1,399.65,184,35,399.65,2,0,0,Occasional Customer,Send personalized emails and re-engagement campaigns.,-0.3412880201617025,-0.3002532249332908
18165.0,177,1,302.46000000000004,254,35,302.46000000000004,0,0,2,At Risk,Provide special discounts and win-back offers.,-0.5835023031248122,0.6028947342275734
18167.0,23,3,1384.86,382,35,461.62000000000006,2,0,0,Occasional Customer,Send personalized emails and re-engagement campaigns.,-0.10650227770906265,-0.4681747121359994
18168.0,176,6,1169.94,594,35,194.99,0,0,0,At Risk,Provide special discounts and win-back offers.,-0.21757715659599353,0.30826798095754276
18169.0,61,1,202.65,61,35,202.65,2,0,0,Occasional Customer,Send personalized emails and re-engagement campaigns.,-0.44048154847631127,-0.20637139132485297
18170.0,33,3,980.31,409,35,326.77,2,0,0,Occasional Customer,Send personalized emails and re-engagement campaigns.,-0.16854707204047223,-0.447419253640497
18171.0,59,5,1231.31,481,35,246.262,2,0,0,Occasional Customer,Send personalized emails and re-engagement campaigns.,-0.08509291104872127,-0.40322817820028967
18172.0,15,20,7561.68,3184,35,378.084,2,0,0,Occasional Customer,Send personalized emails and re-engagement campaigns.,1.593486881941246,-1.3482507510057604
18173.0,87,4,2106.84,1220,35,526.71,2,0,0,Occasional Customer,Send personalized emails and re-engagement campaigns.,0.0019297831156433543,-0.05185636304974012
18174.0,7,1,104.0,50,35,104.0,2,0,0,Occasional Customer,Send personalized emails and re-engagement campaigns.,-0.376885966784149,-0.5985125340347827
18176.0,358,1,476.35,283,35,476.35,0,0,2,At Risk,Provide special discounts and win-back offers.,-0.8340726736588383,1.8663783375665233
18177.0,31,6,1341.42,710,35,223.57,2,0,0,Occasional Customer,Send personalized emails and re-engagement campaigns.,0.047706476530537,-0.6454683236382832
18178.0,129,4,1590.81,983,35,397.7025,2,0,0,Occasional Customer,Send personalized emails and re-engagement campaigns.,-0.14911850928852258,0.1779460603082671
18179.0,9,6,1793.17,1360,35,298.8616666666667,2,0,0,Occasional Customer,Send personalized emails and re-engagement campaigns.,0.20103863467364858,-0.75166118222543
18180.0,5,6,1843.75,1721,35,307.2916666666667,2,0,0,Occasional Customer,Send personalized emails and re-engagement campaigns.,0.25420892820824037,-0.7683641093290322
18181.0,24,1,382.8,146,35,382.8,2,0,0,Occasional Customer,Send personalized emails and re-engagement campaigns.,-0.32848128857313885,-0.39308966817343877
18183.0,227,2,632.07,371,35,316.035,0,0,2,At Risk,Provide special discounts and win-back offers.,-0.5702484801882091,0.8921385209989263
18184.0,15,1,49.8,60,35,49.8,2,0,0,Occasional Customer,Send personalized emails and re-engagement campaigns.,-0.4013531054043655,-0.5625441939756357
18185.0,249,1,304.25,183,35,304.25,0,0,2,At Risk,Provide special discounts and win-back offers.,-0.7084555385854024,1.0821201942242635
18188.0,15,3,2001.04,1168,35,667.0133333333333,2,0,0,Occasional Customer,Send personalized emails and re-engagement campaigns.,0.07238127094261038,-0.43599345434631886
18189.0,78,2,1090.24,566,35,545.12,2,0,0,Occasional Customer,Send personalized emails and re-engagement campaigns.,-0.23700153537383978,-0.020966437739777636
18190.0,192,2,284.46000000000004,140,35,142.23000000000002,0,0,2,At Risk,Provide special discounts and win-back offers.,-0.5919207784974909,0.5964045328845802
18191.0,262,1,207.8,140,35,207.8,0,0,2,At Risk,Provide special discounts and win-back offers.,-0.7570513113740337,1.1367400527226066
18192.0,72,1,957.97,339,35,957.97,2,0,0,Occasional Customer,Send personalized emails and re-engagement campaigns.,-0.2502385317164627,0.11679481707994997
18193.0,165,1,243.76,124,35,243.76,0,0,2,At Risk,Provide special discounts and win-back offers.,-0.592757919867749,0.5014385907993878
18194.0,82,1,973.84,632,35,973.84,2,0,0,Occasional Customer,Send personalized emails and re-engagement campaigns.,-0.2287525637283919,0.1941202297385447
18196.0,95,2,689.13,433,35,344.565,2,0,0,Occasional Customer,Send personalized emails and re-engagement campaigns.,-0.33983206045934844,0.022866292488987732
18198.0,4,17,5425.56,4074,35,319.1505882352941,2,0,0,Occasional Customer,Send personalized emails and re-engagement campaigns.,1.3942632367515009,-1.283364722377884
18200.0,106,1,163.8,111,35,163.8,2,0,0,Occasional Customer,Send personalized emails and re-engagement campaigns.,-0.516911085738398,0.08197995177353833
18202.0,200,3,1396.99,581,35,465.66333333333336,0,0,2,At Risk,Provide special discounts and win-back offers.,-0.369816459168401,0.7169276564496866
18203.0,157,1,160.42000000000002,43,35,160.42000000000002,0,0,2,At Risk,Provide special discounts and win-back offers.,-0.6085599567820948,0.4195924527121807
18204.0,71,3,1993.7,1200,35,664.5666666666667,2,0,0,Occasional Customer,Send personalized emails and re-engagement campaigns.,-0.015877562866246052,-0.06291180986626273
18205.0,36,2,517.36,192,35,258.68,2,0,0,Occasional Customer,Send personalized emails and re-engagement campaigns.,-0.2974483297804202,-0.40368332129406403
18209.0,29,1,139.10000000000002,58,35,139.10000000000002,2,0,0,Occasional Customer,Send personalized emails and re-engagement campaigns.,-0.4035712981741917,-0.44033355991770307
18210.0,2,6,2621.38,1398,35,436.8966666666667,2,0,0,Occasional Customer,Send personalized emails and re-engagement campaigns.,0.2938258639868168,-0.7458748865384944
18211.0,26,5,600.07,359,35,120.014,2,0,0,Occasional Customer,Send personalized emails and re-engagement campaigns.,-0.1078010325559176,-0.6715505670585935
18212.0,326,1,248.42,101,35,248.42,0,0,2,At Risk,Provide special discounts and win-back offers.,-0.8562331583836436,1.5758114048978673
18213.0,237,1,232.48,232,35,232.48,0,0,2,At Risk,Provide special discounts and win-back offers.,-0.6999467722603305,0.9798049545246276
18215.0,89,1,299.34000000000003,118,35,299.34000000000003,2,0,0,Occasional Customer,Send personalized emails and re-engagement campaigns.,-0.45689415195117944,0.012674443878656235
18216.0,31,1,481.75,200,35,481.75,2,0,0,Occasional Customer,Send personalized emails and re-engagement campaigns.,-0.3105574255473834,-0.31336379977056844
18217.0,29,2,621.75,491,35,310.875,2,0,0,Occasional Customer,Send personalized emails and re-engagement campaigns.,-0.235764685766511,-0.42727913986331495
18218.0,211,2,662.08,584,35,331.04,0,0,2,At Risk,Provide special discounts and win-back offers.,-0.5149956299899378,0.7945016158708184
18219.0,3,10,2069.77,885,35,206.977,2,0,0,Occasional Customer,Send personalized emails and re-engagement campaigns.,0.38729073363763217,-1.0422135443579315
18220.0,227,1,305.28000000000003,288,35,305.28000000000003,0,0,2,At Risk,Provide special discounts and win-back offers.,-0.6602249504552525,0.9377708071817644
18221.0,22,5,1041.61,791,35,208.322,2,0,0,Occasional Customer,Send personalized emails and re-engagement campaigns.,-0.007567713585334093,-0.6578774832063052
18222.0,93,1,443.0,335,35,443.0,2,0,0,Occasional Customer,Send personalized emails and re-engagement campaigns.,-0.4047359788118198,0.08995132931501053
18223.0,5,14,6484.54,2948,35,463.18142857142857,2,0,0,Occasional Customer,Send personalized emails and re-engagement campaigns.,1.1828774264110546,-1.0802481949877365
18224.0,264,1,158.95000000000002,69,35,158.95000000000002,0,0,2,At Risk,Provide special discounts and win-back offers.,-0.7799287063857264,1.1329157353847945
18225.0,3,12,5509.12,3244,35,459.0933333333333,2,0,0,Occasional Customer,Send personalized emails and re-engagement campaigns.,1.0418879991037435,-0.9914262608251493
18226.0,44,11,5228.05,3466,35,475.2772727272728,2,0,0,Occasional Customer,Send personalized emails and re-engagement campaigns.,0.9281641395501037,-0.6578067912420481
18227.0,218,1,93.75,21,35,93.75,0,0,2,At Risk,Provide special discounts and win-back offers.,-0.7258605568037362,0.8042409968463305
18228.0,57,2,779.9,238,35,389.95,2,0,0,Occasional Customer,Send personalized emails and re-engagement campaigns.,-0.2871729176107845,-0.2189737163060465
18229.0,12,20,7276.900000000001,2488,35,363.845,2,0,0,Occasional Customer,Send personalized emails and re-engagement campaigns.,1.4965682552487383,-1.3887354347661114
18230.0,9,7,2810.2000000000003,1316,35,401.4571428571429,2,0,0,Occasional Customer,Send personalized emails and re-engagement campaigns.,0.3365192804581925,-0.7638463480027347
18231.0,192,5,2083.27,821,35,416.654,0,0,0,At Risk,Provide special discounts and win-back offers.,-0.17795623987882134,0.5519419130966192
18232.0,82,4,592.97,302,35,148.2425,2,0,0,Occasional Customer,Send personalized emails and re-engagement campaigns.,-0.2585295101392716,-0.23662210360411398
18233.0,326,1,440.0,4,35,440.0,0,0,2,At Risk,Provide special discounts and win-back offers.,-0.822912846125782,1.6360229692639638
18235.0,72,3,1796.48,1578,35,598.8266666666667,2,0,0,Occasional Customer,Send personalized emails and re-engagement campaigns.,0.0025868936432120954,-0.07175058844030793
18236.0,30,6,882.24,403,35,147.04,2,0,0,Occasional Customer,Send personalized emails and re-engagement campaigns.,-0.029033977672201134,-0.686603691339609
18237.0,3,5,987.1,622,35,197.42,2,0,0,Occasional Customer,Send personalized emails and re-engagement campaigns.,-0.0016779379077031713,-0.7916997294695862
18239.0,219,5,1561.61,795,35,312.322,0,0,2,At Risk,Provide special discounts and win-back offers.,-0.2763043001124688,0.6934059262038348
18240.0,46,1,422.58,126,35,422.58,2,0,0,Occasional Customer,Send personalized emails and re-engagement campaigns.,-0.3573319141167497,-0.2339228429977795
18241.0,10,17,2073.09,1051,35,121.9464705882353,2,0,0,Occasional Customer,Send personalized emails and re-engagement campaigns.,0.782157270409855,-1.3963602254625171
18242.0,72,4,2232.49,1017,35,558.1225000000001,2,0,0,Occasional Customer,Send personalized emails and re-engagement campaigns.,0.016168950106716224,-0.1445457255510366
18245.0,7,7,2567.06,1788,35,366.7228571428572,2,0,0,Occasional Customer,Send personalized emails and re-engagement campaigns.,0.37300834154996976,-0.7816564703426423
18246.0,24,2,596.1,166,35,298.05,2,0,0,Occasional Customer,Send personalized emails and re-engagement campaigns.,-0.2692280729113299,-0.4710200667306745
18248.0,123,2,804.02,511,35,402.01,0,0,0,At Risk,Provide special discounts and win-back offers.,-0.3592058205484863,0.23018468646855583
18249.0,17,1,95.34,128,35,95.34,2,0,0,Occasional Customer,Send personalized emails and re-engagement campaigns.,-0.38610141717226415,-0.5331825260169624
18250.0,310,1,349.27,199,35,349.27,0,0,2,At Risk,Provide special discounts and win-back offers.,-0.7953401467285554,1.5036535900655803
18251.0,87,1,4314.72,7824,35,4314.72,0,0,0,At Risk,Provide special discounts and win-back offers.,1.3767867224252708,1.4448720861172408
18252.0,51,2,526.67,239,35,263.335,2,0,0,Occasional Customer,Send personalized emails and re-engagement campaigns.,-0.3149983649121473,-0.30124605456091674
18255.0,89,1,103.3,74,35,103.3,2,0,0,Occasional Customer,Send personalized emails and re-engagement campaigns.,-0.5076423527224903,-0.051638650300158837
18257.0,39,8,2337.63,1041,35,292.20375,2,0,0,Occasional Customer,Send personalized emails and re-engagement campaigns.,0.2639992474072093,-0.6620194716695448
18259.0,25,3,2338.6000000000004,714,35,779.5333333333334,2,0,0,Occasional Customer,Send personalized emails and re-engagement campaigns.,0.04415928749674829,-0.33915356451058504
18260.0,173,6,2643.2000000000003,1478,35,440.53333333333336,0,0,0,At Risk,Provide special discounts and win-back offers.,0.02700047282502897,0.39695741869856044
18261.0,43,2,324.24,146,35,162.12,2,0,0,Occasional Customer,Send personalized emails and re-engagement campaigns.,-0.3429338174015851,-0.3901385463816077
18262.0,140,1,149.48,182,35,149.48,0,0,0,At Risk,Provide special discounts and win-back offers.,-0.5672967083620923,0.30533977026107245
18263.0,26,3,1213.16,1468,35,404.3866666666666,2,0,0,Occasional Customer,Send personalized emails and re-engagement campaigns.,-0.005908042148313932,-0.447409709629204
18265.0,72,2,801.51,311,35,400.755,2,0,0,Occasional Customer,Send personalized emails and re-engagement campaigns.,-0.2998694876777547,-0.1139922100775809
18268.0,134,1,25.5,2,35,25.5,0,0,0,At Risk,Provide special discounts and win-back offers.,-0.6073197301733702,0.22180029030728904
18269.0,366,1,168.6,76,35,168.6,0,0,2,At Risk,Provide special discounts and win-back offers.,-0.9427843918409073,1.816149742231653
18270.0,38,2,283.15,101,35,141.575,2,0,0,Occasional Customer,Send personalized emails and re-engagement campaigns.,-0.34614902072945286,-0.43118135024706467
18272.0,3,6,3078.58,2050,35,513.0966666666667,2,0,0,Occasional Customer,Send personalized emails and re-engagement campaigns.,0.4104847337325178,-0.6983614391080392
18273.0,2,3,204.0,80,35,68.0,2,0,0,Occasional Customer,Send personalized emails and re-engagement campaigns.,-0.2502335023155562,-0.7493524907541947
18274.0,30,1,175.92,88,35,175.92,2,0,0,Occasional Customer,Send personalized emails and re-engagement campaigns.,-0.39313988746759965,-0.42117827923782897
18276.0,44,1,335.86,186,35,335.86,2,0,0,Occasional Customer,Send personalized emails and re-engagement campaigns.,-0.3672907821779285,-0.2742076346606222
18277.0,58,1,110.38,68,35,110.38,2,0,0,Occasional Customer,Send personalized emails and re-engagement campaigns.,-0.4562663749028541,-0.2561187104663059
18278.0,74,1,173.9,66,35,173.9,2,0,0,Occasional Customer,Send personalized emails and re-engagement campaigns.,-0.4677388176301551,-0.12892356215346143
18280.0,278,1,180.6,45,35,180.6,0,0,2,At Risk,Provide special discounts and win-back offers.,-0.8004515495046215,1.2328045782775021
18281.0,181,1,80.82,54,35,80.82,0,0,2,At Risk,Provide special discounts and win-back offers.,-0.6648493886567379,0.5540174008817116
18282.0,8,2,178.05,103,35,89.025,2,0,0,Occasional Customer,Send personalized emails and re-engagement campaigns.,-0.31276533470464774,-0.6486899230009129
18283.0,4,16,2094.88,1397,35,130.93,2,0,0,Occasional Customer,Send personalized emails and re-engagement campaigns.,0.7777721609422708,-1.372897837974842
18287.0,43,3,1837.28,1586,35,612.4266666666666,2,0,0,Occasional Customer,Send personalized emails and re-engagement campaigns.,0.055622322401118904,-0.2602452848935688
